timestamp,machine_id,machine_type,vibration_rms,temperature_motor,current_phase_avg,pressure_level,rpm,operating_mode,hours_since_maintenance,ambient_temp,failure_within_24h
2024-01-01 00:00:00,4,CNC,0.72,45.67,4.64,20.1,866.5,idle,140.73,9.0,0
2024-01-01 00:05:00,4,CNC,0.79,41.12,4.95,21.4,869.4,idle,140.81,14.8,0
2024-01-01 00:17:00,4,CNC,0.97,44.67,4.59,24.3,913.7,idle,141.01,17.8,0
2024-01-01 00:44:00,4,CNC,1.84,56.72,13.47,64.1,3031.7,normal,141.46,16.0,0
2024-01-01 00:49:00,4,CNC,3.16,64.15,11.23,60.6,3087.2,normal,141.55,9.7,0
2024-01-01 01:19:00,4,CNC,0.84,42.08,5.06,21.7,868.7,idle,142.05,17.7,0
2024-01-01 01:23:00,4,CNC,0.96,41.62,4.1,21.6,892.5,idle,142.11,10.5,0
2024-01-01 01:26:00,4,CNC,1.25,44.72,4.94,25.1,866.1,idle,142.16,8.7,0
2024-01-01 01:52:00,4,CNC,0.95,42.35,5.02,22.6,858.0,idle,142.6,14.3,0
2024-01-01 01:54:00,4,CNC,2.8,53.27,10.65,65.6,2996.0,normal,142.63,11.2,0
2024-01-01 02:18:00,4,CNC,0.77,41.84,4.01,22.8,880.0,idle,143.03,9.3,0
2024-01-01 02:40:00,4,CNC,0.77,40.54,4.64,24.7,900.1,idle,143.4,10.0,0
2024-01-01 02:50:00,4,CNC,0.96,40.1,5.45,46.0,919.3,idle,143.56,14.8,0
2024-01-01 02:59:00,4,CNC,0.78,44.72,4.53,22.1,909.0,idle,143.71,9.6,0
2024-01-01 03:27:00,4,CNC,0.92,49.92,4.92,22.8,856.3,idle,144.18,15.9,0
2024-01-01 03:31:00,4,CNC,1.0,45.52,5.05,46.0,888.3,idle,144.25,14.3,0
2024-01-01 03:54:00,4,CNC,0.98,41.66,4.44,20.9,905.5,idle,144.63,8.3,0
2024-01-01 04:00:00,4,CNC,1.89,51.22,11.44,71.5,2921.9,normal,144.73,11.6,0
2024-01-01 04:15:00,4,CNC,0.71,49.57,5.43,21.7,854.3,idle,144.98,16.6,0
2024-01-01 04:27:00,4,CNC,0.87,42.37,4.39,22.9,879.4,idle,145.18,15.3,0
2024-01-01 04:52:00,4,CNC,0.79,48.08,4.72,23.9,863.2,idle,145.6,13.0,0
2024-01-01 05:20:00,4,CNC,0.86,43.18,4.79,24.7,903.8,idle,146.06,16.3,0
2024-01-01 05:38:00,4,CNC,0.81,46.94,5.41,23.8,860.4,idle,146.36,14.2,0
2024-01-01 05:57:00,4,CNC,2.75,51.57,15.17,71.6,2915.5,normal,146.68,16.0,0
2024-01-01 06:13:00,4,CNC,1.88,55.71,15.37,52.8,2942.4,normal,146.95,11.8,0
2024-01-01 06:17:00,4,CNC,3.1,50.21,12.28,74.0,2938.9,normal,147.01,9.3,0
2024-01-01 06:35:00,4,CNC,2.04,50.28,13.46,87.0,2831.9,normal,147.31,9.2,0
2024-01-01 06:44:00,4,CNC,2.1,55.55,14.76,62.2,3064.6,normal,147.46,13.4,0
2024-01-01 06:46:00,4,CNC,1.88,64.11,13.14,77.0,2910.3,normal,147.5,17.4,0
2024-01-01 07:14:00,4,CNC,2.89,52.5,9.82,67.0,3056.1,normal,147.96,15.0,0
2024-01-01 07:18:00,4,CNC,0.93,45.17,4.86,20.8,908.9,idle,148.03,9.6,0
2024-01-01 07:29:00,4,CNC,2.9,59.85,12.53,88.7,3063.7,normal,148.21,13.8,0
2024-01-01 07:58:00,4,CNC,2.7,55.58,13.52,73.9,2918.3,normal,148.7,14.1,0
2024-01-01 08:09:00,4,CNC,2.23,56.11,13.23,68.3,2879.1,normal,148.88,8.6,0
2024-01-01 08:33:00,4,CNC,0.93,45.31,4.1,22.2,911.9,idle,149.28,13.8,0
2024-01-01 08:43:00,4,CNC,0.93,43.23,5.41,20.5,917.3,idle,149.45,8.3,0
2024-01-01 08:58:00,4,CNC,2.14,50.14,12.32,65.6,2961.7,normal,149.7,11.3,0
2024-01-01 09:24:00,4,CNC,2.92,62.64,12.11,68.3,2844.4,normal,150.13,10.0,0
2024-01-01 09:52:00,4,CNC,0.71,46.41,4.1,24.4,887.7,idle,150.6,17.2,0
2024-01-01 10:15:00,4,CNC,3.36,67.17,19.83,101.6,4039.9,peak,150.98,8.6,0
2024-01-01 10:32:00,4,CNC,2.45,52.23,14.2,59.1,3021.6,normal,151.26,17.5,0
2024-01-01 11:02:00,4,CNC,2.47,56.81,15.03,78.9,2809.9,normal,151.76,16.4,0
2024-01-01 11:29:00,4,CNC,2.21,63.06,9.62,72.7,3018.3,normal,152.21,17.8,0
2024-01-01 11:44:00,4,CNC,2.67,61.41,14.22,78.3,3046.5,normal,152.46,14.1,0
2024-01-01 11:48:00,4,CNC,0.89,44.02,4.71,24.3,911.3,idle,152.53,12.8,0
2024-01-01 11:54:00,4,CNC,2.18,55.14,15.56,74.0,2853.4,normal,152.63,8.4,0
2024-01-01 11:57:00,4,CNC,2.73,64.87,14.87,80.3,2861.8,normal,152.68,10.3,0
2024-01-01 12:10:00,4,CNC,3.03,57.94,15.36,64.5,2816.5,normal,152.9,11.0,0
2024-01-01 12:39:00,4,CNC,0.84,50.21,5.14,25.7,896.6,idle,153.38,10.3,0
2024-01-01 12:42:00,4,CNC,3.05,56.94,14.72,84.0,3006.9,normal,153.43,15.8,0
2024-01-01 12:50:00,4,CNC,2.52,59.55,14.28,61.6,3035.5,normal,153.56,16.6,0
2024-01-01 13:13:00,4,CNC,0.99,44.88,5.16,24.4,893.3,idle,153.95,8.2,0
2024-01-01 13:30:00,4,CNC,2.58,63.49,12.76,54.3,3040.9,normal,154.23,15.7,0
2024-01-01 13:54:00,4,CNC,2.75,63.08,10.75,53.2,3064.6,normal,154.63,15.0,0
2024-01-01 14:13:00,4,CNC,2.02,62.53,15.43,78.9,2822.7,normal,154.95,12.4,0
2024-01-01 14:43:00,4,CNC,2.75,63.82,12.85,67.7,2911.9,normal,155.45,17.0,0
2024-01-01 14:56:00,4,CNC,1.93,63.89,15.93,89.9,2952.7,normal,155.66,12.4,0
2024-01-01 14:59:00,4,CNC,2.87,53.56,14.56,76.7,3046.4,normal,155.71,8.9,0
2024-01-01 15:01:00,4,CNC,2.98,64.61,15.95,85.0,2796.9,normal,155.75,15.5,0
2024-01-01 15:31:00,4,CNC,0.96,46.68,4.85,20.3,889.2,idle,156.25,13.4,0
2024-01-01 15:34:00,4,CNC,3.49,66.57,26.35,108.7,4010.1,peak,156.3,8.1,0
2024-01-01 15:59:00,4,CNC,2.45,56.51,11.82,66.2,2804.1,normal,156.71,8.6,0
2024-01-01 16:02:00,4,CNC,3.19,59.31,11.05,65.4,2933.2,normal,156.76,9.8,0
2024-01-01 16:05:00,4,CNC,2.57,51.23,16.78,62.5,2775.3,normal,156.81,14.0,0
2024-01-01 16:35:00,4,CNC,1.93,59.49,11.22,53.6,2879.5,normal,157.31,10.9,0
2024-01-01 16:56:00,4,CNC,2.7,52.53,12.52,67.9,2811.7,normal,157.66,14.6,0
2024-01-01 17:19:00,4,CNC,2.54,52.19,10.69,71.8,2835.2,normal,158.05,10.5,0
2024-01-01 17:38:00,4,CNC,1.95,57.32,16.94,79.5,3000.7,normal,158.36,15.1,0
2024-01-01 18:06:00,4,CNC,3.06,65.63,15.96,75.1,2864.2,normal,158.83,17.2,0
2024-01-01 18:15:00,4,CNC,2.08,61.36,17.67,69.8,2968.9,normal,158.98,11.0,0
2024-01-01 18:28:00,4,CNC,0.86,45.42,5.13,46.0,861.2,idle,159.2,10.9,0
2024-01-01 18:50:00,4,CNC,2.89,64.27,17.01,60.6,3015.3,normal,159.56,16.9,0
2024-01-01 19:02:00,4,CNC,0.81,44.29,5.7,21.8,838.4,idle,159.76,13.0,0
2024-01-01 19:05:00,4,CNC,2.35,62.02,13.03,75.9,2943.9,normal,159.81,12.1,0
2024-01-01 19:26:00,4,CNC,2.87,64.72,13.86,46.0,2840.9,normal,160.16,8.8,0
2024-01-01 19:32:00,4,CNC,0.84,48.42,4.53,21.9,887.2,idle,160.26,13.2,0
2024-01-01 19:43:00,4,CNC,0.91,48.63,5.9,24.7,880.1,idle,160.45,10.1,0
2024-01-01 19:56:00,4,CNC,0.84,50.21,5.5,21.2,852.9,idle,160.66,15.9,0
2024-01-01 19:59:00,4,CNC,3.81,75.07,22.47,96.2,3981.9,peak,160.71,15.0,0
2024-01-01 20:21:00,4,CNC,0.99,44.17,5.22,24.0,854.6,idle,161.08,17.5,0
2024-01-01 20:23:00,4,CNC,3.08,53.03,11.13,59.9,2824.3,normal,161.11,8.3,0
2024-01-01 20:33:00,4,CNC,2.0,52.44,16.5,58.2,3007.4,normal,161.28,11.0,0
2024-01-01 20:37:00,4,CNC,2.36,61.52,12.57,61.1,2907.3,normal,161.35,16.5,0
2024-01-01 20:51:00,4,CNC,2.63,63.03,16.59,77.5,2868.8,normal,161.58,16.6,0
2024-01-01 21:05:00,4,CNC,3.11,60.88,18.39,83.1,2748.4,normal,161.81,10.2,0
2024-01-01 21:19:00,4,CNC,2.29,60.16,16.43,72.9,2964.1,normal,162.05,12.3,0
2024-01-01 21:22:00,4,CNC,0.8,43.42,4.73,23.4,876.9,idle,162.1,8.3,0
2024-01-01 21:48:00,4,CNC,2.31,60.86,11.47,55.8,2935.7,normal,162.53,8.3,0
2024-01-01 22:09:00,4,CNC,0.83,48.42,6.15,25.1,839.9,idle,162.88,11.4,0
2024-01-01 22:37:00,4,CNC,2.54,62.8,17.13,81.8,2791.3,normal,163.35,16.1,0
2024-01-01 22:57:00,4,CNC,0.78,47.75,6.05,21.9,833.6,idle,163.68,8.3,0
2024-01-01 23:22:00,4,CNC,0.94,44.92,5.06,20.9,847.0,idle,164.1,12.3,0
2024-01-01 23:37:00,4,CNC,0.9,45.54,4.82,20.6,844.8,idle,164.35,17.3,0
2024-01-02 00:03:00,4,CNC,0.92,43.02,5.82,20.7,838.5,idle,164.78,9.1,0
2024-01-02 00:17:00,4,CNC,2.09,53.08,16.73,69.6,2954.6,normal,165.01,17.3,0
2024-01-02 00:28:00,4,CNC,1.99,54.27,13.9,81.1,2800.6,normal,165.2,17.4,0
2024-01-02 00:44:00,4,CNC,0.84,45.17,5.0,25.6,859.8,idle,165.46,15.2,0
2024-01-02 01:10:00,4,CNC,0.97,48.8,5.83,20.5,865.2,idle,165.9,9.6,0
2024-01-02 01:24:00,4,CNC,0.77,46.4,6.05,24.7,867.6,idle,166.13,17.9,0
2024-01-02 01:33:00,4,CNC,2.46,43.77,5.55,20.3,869.5,idle,166.28,8.2,0
2024-01-02 02:00:00,4,CNC,1.02,45.0,5.1,22.9,877.8,idle,166.73,10.7,0
2024-01-02 02:09:00,4,CNC,0.9,42.85,6.76,25.0,828.5,idle,166.88,11.0,0
2024-01-02 02:29:00,4,CNC,1.01,46.95,5.67,22.8,875.2,idle,167.21,14.2,0
2024-01-02 02:42:00,4,CNC,0.93,43.06,6.79,20.9,868.7,idle,167.43,10.5,0
2024-01-02 03:04:00,4,CNC,0.92,44.41,5.34,25.2,846.0,idle,167.8,14.1,0
2024-01-02 03:09:00,4,CNC,0.93,47.59,6.39,22.9,836.9,idle,167.88,14.6,0
2024-01-02 03:37:00,4,CNC,0.84,51.22,5.93,21.3,879.4,idle,168.35,9.8,0
2024-01-02 03:53:00,4,CNC,0.97,43.23,6.97,24.2,826.7,idle,168.61,8.1,0
2024-01-02 03:56:00,4,CNC,2.2,63.07,18.47,61.1,2761.5,normal,168.66,12.8,0
2024-01-02 04:25:00,4,CNC,0.82,48.74,5.44,20.6,860.4,idle,169.15,12.1,0
2024-01-02 04:45:00,4,CNC,2.99,60.32,15.2,68.4,2793.4,normal,169.48,10.8,0
2024-01-02 05:06:00,4,CNC,1.03,50.55,5.55,22.3,849.8,idle,169.83,17.5,0
2024-01-02 05:22:00,4,CNC,0.91,50.21,6.38,46.0,854.3,idle,170.1,15.7,0
2024-01-02 05:32:00,4,CNC,1.0,50.46,6.69,25.7,830.3,idle,170.26,12.9,0
2024-01-02 05:41:00,4,CNC,0.81,51.86,6.69,25.6,816.4,idle,170.41,9.5,0
2024-01-02 06:02:00,4,CNC,0.92,44.48,6.2,20.9,819.9,idle,170.76,10.3,0
2024-01-02 06:24:00,4,CNC,1.89,62.54,15.49,56.0,2762.6,normal,171.13,14.8,0
2024-01-02 06:53:00,4,CNC,2.12,67.3,15.25,64.7,2906.8,normal,171.61,11.2,0
2024-01-02 07:12:00,4,CNC,0.93,50.32,6.55,25.7,822.7,idle,171.93,8.6,0
2024-01-02 07:36:00,4,CNC,4.15,75.42,31.75,104.9,3797.5,peak,172.33,17.8,0
2024-01-02 07:38:00,4,CNC,0.75,45.48,7.23,23.2,833.2,idle,172.36,16.6,0
2024-01-02 07:51:00,4,CNC,1.25,61.2,12.78,80.0,2868.8,normal,172.58,8.4,0
2024-01-02 08:00:00,4,CNC,2.12,67.71,14.64,69.4,2691.7,normal,172.73,8.8,0
2024-01-02 08:16:00,4,CNC,2.75,59.03,15.81,83.4,2659.9,normal,173.0,8.8,0
2024-01-02 08:24:00,4,CNC,3.04,61.99,21.36,74.4,2672.0,normal,173.13,11.7,0
2024-01-02 08:52:00,4,CNC,0.75,52.33,7.1,22.1,854.3,idle,173.6,8.7,0
2024-01-02 09:07:00,4,CNC,0.89,53.21,7.34,25.9,862.3,idle,173.85,9.4,0
2024-01-02 09:19:00,4,CNC,3.21,56.84,20.23,78.9,2923.2,normal,174.05,11.6,0
2024-01-02 09:34:00,4,CNC,0.91,44.47,6.67,24.1,818.5,idle,174.3,11.7,0
2024-01-02 09:45:00,4,CNC,2.46,62.63,16.28,66.2,2684.5,normal,174.48,9.6,0
2024-01-02 09:48:00,4,CNC,3.26,64.92,12.99,81.1,2856.2,normal,174.53,9.5,0
2024-01-02 10:08:00,4,CNC,1.89,59.25,18.43,69.2,2864.5,normal,174.86,14.1,0
2024-01-02 10:35:00,4,CNC,2.51,56.1,6.38,61.2,2844.0,normal,175.31,15.2,0
2024-01-02 11:00:00,4,CNC,2.1,58.8,17.14,59.3,2765.2,normal,175.73,13.8,0
2024-01-02 11:13:00,4,CNC,3.49,71.39,34.23,95.9,3824.2,peak,175.95,11.8,0
2024-01-02 11:33:00,4,CNC,1.25,57.33,19.25,69.8,2775.1,normal,176.28,15.3,0
2024-01-02 11:47:00,4,CNC,0.78,52.05,6.9,20.8,823.8,idle,176.51,14.5,0
2024-01-02 11:51:00,4,CNC,4.04,71.66,26.72,100.6,3640.6,peak,176.58,17.9,0
2024-01-02 12:11:00,4,CNC,2.65,66.7,17.34,68.5,2884.8,normal,176.91,13.7,1
2024-01-02 12:36:00,4,CNC,2.74,62.61,15.82,75.1,2788.9,normal,177.33,15.3,1
2024-01-02 13:06:00,4,CNC,1.25,69.07,21.64,80.5,2774.4,normal,177.83,8.5,1
2024-01-02 13:29:00,4,CNC,2.58,57.04,16.4,81.4,2748.0,normal,178.21,12.4,1
2024-01-02 13:37:00,4,CNC,1.01,45.77,6.8,23.9,829.1,idle,178.35,10.9,1
2024-01-02 13:49:00,4,CNC,3.2,69.17,14.68,56.9,2654.9,normal,178.55,15.7,1
2024-01-02 13:58:00,4,CNC,2.9,59.94,20.48,67.4,2793.3,normal,178.7,15.5,1
2024-01-02 14:22:00,4,CNC,3.04,62.64,18.76,55.4,2729.5,normal,179.1,15.3,1
2024-01-02 14:37:00,4,CNC,2.7,61.39,22.21,86.5,2842.8,normal,179.35,11.5,1
2024-01-02 14:41:00,4,CNC,3.7,74.66,31.76,98.5,3641.2,peak,179.41,14.5,1
2024-01-02 14:50:00,4,CNC,2.01,59.48,6.38,88.3,2698.9,normal,179.56,12.2,1
2024-01-02 15:18:00,4,CNC,1.03,46.86,6.25,23.1,835.5,idle,180.03,9.3,1
2024-01-02 15:27:00,4,CNC,0.75,46.81,6.83,22.0,837.8,idle,180.18,12.1,1
2024-01-02 15:50:00,4,CNC,2.67,57.07,22.45,63.1,2808.2,normal,180.56,10.6,1
2024-01-02 16:02:00,4,CNC,3.06,69.15,18.72,75.4,2696.2,normal,180.76,8.8,1
2024-01-02 16:20:00,4,CNC,3.96,70.63,33.0,107.8,3543.5,peak,181.06,13.8,1
2024-01-02 16:50:00,4,CNC,1.02,53.35,7.06,22.9,811.9,idle,181.56,17.0,1
2024-01-02 17:06:00,4,CNC,3.38,50.21,19.84,77.9,2855.1,normal,181.83,9.2,1
2024-01-02 17:32:00,4,CNC,3.07,64.61,15.33,66.2,2630.9,normal,182.26,17.3,1
2024-01-02 17:37:00,4,CNC,3.22,66.2,21.57,76.8,2732.5,normal,182.35,8.3,1
2024-01-02 17:39:00,4,CNC,0.79,50.21,6.3,46.0,797.1,idle,182.38,17.9,1
2024-01-02 17:57:00,4,CNC,0.97,51.93,7.04,20.8,806.4,idle,182.68,17.2,1
2024-01-02 18:12:00,4,CNC,2.39,65.57,15.42,83.5,2798.6,normal,182.93,12.0,1
2024-01-02 18:21:00,4,CNC,0.81,52.27,7.54,24.5,797.4,idle,183.08,9.2,1
2024-01-02 18:49:00,4,CNC,0.8,47.52,6.9,24.8,831.9,idle,183.55,13.9,1
2024-01-02 18:54:00,4,CNC,4.19,64.17,27.49,105.5,3582.4,peak,183.63,8.5,1
2024-01-02 19:07:00,4,CNC,3.7,50.21,28.93,104.6,3593.0,peak,183.85,17.1,1
2024-01-02 19:23:00,4,CNC,0.95,53.59,6.5,25.6,817.2,idle,184.11,12.4,1
2024-01-02 19:40:00,4,CNC,1.04,47.38,7.51,22.4,832.3,idle,184.4,15.3,1
2024-01-02 20:06:00,4,CNC,2.83,62.79,23.72,66.3,2635.0,normal,184.83,16.2,1
2024-01-02 20:10:00,4,CNC,2.83,64.74,19.0,70.5,2838.5,normal,184.9,8.1,1
2024-01-02 20:23:00,4,CNC,0.98,46.53,6.66,25.9,827.6,idle,185.11,12.5,1
2024-01-02 20:39:00,4,CNC,3.29,60.02,22.15,79.1,2651.6,normal,185.38,15.2,1
2024-01-02 21:05:00,4,CNC,2.75,64.95,19.62,83.4,2796.6,normal,185.81,11.0,1
2024-01-02 21:08:00,4,CNC,3.2,67.6,19.7,66.5,2795.8,normal,185.86,17.0,1
2024-01-02 21:26:00,4,CNC,0.91,48.06,7.42,20.9,823.0,idle,186.16,12.3,1
2024-01-02 21:40:00,4,CNC,2.43,59.54,24.58,81.5,2779.5,normal,186.4,9.8,1
2024-01-02 21:43:00,4,CNC,0.95,54.03,8.04,23.6,839.6,idle,186.45,15.3,1
2024-01-02 21:51:00,4,CNC,2.22,69.81,18.97,72.1,2595.8,normal,186.58,10.8,1
2024-01-02 22:12:00,4,CNC,0.92,51.83,8.65,25.9,838.9,idle,186.93,11.5,1
2024-01-02 22:17:00,4,CNC,0.86,55.65,7.36,25.1,790.7,idle,187.01,12.9,1
2024-01-02 22:47:00,4,CNC,0.91,55.48,8.57,24.1,826.8,idle,187.51,17.4,1
2024-01-02 23:08:00,4,CNC,0.81,53.1,7.83,20.6,782.3,idle,187.86,17.2,1
2024-01-02 23:18:00,4,CNC,0.78,53.15,6.7,22.8,797.5,idle,188.03,10.1,1
2024-01-02 23:36:00,4,CNC,0.93,53.02,8.03,23.1,803.7,idle,188.33,8.3,1
2024-01-02 23:39:00,4,CNC,2.54,68.89,6.38,61.9,2752.5,normal,188.38,13.4,1
2024-01-02 23:47:00,4,CNC,0.87,54.46,7.18,24.2,776.5,idle,188.51,16.3,1
2024-01-03 00:00:00,4,CNC,0.88,49.45,8.38,25.8,802.6,idle,188.73,17.4,1
2024-01-03 00:15:00,4,CNC,1.02,53.06,8.76,24.9,777.6,idle,188.98,13.2,1
2024-01-03 00:31:00,4,CNC,0.98,51.46,6.48,21.5,830.7,idle,189.25,9.1,1
2024-01-03 01:00:00,4,CNC,1.06,54.18,8.86,24.8,771.7,idle,189.73,16.9,1
2024-01-03 01:10:00,4,CNC,0.85,46.53,6.71,46.0,802.7,idle,189.9,9.4,1
2024-01-03 01:35:00,4,CNC,1.02,54.91,8.01,25.6,801.5,idle,190.31,17.7,1
2024-01-03 01:39:00,4,CNC,1.05,50.84,7.2,25.5,794.3,idle,190.38,10.2,1
2024-01-03 01:51:00,4,CNC,0.92,49.62,8.15,26.0,770.9,idle,190.58,11.4,1
2024-01-03 02:13:00,4,CNC,1.05,46.43,7.46,21.0,816.4,idle,190.95,14.7,1
2024-01-03 02:37:00,4,CNC,0.78,51.99,7.31,20.8,816.4,idle,191.35,16.9,1
2024-01-03 02:52:00,4,CNC,0.83,48.74,7.28,23.5,808.8,idle,191.6,15.1,1
2024-01-03 03:04:00,4,CNC,0.77,48.95,7.69,22.0,822.5,idle,191.8,13.6,1
2024-01-03 03:34:00,4,CNC,1.02,52.88,7.49,24.2,818.8,idle,192.3,17.5,1
2024-01-03 03:36:00,4,CNC,0.95,54.46,8.51,23.4,785.2,idle,192.33,13.9,1
2024-01-03 03:45:00,4,CNC,1.0,48.72,8.61,24.8,817.0,idle,192.48,10.7,1
2024-01-03 04:02:00,4,CNC,0.91,48.62,6.93,24.5,820.4,idle,192.76,15.3,1
2024-01-03 04:08:00,4,CNC,0.98,48.15,9.02,25.9,791.7,idle,192.86,16.8,1
2024-01-03 04:26:00,4,CNC,2.85,68.42,23.95,88.8,2547.0,normal,193.16,15.5,1
2024-01-03 04:41:00,4,CNC,0.94,53.72,8.97,25.2,824.7,idle,193.41,13.6,1
2024-01-03 05:05:00,4,CNC,0.92,55.18,7.83,22.5,778.3,idle,193.81,12.2,1
2024-01-03 05:26:00,4,CNC,1.03,56.79,7.41,20.3,812.8,idle,194.16,13.8,1
2024-01-03 05:39:00,4,CNC,0.97,56.56,6.38,20.4,792.1,idle,194.38,14.6,1
2024-01-03 06:09:00,4,CNC,1.25,50.21,17.59,46.0,854.3,normal,194.88,10.3,1
2024-01-03 06:32:00,4,CNC,3.42,61.29,21.2,86.2,2682.8,normal,195.26,16.0,1
2024-01-03 06:53:00,4,CNC,8.33,67.75,25.57,85.3,2670.9,normal,195.61,12.8,1
2024-01-03 07:02:00,4,CNC,3.32,65.23,19.43,85.4,2642.7,normal,195.76,16.8,1
2024-01-03 07:28:00,4,CNC,1.25,57.87,20.86,88.0,2561.5,normal,196.2,17.7,1
2024-01-03 07:37:00,4,CNC,1.07,56.83,9.2,23.4,797.4,idle,196.35,9.2,1
2024-01-03 07:49:00,4,CNC,1.05,55.09,8.58,25.9,799.3,idle,196.55,11.5,1
2024-01-03 08:13:00,4,CNC,1.25,58.25,6.38,69.2,854.3,normal,196.95,16.8,1
2024-01-03 08:40:00,4,CNC,1.02,49.08,9.54,21.9,781.4,idle,197.4,14.0,1
2024-01-03 08:49:00,4,CNC,2.38,66.18,17.28,57.7,2683.9,normal,197.55,10.7,1
2024-01-03 09:19:00,4,CNC,0.83,49.94,9.12,20.6,780.5,idle,198.05,12.1,1
2024-01-03 09:45:00,4,CNC,2.0,62.85,24.78,55.4,2714.7,normal,198.48,14.7,1
2024-01-03 09:59:00,4,CNC,1.06,48.74,9.71,21.8,757.2,idle,198.71,12.3,1
2024-01-03 10:02:00,4,CNC,1.98,63.83,24.05,64.6,2698.8,normal,198.76,15.3,1
2024-01-03 10:24:00,4,CNC,1.0,51.26,9.06,25.6,756.9,idle,199.13,11.1,1
2024-01-03 10:33:00,4,CNC,2.45,64.73,22.65,72.6,2552.8,normal,199.28,9.7,1
2024-01-03 10:59:00,4,CNC,3.0,50.21,23.67,56.3,2596.4,normal,199.71,17.5,1
2024-01-03 11:20:00,4,CNC,2.53,65.28,27.75,70.3,2471.4,normal,200.06,14.0,1
2024-01-03 11:45:00,4,CNC,2.65,70.29,26.2,71.5,2530.7,normal,200.48,11.8,1
2024-01-03 22:16:41,4,CNC,0.84,45.64,5.5,23.9,898.6,idle,0.0,8.5,0
2024-01-03 22:24:41,4,CNC,2.23,43.54,5.22,23.0,919.6,idle,0.13,10.0,0
2024-01-03 22:31:41,4,CNC,1.25,40.68,5.02,20.3,867.5,idle,0.25,12.0,0
2024-01-03 22:55:41,4,CNC,0.81,47.39,4.74,20.2,893.2,idle,0.65,16.0,0
2024-01-03 23:08:41,4,CNC,0.82,49.22,4.75,24.2,865.3,idle,0.87,10.2,0
2024-01-03 23:33:41,4,CNC,0.93,47.21,5.36,20.2,881.3,idle,1.28,8.1,0
2024-01-04 00:02:41,4,CNC,0.9,40.95,4.62,25.6,880.5,idle,1.77,17.4,0
2024-01-04 00:07:41,4,CNC,1.0,50.21,5.08,23.5,885.0,idle,1.85,15.9,0
2024-01-04 00:10:41,4,CNC,0.99,41.3,5.34,24.1,868.1,idle,1.9,11.0,0
2024-01-04 00:19:41,4,CNC,0.97,44.29,5.22,22.3,909.6,idle,2.05,14.9,0
2024-01-04 00:22:41,4,CNC,0.89,41.41,4.97,21.1,878.8,idle,2.1,9.2,0
2024-01-04 00:49:41,4,CNC,0.75,50.21,4.32,23.2,883.7,idle,2.55,12.0,0
2024-01-04 01:17:41,4,CNC,0.85,42.48,5.03,24.2,875.1,idle,3.02,10.7,0
2024-01-04 01:21:41,4,CNC,0.96,46.44,5.07,21.7,850.0,idle,3.08,13.0,0
2024-01-04 01:45:41,4,CNC,0.96,48.22,4.18,22.2,896.3,idle,3.48,12.2,0
2024-01-04 01:47:41,4,CNC,0.9,48.6,4.21,22.6,856.8,idle,3.52,13.4,0
2024-01-04 01:53:41,4,CNC,0.82,40.15,5.35,23.2,909.5,idle,3.62,13.9,0
2024-01-04 02:07:41,4,CNC,0.72,42.27,4.39,22.3,906.2,idle,3.85,14.1,0
2024-01-04 02:18:41,4,CNC,1.25,42.05,4.1,20.5,903.2,idle,4.03,12.3,0
2024-01-04 02:43:41,4,CNC,0.83,47.26,5.02,20.8,860.0,idle,4.45,10.7,0
2024-01-04 02:51:41,4,CNC,0.93,47.21,4.57,20.5,850.9,idle,4.58,17.7,0
2024-01-04 03:11:41,4,CNC,0.79,40.09,4.35,22.5,858.5,idle,4.92,10.9,0
2024-01-04 03:15:41,4,CNC,0.73,48.96,4.88,25.6,874.2,idle,4.98,12.1,0
2024-01-04 03:25:41,4,CNC,0.9,42.05,4.93,20.8,850.1,idle,5.15,17.1,0
2024-01-04 03:44:41,4,CNC,1.25,45.55,5.39,22.0,873.0,idle,5.47,11.8,0
2024-01-04 04:01:41,4,CNC,0.82,47.06,4.85,25.6,851.8,idle,5.75,17.5,0
2024-01-04 04:27:41,4,CNC,0.91,43.3,4.27,23.1,885.4,idle,6.18,9.1,0
2024-01-04 04:36:41,4,CNC,0.74,42.02,4.61,22.4,872.2,idle,6.33,8.2,0
2024-01-04 05:02:41,4,CNC,0.74,40.04,5.46,25.7,883.9,idle,6.77,11.7,0
2024-01-04 05:22:41,4,CNC,1.0,46.74,4.1,20.7,914.1,idle,7.1,11.1,0
2024-01-04 05:28:41,4,CNC,0.89,48.43,5.35,22.7,853.4,idle,7.2,17.8,0
2024-01-04 05:33:41,4,CNC,0.76,40.67,4.28,22.5,858.3,idle,7.28,10.1,0
2024-01-04 05:50:41,4,CNC,0.75,44.46,4.51,22.8,880.0,idle,7.57,8.8,0
2024-01-04 06:04:41,4,CNC,2.7,64.06,10.2,55.8,3055.8,normal,7.8,12.7,0
2024-01-04 06:29:41,4,CNC,0.85,47.66,4.32,46.0,914.7,idle,8.22,15.6,0
2024-01-04 06:32:41,4,CNC,0.89,41.06,5.34,24.8,902.6,idle,8.27,10.5,0
2024-01-04 06:43:41,4,CNC,0.71,47.99,4.21,21.3,890.4,idle,8.45,16.3,0
2024-01-04 06:46:41,4,CNC,2.17,59.92,13.45,56.1,2996.8,normal,8.5,13.7,0
2024-01-04 07:01:41,4,CNC,0.98,41.61,4.9,22.1,882.2,idle,8.75,10.7,0
2024-01-04 07:09:41,4,CNC,0.79,43.54,4.04,25.9,893.7,idle,8.88,15.9,0
2024-01-04 07:28:41,4,CNC,2.5,55.76,13.01,66.4,2908.0,normal,9.2,17.6,0
2024-01-04 07:37:41,4,CNC,2.45,54.14,10.67,73.2,3052.8,normal,9.35,15.1,0
2024-01-04 07:55:41,4,CNC,2.01,50.49,11.1,89.2,3048.6,normal,9.65,15.4,0
2024-01-04 08:20:41,4,CNC,2.63,63.94,12.39,89.4,2888.9,normal,10.07,9.1,0
2024-01-04 08:44:41,4,CNC,2.14,59.57,6.38,75.8,2891.5,normal,10.47,9.3,0
2024-01-04 08:46:41,4,CNC,2.67,54.14,9.83,86.7,3065.0,normal,10.5,15.5,0
2024-01-04 08:53:41,4,CNC,3.16,60.75,13.94,73.2,2837.8,normal,10.62,16.7,0
2024-01-04 08:58:41,4,CNC,2.06,54.34,15.29,58.6,3076.9,normal,10.7,12.2,0
2024-01-04 09:05:41,4,CNC,1.25,60.73,10.22,62.2,3087.6,normal,10.82,13.2,0
2024-01-04 09:11:41,4,CNC,0.78,42.97,4.3,20.8,866.3,idle,10.92,13.5,0
2024-01-04 09:25:41,4,CNC,2.7,56.83,13.1,56.6,3040.6,normal,11.15,9.2,0
2024-01-04 09:36:41,4,CNC,0.94,40.22,4.58,20.4,905.5,idle,11.33,16.8,0
2024-01-04 09:46:41,4,CNC,2.83,63.53,11.04,69.3,2855.3,normal,11.5,14.2,0
2024-01-04 09:59:41,4,CNC,2.32,57.83,9.85,79.2,2963.0,normal,11.72,9.7,0
2024-01-04 10:10:41,4,CNC,2.96,54.08,15.37,90.0,3075.8,normal,11.9,10.0,0
2024-01-04 10:31:41,4,CNC,3.82,71.81,23.74,97.8,4003.1,peak,12.25,11.7,0
2024-01-04 10:52:41,4,CNC,2.8,64.78,13.02,62.3,3005.1,normal,12.6,12.6,0
2024-01-04 11:04:41,4,CNC,3.98,61.01,21.26,103.1,3851.1,peak,12.8,15.2,0
2024-01-04 11:33:41,4,CNC,3.22,63.73,26.65,95.7,3928.7,peak,13.28,9.6,0
2024-01-04 11:57:41,4,CNC,0.93,49.53,5.48,22.5,916.5,idle,13.68,8.1,0
2024-01-04 12:12:41,4,CNC,1.85,61.19,13.68,61.5,2952.2,normal,13.93,12.7,0
2024-01-04 12:14:41,4,CNC,1.98,63.07,11.83,75.8,2847.6,normal,13.97,9.9,0
2024-01-04 12:38:41,4,CNC,2.09,64.88,14.4,88.5,2888.8,normal,14.37,12.6,0
2024-01-04 12:43:41,4,CNC,2.03,57.55,12.72,58.6,3020.0,normal,14.45,12.7,0
2024-01-04 12:50:41,4,CNC,2.31,52.8,11.66,73.4,3017.9,normal,14.57,14.4,0
2024-01-04 13:20:41,4,CNC,2.47,57.88,10.4,86.8,3078.6,normal,15.07,14.3,0
2024-01-04 13:28:41,4,CNC,2.76,50.26,12.99,75.9,3098.4,normal,15.2,16.2,0
2024-01-04 13:57:41,4,CNC,3.19,50.21,9.91,88.2,2983.8,normal,15.68,15.3,0
2024-01-04 14:10:41,4,CNC,2.92,56.11,11.58,69.6,2844.1,normal,15.9,12.0,0
2024-01-04 14:20:41,4,CNC,2.3,62.86,9.75,57.7,2837.5,normal,16.07,14.4,0
2024-01-04 14:28:41,4,CNC,2.36,64.95,10.63,57.5,3074.5,normal,16.2,9.5,0
2024-01-04 14:53:41,4,CNC,3.03,50.48,14.39,76.9,3030.3,normal,16.62,9.8,0
2024-01-04 15:13:41,4,CNC,2.49,64.87,9.79,60.9,2919.0,normal,16.95,16.0,0
2024-01-04 15:33:41,4,CNC,2.43,63.82,13.14,53.7,2922.4,normal,17.28,11.8,0
2024-01-04 15:53:41,4,CNC,0.82,50.21,4.9,46.0,899.9,idle,17.62,13.9,0
2024-01-04 16:03:41,4,CNC,3.82,68.8,20.37,108.1,4019.6,peak,17.78,15.4,0
2024-01-04 16:24:41,4,CNC,0.92,49.97,5.2,25.0,916.6,idle,18.13,12.7,0
2024-01-04 16:31:41,4,CNC,2.01,57.47,13.27,64.5,3051.8,normal,18.25,10.3,0
2024-01-04 16:39:41,4,CNC,2.87,60.81,15.98,61.9,3020.6,normal,18.38,16.0,0
2024-01-04 16:45:41,4,CNC,2.57,54.69,10.54,86.0,2978.6,normal,18.48,12.8,0
2024-01-04 16:47:41,4,CNC,2.95,58.18,10.93,64.8,2914.5,normal,18.52,17.0,0
2024-01-04 16:50:41,4,CNC,3.16,50.08,15.91,89.3,3098.8,normal,18.57,16.1,0
2024-01-04 17:05:41,4,CNC,0.84,49.64,4.59,20.2,865.7,idle,18.82,11.3,0
2024-01-04 17:23:41,4,CNC,0.98,40.14,4.82,20.4,870.0,idle,19.12,10.4,0
2024-01-04 17:37:41,4,CNC,1.92,62.89,13.34,86.3,3006.5,normal,19.35,11.9,0
2024-01-04 17:54:41,4,CNC,3.16,57.65,13.65,73.9,2945.3,normal,19.63,16.4,0
2024-01-04 18:06:41,4,CNC,2.98,59.67,14.71,81.9,2857.3,normal,19.83,16.8,0
2024-01-04 18:34:41,4,CNC,2.71,52.99,13.29,77.7,3099.2,normal,20.3,9.7,0
2024-01-04 18:56:41,4,CNC,0.71,40.91,4.12,22.4,907.5,idle,20.67,15.1,0
2024-01-04 19:24:41,4,CNC,2.98,61.05,15.33,64.3,2826.4,normal,21.13,12.4,0
2024-01-04 19:48:41,4,CNC,0.72,48.52,5.1,24.2,873.8,idle,21.53,14.9,0
2024-01-04 20:07:41,4,CNC,0.81,49.58,4.1,24.6,871.7,idle,21.85,14.5,0
2024-01-04 20:14:41,4,CNC,1.85,61.14,11.65,79.4,3012.3,normal,21.97,11.7,0
2024-01-04 20:30:41,4,CNC,0.86,47.77,4.87,21.7,901.4,idle,22.23,11.5,0
2024-01-04 20:45:41,4,CNC,1.25,50.21,15.36,72.7,3060.6,normal,22.48,13.6,0
2024-01-04 20:53:41,4,CNC,3.04,56.67,12.8,67.8,2934.8,normal,22.62,9.8,0
2024-01-04 21:18:41,4,CNC,3.92,71.4,19.27,104.2,4098.8,peak,23.03,10.0,0
2024-01-04 21:31:41,4,CNC,2.63,61.79,14.5,65.3,2911.6,normal,23.25,8.1,0
2024-01-04 21:42:41,4,CNC,2.81,57.5,13.21,79.1,3033.3,normal,23.43,17.1,0
2024-01-04 21:52:41,4,CNC,2.18,52.2,11.4,71.3,2902.6,normal,23.6,8.1,0
2024-01-04 22:02:41,4,CNC,0.87,40.53,4.76,22.2,887.4,idle,23.77,10.7,0
2024-01-04 22:19:41,4,CNC,0.83,42.84,6.38,21.1,897.7,idle,24.05,18.0,0
2024-01-04 22:43:41,4,CNC,0.98,45.39,5.31,20.8,884.6,idle,24.45,14.3,0
2024-01-04 23:03:41,4,CNC,0.84,40.08,4.66,22.2,896.9,idle,24.78,16.6,0
2024-01-04 23:20:41,4,CNC,3.11,51.29,11.63,68.9,2936.6,normal,25.07,14.3,0
2024-01-04 23:37:41,4,CNC,0.93,44.43,4.04,24.3,911.9,idle,25.35,15.5,0
2024-01-04 23:59:41,4,CNC,0.85,45.81,4.24,21.3,866.5,idle,25.72,16.1,0
2024-01-05 00:02:41,4,CNC,0.83,49.28,4.78,21.1,868.6,idle,25.77,14.1,0
2024-01-05 00:26:41,4,CNC,0.82,46.23,4.66,22.4,889.5,idle,26.17,15.4,0
2024-01-05 00:55:41,4,CNC,2.14,51.18,9.66,61.5,2827.5,normal,26.65,8.8,0
2024-01-05 01:23:41,4,CNC,0.8,47.73,5.07,23.7,909.7,idle,27.12,8.6,0
2024-01-05 01:45:41,4,CNC,0.78,48.85,4.6,22.4,878.4,idle,27.48,11.1,0
2024-01-05 02:14:41,4,CNC,0.73,49.75,4.21,22.1,872.4,idle,27.97,17.8,0
2024-01-05 02:22:41,4,CNC,0.72,41.52,4.07,21.8,910.7,idle,28.1,15.4,0
2024-01-05 02:34:41,4,CNC,0.8,41.24,4.97,26.0,866.3,idle,28.3,16.5,0
2024-01-05 02:46:41,4,CNC,2.19,64.58,10.66,71.4,2871.9,normal,28.5,9.7,0
2024-01-05 03:06:41,4,CNC,0.98,49.82,5.22,21.9,878.2,idle,28.83,11.7,0
2024-01-05 03:08:41,4,CNC,2.14,50.21,15.44,67.9,2997.0,normal,28.87,12.0,0
2024-01-05 03:36:41,4,CNC,0.75,44.35,4.95,22.3,875.0,idle,29.33,8.6,0
2024-01-05 03:44:41,4,CNC,1.25,48.04,5.33,25.8,900.4,idle,29.47,13.0,0
2024-01-05 04:09:41,4,CNC,0.86,42.69,5.5,23.5,897.7,idle,29.88,9.7,0
2024-01-05 04:12:41,4,CNC,0.9,48.45,4.01,21.3,896.6,idle,29.93,10.0,0
2024-01-05 04:30:41,4,CNC,0.97,46.85,4.62,22.2,901.7,idle,30.23,14.4,0
2024-01-05 04:58:41,4,CNC,0.92,46.07,4.44,25.6,888.6,idle,30.7,8.0,0
2024-01-05 05:08:41,4,CNC,0.94,42.14,4.52,25.2,853.5,idle,30.87,9.2,0
2024-01-05 05:24:41,4,CNC,0.85,44.82,5.13,21.7,865.3,idle,31.13,15.0,0
2024-01-05 05:44:41,4,CNC,3.1,58.58,10.18,59.3,3099.7,normal,31.47,8.9,0
2024-01-05 05:48:41,4,CNC,0.76,46.1,4.63,25.3,902.9,idle,31.53,8.9,0
2024-01-05 06:00:41,4,CNC,2.64,50.16,15.22,68.9,3079.5,normal,31.73,17.7,0
2024-01-05 06:26:41,4,CNC,2.49,60.41,9.95,80.3,2901.4,normal,32.17,8.1,0
2024-01-05 06:48:41,4,CNC,2.29,51.78,10.45,59.1,2898.5,normal,32.53,8.8,0
2024-01-05 07:13:41,4,CNC,3.91,64.26,25.24,96.2,3977.3,peak,32.95,11.1,0
2024-01-05 07:36:41,4,CNC,2.47,64.67,15.0,69.3,3032.5,normal,33.33,17.0,0
2024-01-05 07:44:41,4,CNC,0.76,45.62,4.11,22.1,865.8,idle,33.47,15.4,0
2024-01-05 07:55:41,4,CNC,2.81,57.35,14.38,71.6,2825.9,normal,33.65,15.1,0
2024-01-05 08:02:41,4,CNC,2.83,62.5,15.37,73.7,3026.1,normal,33.77,13.7,0
2024-01-05 08:17:41,4,CNC,2.85,52.34,10.57,54.7,854.3,normal,34.02,9.9,0
2024-01-05 08:47:41,4,CNC,2.46,50.21,12.3,79.6,3008.0,normal,34.52,17.8,0
2024-01-05 08:57:41,4,CNC,0.76,40.59,4.82,24.2,919.9,idle,34.68,10.6,0
2024-01-05 09:14:41,4,CNC,1.25,63.45,11.98,78.2,2979.5,normal,34.97,11.6,0
2024-01-05 09:40:41,4,CNC,1.87,51.18,9.63,66.1,3023.7,normal,35.4,12.5,0
2024-01-05 10:02:41,4,CNC,0.75,46.06,4.43,24.8,905.9,idle,35.77,9.7,0
2024-01-05 10:30:41,4,CNC,2.89,57.87,11.35,82.8,2855.8,normal,36.23,9.6,0
2024-01-05 10:50:41,4,CNC,1.25,52.76,13.88,78.1,2995.8,normal,36.57,15.0,0
2024-01-05 11:03:41,4,CNC,2.38,51.5,15.42,71.3,2922.1,normal,36.78,14.8,0
2024-01-05 11:14:41,4,CNC,2.62,52.89,10.36,67.4,2868.2,normal,36.97,15.0,0
2024-01-05 11:32:41,4,CNC,2.14,63.39,12.95,70.4,3006.8,normal,37.27,15.4,0
2024-01-05 11:42:41,4,CNC,3.13,51.68,14.92,74.2,2843.8,normal,37.43,15.7,0
2024-01-05 11:52:41,4,CNC,2.22,57.24,13.99,61.2,2960.5,normal,37.6,10.6,0
2024-01-05 11:57:41,4,CNC,2.76,56.73,15.11,85.0,2941.2,normal,37.68,14.3,0
2024-01-05 12:14:41,4,CNC,3.16,51.13,9.52,66.5,2980.3,normal,37.97,13.9,0
2024-01-05 12:27:41,4,CNC,2.68,57.15,10.31,58.5,3055.6,normal,38.18,14.6,0
2024-01-05 12:57:41,4,CNC,3.02,60.11,13.82,74.7,2860.9,normal,38.68,15.0,0
2024-01-05 13:19:41,4,CNC,2.4,60.44,12.99,52.7,3086.1,normal,39.05,17.0,0
2024-01-05 13:26:41,4,CNC,2.98,53.91,13.51,87.1,2828.8,normal,39.17,11.3,0
2024-01-05 13:48:41,4,CNC,3.6,65.76,22.1,107.5,3914.2,peak,39.53,9.9,0
2024-01-05 14:01:41,4,CNC,1.89,50.99,9.78,67.5,3015.5,normal,39.75,12.7,0
2024-01-05 14:08:41,4,CNC,0.76,46.46,5.03,21.5,892.0,idle,39.87,12.4,0
2024-01-05 14:29:41,4,CNC,2.76,57.0,11.69,75.5,3093.3,normal,40.22,13.8,0
2024-01-05 14:44:41,4,CNC,0.83,50.21,4.7,20.5,888.7,idle,40.47,12.7,0
2024-01-05 14:53:41,4,CNC,2.26,50.21,12.53,52.1,2920.5,normal,40.62,11.7,0
2024-01-05 15:05:41,4,CNC,1.95,50.36,14.86,86.8,2862.3,normal,40.82,12.0,0
2024-01-05 15:08:41,4,CNC,1.25,62.73,22.94,101.5,3880.7,peak,40.87,16.8,0
2024-01-05 15:34:41,4,CNC,3.76,60.15,18.53,106.5,3999.8,peak,41.3,17.3,0
2024-01-05 15:39:41,4,CNC,2.5,57.02,12.73,68.6,2917.9,normal,41.38,15.7,0
2024-01-05 15:59:41,4,CNC,2.5,57.93,14.0,79.0,2913.3,normal,41.72,8.3,0
2024-01-05 16:17:41,4,CNC,2.38,55.61,12.99,69.2,3066.9,normal,42.02,11.0,0
2024-01-05 16:38:41,4,CNC,3.76,73.28,25.09,109.6,3990.7,peak,42.37,17.4,0
2024-01-05 16:46:41,4,CNC,3.97,60.69,18.52,103.7,4095.1,peak,42.5,13.7,0
2024-01-05 16:52:41,4,CNC,2.38,53.18,12.89,76.7,2894.6,normal,42.6,11.3,0
2024-01-05 16:55:41,4,CNC,3.77,74.58,26.97,99.4,3898.0,peak,42.65,11.1,0
2024-01-05 17:21:41,4,CNC,2.32,55.92,10.15,81.0,2909.6,normal,43.08,11.5,0
2024-01-05 17:35:41,4,CNC,3.03,63.9,9.66,89.6,3013.0,normal,43.32,8.0,0
2024-01-05 17:41:41,4,CNC,2.53,55.84,12.87,64.3,2986.8,normal,43.42,9.7,0
2024-01-05 17:52:41,4,CNC,1.93,59.32,11.29,52.7,2965.8,normal,43.6,10.4,0
2024-01-05 18:00:41,4,CNC,2.61,56.4,9.97,86.0,2983.4,normal,43.73,15.2,0
2024-01-05 18:06:41,4,CNC,0.73,45.11,4.75,20.4,892.5,idle,43.83,16.5,0
2024-01-05 18:19:41,4,CNC,2.93,61.24,10.82,84.8,2902.8,normal,44.05,9.6,0
2024-01-05 18:24:41,4,CNC,3.13,51.08,12.66,46.0,2874.3,normal,44.13,14.9,0
2024-01-05 18:48:41,4,CNC,2.88,50.21,9.62,75.1,2947.4,normal,44.53,12.7,0
2024-01-05 19:02:41,4,CNC,0.76,49.96,5.35,21.8,887.9,idle,44.77,15.1,0
2024-01-05 19:28:41,4,CNC,3.45,71.18,27.3,100.4,4041.7,peak,45.2,11.9,0
2024-01-05 19:40:41,4,CNC,0.85,43.97,5.41,23.1,882.7,idle,45.4,9.3,0
2024-01-05 20:06:41,4,CNC,2.74,53.92,11.61,46.0,3003.6,normal,45.83,10.8,0
2024-01-05 20:29:41,4,CNC,0.95,42.71,4.82,25.8,872.3,idle,46.22,12.2,0
2024-01-05 20:43:41,4,CNC,2.02,57.66,12.02,58.1,3066.6,normal,46.45,11.5,0
2024-01-05 21:06:41,4,CNC,2.7,45.69,5.16,25.1,899.1,idle,46.83,13.9,0
2024-01-05 21:15:41,4,CNC,0.71,41.58,4.11,20.1,871.4,idle,46.98,9.8,0
2024-01-05 21:24:41,4,CNC,2.35,53.62,9.92,72.1,2882.0,normal,47.13,11.4,0
2024-01-05 21:52:41,4,CNC,2.91,50.12,14.98,88.3,3014.8,normal,47.6,14.0,0
2024-01-05 22:06:41,4,CNC,2.83,64.0,10.86,89.8,3032.0,normal,47.83,14.5,0
2024-01-05 22:12:41,4,CNC,0.92,43.61,4.82,23.9,893.4,idle,47.93,8.4,0
2024-01-05 22:23:41,4,CNC,0.91,40.82,4.53,22.6,868.2,idle,48.12,11.4,0
2024-01-05 22:45:41,4,CNC,0.75,41.39,4.55,23.0,854.4,idle,48.48,9.5,0
2024-01-05 22:56:41,4,CNC,0.98,47.65,5.1,21.0,892.3,idle,48.67,16.2,0
2024-01-05 22:59:41,4,CNC,0.86,49.82,5.12,23.4,909.6,idle,48.72,17.6,0
2024-01-05 23:06:41,4,CNC,0.75,40.15,5.04,20.6,858.1,idle,48.83,14.8,0
2024-01-05 23:34:41,4,CNC,0.92,42.71,4.94,25.5,872.1,idle,49.3,16.1,0
2024-01-05 23:47:41,4,CNC,0.77,41.07,4.2,20.4,856.1,idle,49.52,9.0,0
2024-01-06 00:16:41,4,CNC,0.83,43.21,5.06,25.2,904.9,idle,50.0,16.1,0
2024-01-06 00:23:41,4,CNC,0.86,41.02,5.06,22.2,856.0,idle,50.12,13.7,0
2024-01-06 00:37:41,4,CNC,0.95,43.38,4.33,25.2,913.1,idle,50.35,8.1,0
2024-01-06 00:59:41,4,CNC,1.25,55.32,13.27,79.9,2818.9,normal,50.72,12.0,0
2024-01-06 01:25:41,4,CNC,0.88,49.53,4.39,25.4,916.5,idle,51.15,12.2,0
2024-01-06 01:50:41,4,CNC,0.78,47.54,4.36,24.4,905.8,idle,51.57,14.0,0
2024-01-06 02:17:41,4,CNC,2.15,60.74,14.78,65.6,2850.3,normal,52.02,13.0,0
2024-01-06 02:43:41,4,CNC,1.25,45.75,5.47,24.9,880.5,idle,52.45,11.4,0
2024-01-06 03:02:41,4,CNC,2.55,54.19,10.56,70.3,2939.1,normal,52.77,9.1,0
2024-01-06 03:09:41,4,CNC,2.53,50.21,13.43,75.0,2838.4,normal,52.88,13.3,0
2024-01-06 03:23:41,4,CNC,3.2,61.59,15.2,67.7,2950.6,normal,53.12,8.8,0
2024-01-06 03:25:41,4,CNC,0.86,41.94,5.03,25.4,861.5,idle,53.15,17.3,0
2024-01-06 03:45:41,4,CNC,0.73,47.38,4.41,23.7,898.7,idle,53.48,13.1,0
2024-01-06 04:06:41,4,CNC,0.8,48.15,4.82,25.2,903.4,idle,53.83,12.5,0
2024-01-06 04:09:41,4,CNC,0.96,40.2,4.37,20.5,881.0,idle,53.88,8.4,0
2024-01-06 04:38:41,4,CNC,0.97,44.68,5.27,22.0,873.8,idle,54.37,11.7,0
2024-01-06 05:08:41,4,CNC,0.97,44.26,5.18,21.4,916.4,idle,54.87,11.7,0
2024-01-06 05:23:41,4,CNC,0.87,47.59,4.13,23.0,913.1,idle,55.12,11.0,0
2024-01-06 05:51:41,4,CNC,0.96,40.47,4.46,22.7,862.1,idle,55.58,10.7,0
2024-01-06 06:02:41,4,CNC,2.82,52.77,11.75,77.2,2944.6,normal,55.77,8.2,0
2024-01-06 06:14:41,4,CNC,2.83,64.42,10.26,79.0,2869.1,normal,55.97,8.4,0
2024-01-06 06:19:41,4,CNC,2.38,50.49,10.38,64.2,2902.6,normal,56.05,8.4,0
2024-01-06 06:44:41,4,CNC,3.06,61.13,15.82,74.8,2872.5,normal,56.47,9.8,0
2024-01-06 07:03:41,4,CNC,2.26,50.21,11.62,46.0,2959.2,normal,56.78,15.3,0
2024-01-06 07:25:41,4,CNC,2.34,52.24,9.64,60.3,2832.2,normal,57.15,16.9,0
2024-01-06 07:38:41,4,CNC,3.83,59.91,25.24,100.8,3822.0,peak,57.37,14.9,0
2024-01-06 07:47:41,4,CNC,3.85,67.85,20.36,108.4,3813.6,peak,57.52,17.0,0
2024-01-06 08:12:41,4,CNC,0.76,47.52,5.06,21.7,854.3,idle,57.93,13.7,0
2024-01-06 08:15:41,4,CNC,3.0,54.71,10.77,71.6,3073.1,normal,57.98,11.7,0
2024-01-06 08:21:41,4,CNC,1.86,61.49,13.22,68.2,3023.2,normal,58.08,15.2,0
2024-01-06 08:48:41,4,CNC,0.99,42.29,4.22,25.5,896.8,idle,58.53,11.8,0
2024-01-06 09:13:41,4,CNC,2.41,58.6,14.35,46.0,3076.0,normal,58.95,17.3,0
2024-01-06 09:38:41,4,CNC,2.4,54.4,13.66,46.0,2978.4,normal,59.37,12.0,0
2024-01-06 09:45:41,4,CNC,3.54,60.6,22.69,105.4,4039.8,peak,59.48,10.6,0
2024-01-06 10:07:41,4,CNC,0.85,41.65,4.62,24.7,878.9,idle,59.85,8.8,0
2024-01-06 10:22:41,4,CNC,3.76,66.62,20.41,106.9,3825.3,peak,60.1,15.9,0
2024-01-06 10:42:41,4,CNC,2.53,53.13,9.94,71.1,2949.9,normal,60.43,11.0,0
2024-01-06 11:00:41,4,CNC,2.79,61.17,6.38,67.6,2989.5,normal,60.73,15.9,0
2024-01-06 11:24:41,4,CNC,0.87,44.22,4.9,25.7,863.5,idle,61.13,11.7,0
2024-01-06 11:41:41,4,CNC,3.07,50.8,11.5,63.0,2987.9,normal,61.42,17.4,0
2024-01-06 11:51:41,4,CNC,0.74,48.82,5.24,23.9,882.1,idle,61.58,15.8,0
2024-01-06 12:01:41,4,CNC,3.11,62.46,12.75,78.7,2970.1,normal,61.75,8.5,0
2024-01-06 12:15:41,4,CNC,3.67,63.63,22.62,96.2,3907.2,peak,61.98,14.8,0
2024-01-06 12:25:41,4,CNC,2.77,64.3,15.76,73.1,2982.0,normal,62.15,10.1,0
2024-01-06 12:52:41,4,CNC,2.06,60.43,9.96,62.8,3000.5,normal,62.6,9.3,0
2024-01-06 13:02:41,4,CNC,2.23,50.75,14.91,63.8,2818.9,normal,62.77,15.9,0
2024-01-06 13:24:41,4,CNC,1.9,53.78,10.66,81.4,2896.5,normal,63.13,10.2,0
2024-01-06 13:26:41,4,CNC,0.94,41.74,4.74,24.1,895.6,idle,63.17,10.2,0
2024-01-06 13:47:41,4,CNC,2.64,63.87,10.99,70.8,3065.2,normal,63.52,15.1,0
2024-01-06 14:15:41,4,CNC,1.91,50.84,11.02,76.0,2878.0,normal,63.98,12.2,0
2024-01-06 14:36:41,4,CNC,2.07,50.21,13.49,61.5,2890.2,normal,64.33,11.9,0
2024-01-06 14:55:41,4,CNC,2.66,64.19,13.89,81.8,2910.0,normal,64.65,11.4,0
2024-01-06 15:08:41,4,CNC,0.78,50.21,5.21,22.7,909.3,idle,64.87,9.5,0
2024-01-06 15:37:41,4,CNC,1.0,40.72,4.07,20.9,876.9,idle,65.35,10.1,0
2024-01-06 16:01:41,4,CNC,1.98,63.06,9.65,64.0,2855.4,normal,65.75,11.9,0
2024-01-06 16:15:41,4,CNC,3.1,60.04,15.43,89.0,2949.1,normal,65.98,16.5,0
2024-01-06 16:19:41,4,CNC,2.13,52.91,10.95,78.9,2812.1,normal,66.05,13.6,0
2024-01-06 16:32:41,4,CNC,1.87,59.12,13.67,77.3,2911.6,normal,66.27,15.5,0
2024-01-06 16:50:41,4,CNC,2.93,58.0,10.19,82.3,3085.9,normal,66.57,10.9,0
2024-01-06 17:02:41,4,CNC,1.88,55.87,12.67,57.6,3060.3,normal,66.77,12.7,0
2024-01-06 17:08:41,4,CNC,2.2,61.75,13.86,74.7,2857.6,normal,66.87,9.7,0
2024-01-06 17:21:41,4,CNC,2.11,50.71,11.06,65.1,3049.9,normal,67.08,12.2,0
2024-01-06 17:47:41,4,CNC,2.31,61.32,12.36,81.8,3092.9,normal,67.52,17.7,0
2024-01-06 18:06:41,4,CNC,0.77,48.62,4.93,24.9,895.6,idle,67.83,17.9,0
2024-01-06 18:20:41,4,CNC,3.54,61.88,18.7,103.0,4097.1,peak,68.07,9.3,0
2024-01-06 18:41:41,4,CNC,3.79,63.56,26.27,106.5,3884.5,peak,68.42,9.2,0
2024-01-06 18:55:41,4,CNC,1.82,51.77,15.2,83.8,2888.6,normal,68.65,17.9,0
2024-01-06 19:15:41,4,CNC,1.25,61.89,15.6,81.6,2981.7,normal,68.98,16.6,0
2024-01-06 19:41:41,4,CNC,0.77,45.26,4.35,24.9,877.1,idle,69.42,15.3,0
2024-01-06 19:55:41,4,CNC,2.97,55.72,14.86,64.7,2932.0,normal,69.65,11.5,0
2024-01-06 20:03:41,4,CNC,2.66,50.21,15.66,73.8,2952.3,normal,69.78,14.0,0
2024-01-06 20:15:41,4,CNC,0.95,48.66,4.78,25.6,854.5,idle,69.98,14.3,0
2024-01-06 20:38:41,4,CNC,0.73,45.97,6.38,22.8,873.0,idle,70.37,17.6,0
2024-01-06 21:04:41,4,CNC,2.37,62.34,13.36,89.9,3036.1,normal,70.8,13.0,0
2024-01-06 21:23:41,4,CNC,2.18,53.97,6.38,84.0,2808.2,normal,71.12,16.6,0
2024-01-06 21:40:41,4,CNC,0.77,49.05,4.96,21.4,865.3,idle,71.4,10.9,0
2024-01-06 21:56:41,4,CNC,3.01,50.21,11.16,68.0,3050.4,normal,71.67,16.7,0
2024-01-06 22:10:41,4,CNC,0.93,50.21,6.38,25.5,854.3,idle,71.9,13.3,0
2024-01-06 22:22:41,4,CNC,1.25,47.09,4.81,25.1,855.7,idle,72.1,14.6,0
2024-01-06 22:45:41,4,CNC,2.98,54.4,13.76,53.5,2982.9,normal,72.48,11.8,0
2024-01-06 23:07:41,4,CNC,0.92,43.69,4.32,46.0,908.3,idle,72.85,12.2,0
2024-01-06 23:15:41,4,CNC,0.8,42.52,4.42,25.7,875.1,idle,72.98,14.2,0
2024-01-06 23:21:41,4,CNC,0.7,47.82,5.05,20.8,918.9,idle,73.08,13.0,0
2024-01-06 23:25:41,4,CNC,0.88,45.01,4.57,25.4,867.1,idle,73.15,15.3,0
2024-01-06 23:27:41,4,CNC,1.25,50.21,5.14,46.0,892.6,idle,73.18,10.5,0
2024-01-06 23:47:41,4,CNC,0.77,46.51,5.15,22.1,906.1,idle,73.52,14.8,0
2024-01-07 00:00:41,4,CNC,0.8,47.58,4.05,23.3,917.9,idle,73.73,14.0,0
2024-01-07 00:27:41,4,CNC,0.99,42.82,4.66,20.4,911.1,idle,74.18,13.5,0
2024-01-07 00:56:41,4,CNC,0.87,43.85,4.17,25.7,887.1,idle,74.67,17.1,0
2024-01-07 01:12:41,4,CNC,0.78,43.5,4.41,23.6,915.1,idle,74.93,16.7,0
2024-01-07 01:19:41,4,CNC,1.25,44.6,5.24,22.5,867.7,idle,75.05,15.1,0
2024-01-07 01:27:41,4,CNC,1.0,43.04,4.49,25.9,859.4,idle,75.18,10.9,0
2024-01-07 01:57:41,4,CNC,0.93,49.36,4.77,20.0,876.2,idle,75.68,13.8,0
2024-01-07 02:13:41,4,CNC,0.73,44.16,5.19,22.6,880.2,idle,75.95,14.0,0
2024-01-07 02:22:41,4,CNC,0.87,45.82,5.28,21.9,907.5,idle,76.1,17.7,0
2024-01-07 02:40:41,4,CNC,0.87,43.01,4.44,22.2,893.6,idle,76.4,16.0,0
2024-01-07 03:08:41,4,CNC,0.77,49.2,4.86,25.5,853.2,idle,76.87,17.2,0
2024-01-07 03:15:41,4,CNC,0.8,40.23,4.41,25.2,852.6,idle,76.98,15.2,0
2024-01-07 03:19:41,4,CNC,0.83,41.18,4.63,25.0,893.6,idle,77.05,8.3,0
2024-01-07 03:42:41,4,CNC,0.92,43.49,5.42,24.3,879.5,idle,77.43,13.2,0
2024-01-07 03:59:41,4,CNC,2.4,63.78,13.25,78.8,2925.1,normal,77.72,8.7,0
2024-01-07 04:14:41,4,CNC,2.11,60.85,6.38,71.0,2987.2,normal,77.97,16.8,0
2024-01-07 04:33:41,4,CNC,1.25,47.94,5.42,25.4,872.5,idle,78.28,15.8,0
2024-01-07 04:55:41,4,CNC,2.37,62.13,13.37,72.8,3078.0,normal,78.65,15.1,0
2024-01-07 05:11:41,4,CNC,0.86,45.15,4.06,20.4,850.5,idle,78.92,15.3,0
2024-01-07 05:22:41,4,CNC,0.97,44.08,4.7,25.1,892.6,idle,79.1,16.3,0
2024-01-07 05:47:41,4,CNC,0.88,42.97,5.25,21.0,853.7,idle,79.52,11.6,0
2024-01-07 06:11:41,4,CNC,3.35,62.55,20.82,105.1,3865.3,peak,79.92,14.3,0
2024-01-07 06:27:41,4,CNC,2.75,51.37,10.46,46.0,3076.6,normal,80.18,9.2,0
2024-01-07 06:33:41,4,CNC,0.96,49.69,4.98,24.1,893.8,idle,80.28,15.6,0
2024-01-07 06:53:41,4,CNC,0.89,41.47,4.82,22.3,881.0,idle,80.62,9.1,0
2024-01-07 07:00:41,4,CNC,2.53,51.93,11.84,54.4,3093.9,normal,80.73,14.6,0
2024-01-07 07:06:41,4,CNC,1.25,62.39,6.38,102.2,3840.7,peak,80.83,16.0,0
2024-01-07 07:14:41,4,CNC,2.34,51.74,10.8,54.0,2931.5,normal,80.97,11.3,0
2024-01-07 07:38:41,4,CNC,2.93,58.79,13.44,59.6,2903.2,normal,81.37,17.0,0
2024-01-07 07:55:41,4,CNC,0.95,40.88,5.29,22.9,908.6,idle,81.65,15.6,0
2024-01-07 08:07:41,4,CNC,2.25,55.08,14.39,81.8,2868.9,normal,81.85,12.4,0
2024-01-07 08:34:41,4,CNC,3.16,51.27,9.95,74.6,3016.8,normal,82.3,10.6,0
2024-01-07 08:44:41,4,CNC,3.15,56.07,9.66,74.9,2886.9,normal,82.47,15.6,0
2024-01-07 08:50:41,4,CNC,2.41,57.33,9.92,70.5,2927.9,normal,82.57,8.3,0
2024-01-07 09:20:41,4,CNC,2.8,59.68,10.7,59.8,2875.3,normal,83.07,11.6,0
2024-01-07 09:31:41,4,CNC,2.05,59.86,15.96,76.8,2982.0,normal,83.25,15.2,0
2024-01-07 09:51:41,4,CNC,2.37,54.69,15.42,88.8,2949.0,normal,83.58,12.8,0
2024-01-07 10:07:41,4,CNC,0.79,47.7,4.2,24.6,907.3,idle,83.85,9.5,0
2024-01-07 10:34:41,4,CNC,0.74,49.77,5.48,25.6,884.7,idle,84.3,9.5,0
2024-01-07 10:45:41,4,CNC,0.77,45.82,4.63,21.2,879.7,idle,84.48,10.6,0
2024-01-07 10:54:41,4,CNC,2.73,51.06,11.67,52.7,3024.8,normal,84.63,10.1,0
2024-01-07 11:05:41,4,CNC,2.7,50.94,15.77,46.0,2977.0,normal,84.82,8.1,0
2024-01-07 11:18:41,4,CNC,0.93,47.88,4.05,25.4,914.3,idle,85.03,15.5,0
2024-01-07 11:36:41,4,CNC,2.59,57.23,9.79,73.3,2922.8,normal,85.33,14.2,0
2024-01-07 11:43:41,4,CNC,3.82,64.87,24.84,96.5,3839.9,peak,85.45,14.4,0
2024-01-07 12:03:41,4,CNC,0.74,40.46,4.81,24.8,892.7,idle,85.78,11.1,0
2024-01-07 12:16:41,4,CNC,2.6,60.21,11.71,65.8,2894.3,normal,86.0,17.3,0
2024-01-07 12:38:41,4,CNC,2.8,52.42,9.58,74.7,3082.7,normal,86.37,13.3,0
2024-01-07 12:45:41,4,CNC,2.65,61.74,13.87,70.9,3015.5,normal,86.48,11.8,0
2024-01-07 13:08:41,4,CNC,3.86,61.82,21.36,98.4,3935.7,peak,86.87,11.4,0
2024-01-07 13:19:41,4,CNC,3.04,55.18,11.93,46.0,2954.6,normal,87.05,9.5,0
2024-01-07 13:40:41,4,CNC,0.86,48.61,4.74,24.1,856.0,idle,87.4,15.9,0
2024-01-07 14:02:41,4,CNC,2.05,56.07,12.72,88.7,3091.2,normal,87.77,13.0,0
2024-01-07 14:22:41,4,CNC,3.88,63.37,27.64,105.3,3917.9,peak,88.1,17.1,0
2024-01-07 14:50:41,4,CNC,0.91,40.17,4.22,25.0,895.2,idle,88.57,16.2,0
2024-01-07 15:17:41,4,CNC,2.31,57.51,15.38,76.0,2919.4,normal,89.02,10.3,0
2024-01-07 15:25:41,4,CNC,1.97,54.41,15.86,68.6,2941.6,normal,89.15,8.3,0
2024-01-07 15:47:41,4,CNC,2.5,63.26,13.43,78.4,2916.8,normal,89.52,11.3,0
2024-01-07 15:51:41,4,CNC,1.84,63.96,15.67,88.1,3083.1,normal,89.58,17.6,0
2024-01-07 16:20:41,4,CNC,0.94,46.85,5.27,23.6,859.4,idle,90.07,16.7,0
2024-01-07 16:47:41,4,CNC,2.35,50.21,11.78,85.0,2828.0,normal,90.52,13.7,0
2024-01-07 16:56:41,4,CNC,2.27,55.26,9.84,46.0,2857.9,normal,90.67,16.0,0
2024-01-07 17:03:41,4,CNC,0.95,40.63,4.45,20.1,898.7,idle,90.78,14.5,0
2024-01-07 17:12:41,4,CNC,2.67,59.67,11.93,59.9,3016.1,normal,90.93,15.2,0
2024-01-07 17:19:41,4,CNC,2.94,52.08,12.66,61.5,2850.4,normal,91.05,14.1,0
2024-01-07 17:38:41,4,CNC,2.83,58.07,10.91,63.8,3090.0,normal,91.37,15.4,0
2024-01-07 18:03:41,4,CNC,0.95,48.8,4.69,23.7,876.4,idle,91.78,8.6,0
2024-01-07 18:33:41,4,CNC,1.91,56.02,13.36,62.9,3054.4,normal,92.28,11.0,0
2024-01-07 18:41:41,4,CNC,2.01,55.51,10.31,67.4,2811.9,normal,92.42,13.9,0
2024-01-07 19:01:41,4,CNC,2.18,56.02,12.61,72.7,2882.4,normal,92.75,9.0,0
2024-01-07 19:31:41,4,CNC,0.86,45.47,4.49,25.0,886.8,idle,93.25,11.2,0
2024-01-07 19:53:41,4,CNC,2.28,64.85,15.1,89.3,2999.4,normal,93.62,12.8,0
2024-01-07 20:09:41,4,CNC,2.35,55.05,13.94,89.3,2977.3,normal,93.88,10.0,0
2024-01-07 20:28:41,4,CNC,3.06,56.01,12.3,86.4,3013.2,normal,94.2,14.0,0
2024-01-07 20:39:41,4,CNC,3.2,62.82,12.59,72.2,3054.3,normal,94.38,13.8,0
2024-01-07 21:08:41,4,CNC,3.69,63.89,22.76,102.7,3803.5,peak,94.87,15.2,0
2024-01-07 21:24:41,4,CNC,0.93,42.84,4.7,24.8,876.1,idle,95.13,9.9,0
2024-01-07 21:51:41,4,CNC,3.03,57.21,16.09,60.0,2786.5,normal,95.58,15.6,0
2024-01-07 21:53:41,4,CNC,3.07,63.38,11.27,89.4,2924.1,normal,95.62,12.1,0
2024-01-07 22:03:41,4,CNC,1.01,47.27,4.83,22.7,865.1,idle,95.78,9.8,0
2024-01-07 22:21:41,4,CNC,0.88,46.97,4.17,21.6,855.9,idle,96.08,10.8,0
2024-01-07 22:43:41,4,CNC,0.98,48.7,5.31,25.7,884.7,idle,96.45,16.7,0
2024-01-07 22:52:41,4,CNC,1.01,45.94,4.42,22.4,872.3,idle,96.6,14.8,0
2024-01-07 23:10:41,4,CNC,1.0,48.64,4.59,24.5,873.9,idle,96.9,12.4,0
2024-01-07 23:36:41,4,CNC,2.09,62.0,16.01,84.0,2933.3,normal,97.33,12.9,0
2024-01-07 23:48:41,4,CNC,2.4,54.8,13.05,80.6,2864.5,normal,97.53,13.1,0
2024-01-08 00:05:41,4,CNC,0.79,53.02,5.45,23.8,845.9,idle,97.82,8.7,0
2024-01-08 00:20:41,4,CNC,0.76,44.92,5.14,20.7,893.8,idle,98.07,8.9,0
2024-01-08 00:49:41,4,CNC,1.04,47.9,4.91,24.3,899.0,idle,98.55,14.4,0
2024-01-08 01:08:41,4,CNC,1.01,45.05,4.47,24.5,881.0,idle,98.87,9.9,0
2024-01-08 01:13:41,4,CNC,0.77,49.55,5.44,21.3,893.3,idle,98.95,10.1,0
2024-01-08 01:31:41,4,CNC,0.75,52.57,5.19,21.9,882.1,idle,99.25,15.7,0
2024-01-08 01:48:41,4,CNC,0.97,54.3,4.81,24.1,873.2,idle,99.53,11.0,0
2024-01-08 02:09:41,4,CNC,0.9,54.11,4.24,21.7,867.9,idle,99.88,14.7,0
2024-01-08 02:21:41,4,CNC,0.78,54.44,5.27,22.9,886.2,idle,100.08,15.7,0
2024-01-08 02:48:41,4,CNC,0.88,51.28,4.26,22.2,838.8,idle,100.53,9.6,0
2024-01-08 03:11:41,4,CNC,0.96,50.76,4.75,22.8,842.6,idle,100.92,17.6,0
2024-01-08 03:28:41,4,CNC,1.03,46.71,5.67,23.1,869.7,idle,101.2,15.9,0
2024-01-08 03:54:41,4,CNC,0.83,56.16,4.75,23.5,894.0,idle,101.63,10.3,0
2024-01-08 04:04:41,4,CNC,1.01,51.97,5.9,24.2,840.1,idle,101.8,16.6,0
2024-01-08 04:15:41,4,CNC,0.87,50.08,4.87,24.6,865.2,idle,101.98,11.1,0
2024-01-08 04:40:41,4,CNC,0.75,55.82,4.81,26.0,889.1,idle,102.4,15.5,0
2024-01-08 04:56:41,4,CNC,1.04,55.35,4.69,23.2,838.8,idle,102.67,13.6,0
2024-01-08 05:22:41,4,CNC,0.83,53.67,4.41,25.8,884.7,idle,103.1,15.6,0
2024-01-08 05:36:41,4,CNC,0.86,52.88,5.12,25.3,868.5,idle,103.33,12.1,0
2024-01-08 05:58:41,4,CNC,0.83,52.47,5.06,25.8,832.7,idle,103.7,17.7,0
2024-01-08 06:24:41,4,CNC,2.07,71.52,16.79,85.1,2848.1,normal,104.13,16.2,0
2024-01-08 06:32:41,4,CNC,2.92,66.86,10.91,74.6,2703.0,normal,104.27,15.2,0
2024-01-08 06:43:41,4,CNC,0.86,57.86,4.9,25.6,835.8,idle,104.45,8.2,0
2024-01-08 06:58:41,4,CNC,0.85,55.0,5.65,23.0,877.7,idle,104.7,11.3,0
2024-01-08 07:17:41,4,CNC,0.76,58.18,4.73,25.3,844.4,idle,105.02,16.0,0
2024-01-08 07:38:41,4,CNC,1.25,69.28,11.76,86.9,2760.2,normal,105.37,16.6,0
2024-01-08 07:43:41,4,CNC,2.31,71.48,11.27,60.4,2833.8,normal,105.45,9.6,0
2024-01-08 08:08:41,4,CNC,3.2,61.78,14.49,79.0,2932.7,normal,105.87,15.2,0
2024-01-08 08:25:41,4,CNC,4.28,81.12,27.27,101.5,3672.9,peak,106.15,17.5,0
2024-01-08 08:51:41,4,CNC,0.99,60.03,5.7,20.1,846.5,idle,106.58,14.9,0
2024-01-08 09:15:41,4,CNC,2.9,70.74,15.86,73.2,2739.4,normal,106.98,10.8,0
2024-01-08 09:36:41,4,CNC,3.4,71.09,12.38,64.2,2936.2,normal,107.33,8.6,0
2024-01-08 09:39:41,4,CNC,3.32,66.76,10.94,53.8,2753.1,normal,107.38,10.8,0
2024-01-08 09:52:41,4,CNC,2.93,69.6,15.31,79.3,2675.4,normal,107.6,10.8,0
2024-01-08 10:09:41,4,CNC,2.13,66.44,11.84,54.9,2850.6,normal,107.88,15.5,0
2024-01-08 10:21:41,4,CNC,4.22,81.98,29.52,105.0,3827.8,peak,108.08,15.3,0
2024-01-08 10:49:41,4,CNC,2.4,76.43,12.1,60.1,2744.0,normal,108.55,9.5,0
2024-01-08 11:00:41,4,CNC,3.49,76.49,16.63,75.9,2808.2,normal,108.73,13.6,0
2024-01-08 11:16:41,4,CNC,3.48,72.29,17.76,64.0,2752.7,normal,109.0,13.7,0
2024-01-08 11:42:41,4,CNC,1.06,53.68,6.17,23.0,867.1,idle,109.43,13.6,0
2024-01-08 12:10:41,4,CNC,2.51,73.26,14.45,75.8,2793.0,normal,109.9,8.2,0
2024-01-08 12:36:41,4,CNC,1.1,50.21,5.02,25.5,854.3,idle,110.33,16.7,0
2024-01-08 13:00:41,4,CNC,0.9,54.14,6.15,21.7,819.3,idle,110.73,11.1,0
2024-01-08 13:29:41,4,CNC,3.45,75.56,12.02,81.2,2896.4,normal,111.22,15.7,0
2024-01-08 13:54:41,4,CNC,0.81,62.03,5.58,24.0,832.3,idle,111.63,9.8,0
2024-01-08 14:10:41,4,CNC,3.11,64.48,16.77,53.3,2760.7,normal,111.9,11.6,0
2024-01-08 14:18:41,4,CNC,0.84,62.31,5.19,22.7,826.9,idle,112.03,15.0,0
2024-01-08 14:28:41,4,CNC,3.23,71.41,17.0,54.8,2683.7,normal,112.2,17.3,0
2024-01-08 14:34:41,4,CNC,2.88,78.48,11.62,53.6,2672.9,normal,112.3,12.1,0
2024-01-08 14:48:41,4,CNC,1.0,58.43,6.38,20.4,810.3,idle,112.53,16.0,0
2024-01-08 15:16:41,4,CNC,1.25,50.21,6.38,56.7,854.3,normal,113.0,17.1,0
2024-01-08 15:34:41,4,CNC,2.57,75.7,15.12,60.5,2857.6,normal,113.3,13.7,0
2024-01-08 15:37:41,4,CNC,4.35,79.76,27.99,98.9,3748.8,peak,113.35,16.7,0
2024-01-08 15:49:41,4,CNC,0.89,63.62,5.08,20.1,812.3,idle,113.55,12.9,0
2024-01-08 16:09:41,4,CNC,2.34,73.04,12.73,81.0,2682.6,normal,113.88,8.7,0
2024-01-08 16:13:41,4,CNC,3.16,74.15,18.72,90.0,2857.9,normal,113.95,17.7,0
2024-01-08 16:39:41,4,CNC,3.25,71.59,17.0,46.0,2617.1,normal,114.38,9.6,0
2024-01-08 16:57:41,4,CNC,0.98,58.18,5.73,22.8,829.2,idle,114.68,8.9,0
2024-01-08 17:13:41,4,CNC,2.93,80.6,15.51,84.2,2694.9,normal,114.95,17.9,0
2024-01-08 17:39:41,4,CNC,2.75,73.57,13.44,66.4,2768.7,normal,115.38,14.8,0
2024-01-08 18:07:41,4,CNC,2.99,76.4,14.06,64.0,2768.0,normal,115.85,12.5,0
2024-01-08 18:37:41,4,CNC,3.8,79.52,22.04,96.1,3587.2,peak,116.35,9.5,0
2024-01-08 18:49:41,4,CNC,2.1,71.04,16.49,54.3,2712.9,normal,116.55,14.5,0
2024-01-08 19:01:41,4,CNC,3.54,79.38,13.79,87.1,2681.3,normal,116.75,15.8,1
2024-01-08 19:31:41,4,CNC,2.19,82.79,18.26,69.7,2770.1,normal,117.25,13.7,1
2024-01-08 19:52:41,4,CNC,1.04,60.07,5.19,22.8,842.8,idle,117.6,8.2,1
2024-01-08 20:04:41,4,CNC,2.09,80.02,11.93,70.2,2757.1,normal,117.8,10.6,1
2024-01-08 20:24:41,4,CNC,1.05,59.1,5.61,23.5,786.8,idle,118.13,11.3,1
2024-01-08 20:46:41,4,CNC,0.86,65.43,5.81,21.0,816.0,idle,118.5,15.7,1
2024-01-08 20:59:41,4,CNC,1.13,59.1,6.03,20.4,781.4,idle,118.72,15.1,1
2024-01-08 21:05:41,4,CNC,2.34,75.36,17.92,62.7,2744.2,normal,118.82,9.5,1
2024-01-08 21:12:41,4,CNC,2.77,87.17,15.64,82.3,2800.1,normal,118.93,13.3,1
2024-01-08 21:38:41,4,CNC,3.49,74.5,17.91,60.1,2770.1,normal,119.37,11.5,1
2024-01-08 21:50:41,4,CNC,1.14,59.7,5.7,23.9,823.7,idle,119.57,17.3,1
2024-01-08 21:58:41,4,CNC,2.4,84.24,16.53,58.2,2569.7,normal,119.7,12.2,1
2024-01-08 22:07:41,4,CNC,3.39,70.97,12.77,73.8,2728.5,normal,119.85,10.2,1
2024-01-08 22:09:41,4,CNC,1.06,63.74,6.33,25.9,795.3,idle,119.88,17.0,1
2024-01-08 22:14:41,4,CNC,1.06,69.14,6.38,24.1,792.0,idle,119.97,11.8,1
2024-01-08 22:43:41,4,CNC,1.01,50.21,6.22,26.0,778.5,idle,120.45,15.4,1
2024-01-08 22:46:41,4,CNC,0.84,61.03,6.29,20.8,816.0,idle,120.5,12.0,1
2024-01-08 23:12:41,4,CNC,0.94,65.13,5.34,25.2,812.5,idle,120.93,16.1,1
2024-01-08 23:19:41,4,CNC,1.15,66.4,5.18,21.0,837.9,idle,121.05,13.8,1
2024-01-08 23:24:41,4,CNC,1.08,61.2,6.26,22.5,794.2,idle,121.13,10.1,1
2024-01-08 23:49:41,4,CNC,0.89,69.41,5.08,46.0,793.0,idle,121.55,15.5,1
2024-01-09 00:04:41,4,CNC,0.89,66.27,4.99,21.8,832.2,idle,121.8,17.9,1
2024-01-09 00:17:41,4,CNC,0.93,64.95,5.86,23.4,823.7,idle,122.02,13.1,1
2024-01-09 00:19:41,4,CNC,0.9,70.1,6.4,24.3,777.7,idle,122.05,16.0,1
2024-01-09 00:48:41,4,CNC,0.84,67.67,6.6,23.5,784.4,idle,122.53,11.6,1
2024-01-09 01:16:41,4,CNC,0.87,69.07,6.36,21.0,771.4,idle,123.0,17.5,1
2024-01-09 01:25:41,4,CNC,2.82,80.92,17.66,82.8,2699.6,normal,123.15,8.8,1
2024-01-09 01:55:41,4,CNC,1.25,69.37,6.89,25.4,823.0,idle,123.65,17.5,1
2024-01-09 02:20:41,4,CNC,0.94,70.36,6.66,24.1,782.6,idle,124.07,11.2,1
2024-01-09 02:49:41,4,CNC,1.19,67.71,5.3,20.7,806.3,idle,124.55,13.6,1
2024-01-09 03:07:41,4,CNC,1.0,64.36,6.48,24.8,810.4,idle,124.85,15.0,1
2024-01-09 03:10:41,4,CNC,0.91,70.35,5.1,21.8,789.7,idle,124.9,10.1,1
2024-01-09 03:23:41,4,CNC,1.14,67.51,5.1,22.1,795.4,idle,125.12,16.2,1
2024-01-09 03:30:41,4,CNC,1.18,73.11,6.38,21.1,774.0,idle,125.23,13.2,1
2024-01-09 03:55:41,4,CNC,1.13,64.06,5.34,46.0,778.1,idle,125.65,14.7,1
2024-01-09 04:25:41,4,CNC,2.33,79.76,14.42,71.4,2770.7,normal,126.15,15.9,1
2024-01-09 04:42:41,4,CNC,0.9,68.3,6.92,25.3,785.2,idle,126.43,12.0,1
2024-01-09 05:10:41,4,CNC,1.1,65.79,6.51,25.8,792.9,idle,126.9,11.2,1
2024-01-09 05:22:41,4,CNC,1.03,66.93,6.37,23.5,799.5,idle,127.1,12.7,1
2024-01-09 05:37:41,4,CNC,2.15,70.73,6.3,21.2,771.1,idle,127.35,11.8,1
2024-01-09 06:02:41,4,CNC,2.67,50.21,17.36,84.1,2572.5,normal,127.77,9.6,1
2024-01-09 06:15:41,4,CNC,1.18,73.14,5.94,20.6,772.4,idle,127.98,8.9,1
2024-01-09 06:20:41,4,CNC,4.85,89.04,27.57,97.8,3595.8,peak,128.07,12.6,1
2024-01-09 06:49:41,4,CNC,0.95,69.41,6.0,22.6,780.4,idle,128.55,12.4,1
2024-01-09 07:16:41,4,CNC,3.08,88.66,19.31,82.3,2509.6,normal,129.0,11.1,1
2024-01-09 07:46:41,4,CNC,4.72,86.85,25.15,109.2,3581.0,peak,129.5,9.3,1
2024-01-09 07:59:41,4,CNC,4.48,95.0,35.0,104.2,3523.5,peak,129.72,14.7,1
2024-01-09 08:16:41,4,CNC,1.25,80.65,13.88,80.9,2565.4,normal,130.0,16.3,1
2024-01-09 08:24:41,4,CNC,2.46,81.99,15.52,88.7,2657.7,normal,130.13,13.1,1
2024-01-09 08:33:41,4,CNC,1.06,77.07,7.02,23.1,806.2,idle,130.28,15.4,1
2024-01-09 08:44:41,4,CNC,1.01,69.81,5.72,24.0,780.7,idle,130.47,9.1,1
2024-01-09 08:54:41,4,CNC,3.36,87.92,12.7,54.0,2609.3,normal,130.63,14.6,1
2024-01-09 09:18:41,4,CNC,4.15,95.0,31.03,103.8,3425.1,peak,131.03,14.7,1
2024-01-09 09:36:41,4,CNC,3.35,90.58,21.13,83.9,2609.3,normal,131.33,16.8,1
2024-01-09 09:48:41,4,CNC,2.57,88.51,20.63,60.0,2528.0,normal,131.53,14.6,1
2024-01-09 10:13:41,4,CNC,4.13,95.0,29.28,95.9,3564.6,peak,131.95,8.3,1
2024-01-09 10:35:41,4,CNC,3.22,83.83,15.61,63.0,2573.4,normal,132.32,10.0,1
2024-01-09 10:37:41,4,CNC,2.83,87.11,19.33,77.6,2530.8,normal,132.35,8.3,1
2024-01-09 10:44:41,4,CNC,3.17,91.57,13.23,55.0,2598.5,normal,132.47,8.1,1
2024-01-09 11:01:41,4,CNC,1.11,71.29,6.83,23.9,800.3,idle,132.75,9.9,1
2024-01-09 11:15:41,4,CNC,2.55,50.21,13.41,73.5,2592.6,normal,132.98,10.1,1
2024-01-09 11:34:41,4,CNC,2.93,92.25,12.75,71.8,2502.0,normal,133.3,15.4,1
2024-01-09 11:46:41,4,CNC,3.56,80.37,19.98,83.8,2661.3,normal,133.5,16.9,1
2024-01-09 11:58:41,4,CNC,0.94,76.17,5.39,25.1,785.3,idle,133.7,12.9,1
2024-01-09 12:14:41,4,CNC,1.08,77.37,5.56,23.2,758.2,idle,133.97,14.7,1
2024-01-09 12:40:41,4,CNC,3.98,93.24,19.22,87.5,2525.9,normal,134.4,8.6,1
2024-01-09 12:55:41,4,CNC,3.86,85.44,19.24,80.0,2438.0,normal,134.65,17.6,1
2024-01-09 13:00:41,4,CNC,2.92,80.91,21.57,46.0,2574.0,normal,134.73,12.6,1
2024-01-09 13:05:41,4,CNC,3.68,83.7,17.09,75.1,2473.5,normal,134.82,11.0,1
2024-01-09 13:16:41,4,CNC,3.65,85.31,14.7,73.2,2537.0,normal,135.0,13.5,1
2024-01-09 13:45:41,4,CNC,4.99,95.0,30.96,100.4,3377.0,peak,135.48,9.8,1
2024-01-09 13:53:41,4,CNC,2.75,89.44,19.99,63.8,2474.2,normal,135.62,14.8,1
2024-01-09 14:01:41,4,CNC,1.07,72.05,6.86,23.1,765.8,idle,135.75,11.5,1
2024-01-09 14:27:41,4,CNC,2.82,95.0,13.74,85.0,2517.5,normal,136.18,16.6,1
2024-01-09 14:30:41,4,CNC,1.25,79.01,6.38,46.0,854.3,idle,136.23,11.6,1
2024-01-09 14:54:41,4,CNC,4.12,92.28,33.27,104.9,3472.0,peak,136.63,13.3,1
2024-01-09 15:01:41,4,CNC,3.58,91.98,19.79,73.8,2482.3,normal,136.75,9.7,1
2024-01-09 15:29:41,4,CNC,5.02,90.74,29.7,46.0,3382.1,peak,137.22,15.2,1
2024-01-09 15:50:41,4,CNC,1.25,83.68,18.85,88.7,2550.1,normal,137.57,10.0,1
2024-01-09 16:04:41,4,CNC,3.22,87.63,15.36,52.8,2476.0,normal,137.8,17.0,1
2024-01-09 16:34:41,4,CNC,3.12,86.19,13.89,79.3,2631.5,normal,138.3,11.2,1
2024-01-09 16:36:41,4,CNC,4.0,92.52,13.58,80.2,2429.3,normal,138.33,15.1,1
2024-01-09 16:44:41,4,CNC,4.81,95.0,6.38,109.3,3446.7,peak,138.47,14.1,1
2024-01-09 16:47:41,4,CNC,1.17,76.0,7.45,46.0,782.7,idle,138.52,9.4,1
2024-01-09 17:15:41,4,CNC,2.89,85.67,20.6,52.1,2608.9,normal,138.98,17.7,1
2024-01-09 17:29:41,4,CNC,1.01,82.74,6.99,24.0,748.4,idle,139.22,14.5,1
2024-01-09 17:49:41,4,CNC,2.43,95.0,14.75,66.2,2544.1,normal,139.55,16.3,1
2024-01-09 17:58:41,4,CNC,4.64,95.0,27.01,96.8,3463.2,peak,139.7,10.8,1
2024-01-09 18:03:41,4,CNC,0.92,84.08,5.99,20.7,759.5,idle,139.78,13.9,1
2024-01-09 18:11:41,4,CNC,2.47,93.44,20.94,53.8,2591.7,normal,139.92,14.7,1
2024-01-09 18:13:41,4,CNC,3.04,86.82,14.83,86.9,2415.2,normal,139.95,13.2,1
2024-01-09 18:18:41,4,CNC,1.24,79.93,5.66,22.8,773.1,idle,140.03,14.0,1
2024-01-09 18:41:41,4,CNC,3.66,92.1,21.09,56.6,2615.1,normal,140.42,16.2,1
2024-01-10 06:09:11,4,CNC,0.95,47.08,5.23,23.3,897.3,idle,0.0,15.2,0
2024-01-10 06:39:11,4,CNC,2.58,55.33,13.2,61.8,2932.1,normal,0.5,17.9,0
2024-01-10 06:53:11,4,CNC,0.78,41.23,4.48,25.1,876.7,idle,0.73,10.6,0
2024-01-10 07:15:11,4,CNC,2.85,52.63,12.26,56.4,2841.6,normal,1.1,13.8,0
2024-01-10 07:45:11,4,CNC,0.89,46.07,4.32,22.9,910.4,idle,1.6,16.7,0
2024-01-10 08:02:11,4,CNC,0.75,40.19,4.98,20.3,918.6,idle,1.88,10.2,0
2024-01-10 08:07:11,4,CNC,2.65,57.06,12.29,73.8,2827.2,normal,1.97,15.3,0
2024-01-10 08:28:11,4,CNC,0.98,46.26,4.28,46.0,859.3,idle,2.32,10.4,0
2024-01-10 08:57:11,4,CNC,0.71,46.31,4.97,23.5,862.8,idle,2.8,16.4,0
2024-01-10 09:12:11,4,CNC,2.64,50.85,13.46,73.0,2996.6,normal,3.05,14.4,0
2024-01-10 09:41:11,4,CNC,0.97,48.5,5.47,25.9,904.1,idle,3.53,16.4,0
2024-01-10 10:06:11,4,CNC,3.14,63.01,14.23,54.9,2814.7,normal,3.95,10.5,0
2024-01-10 10:24:11,4,CNC,2.97,57.34,14.79,63.9,2919.3,normal,4.25,14.7,0
2024-01-10 10:34:11,4,CNC,3.76,73.56,18.88,107.9,4037.9,peak,4.42,8.8,0
2024-01-10 10:39:11,4,CNC,0.79,43.55,4.07,20.1,883.4,idle,4.5,12.9,0
2024-01-10 10:59:11,4,CNC,1.93,52.91,15.0,73.7,2990.1,normal,4.83,13.9,0
2024-01-10 11:22:11,4,CNC,2.06,62.43,15.14,71.9,3073.8,normal,5.22,18.0,0
2024-01-10 11:50:11,4,CNC,0.95,47.31,5.1,20.6,869.0,idle,5.68,13.6,0
2024-01-10 12:18:11,4,CNC,1.89,50.13,10.53,85.5,2872.0,normal,6.15,14.1,0
2024-01-10 12:47:11,4,CNC,3.98,68.15,20.37,102.5,3865.7,peak,6.63,11.8,0
2024-01-10 13:08:11,4,CNC,3.18,62.71,9.67,88.0,3016.3,normal,6.98,16.4,0
2024-01-10 13:30:11,4,CNC,3.27,69.4,24.47,98.3,4027.5,peak,7.35,13.8,0
2024-01-10 13:35:11,4,CNC,3.27,66.32,18.1,109.5,4025.5,peak,7.43,10.4,0
2024-01-10 13:55:11,4,CNC,1.76,43.42,4.24,24.6,854.1,idle,7.77,17.0,0
2024-01-10 14:10:11,4,CNC,0.95,49.42,5.01,21.3,875.2,idle,8.02,15.2,0
2024-01-10 14:13:11,4,CNC,2.47,59.07,13.85,73.1,2905.4,normal,8.07,15.9,0
2024-01-10 14:42:11,4,CNC,3.05,51.22,12.53,81.5,2818.3,normal,8.55,16.6,0
2024-01-10 14:45:11,4,CNC,3.76,71.94,24.61,95.2,3854.0,peak,8.6,16.1,0
2024-01-10 15:07:11,4,CNC,0.8,42.34,5.44,23.9,870.8,idle,8.97,12.3,0
2024-01-10 15:09:11,4,CNC,3.1,61.11,11.35,66.4,2859.8,normal,9.0,9.8,0
2024-01-10 15:31:11,4,CNC,3.98,66.79,26.96,100.2,4058.2,peak,9.37,9.0,0
2024-01-10 15:46:11,4,CNC,1.25,49.82,5.37,46.0,904.2,idle,9.62,15.3,0
2024-01-10 16:15:11,4,CNC,0.93,49.01,4.46,22.8,910.5,idle,10.1,11.6,0
2024-01-10 16:38:11,4,CNC,2.89,55.9,15.0,53.8,3034.6,normal,10.48,17.7,0
2024-01-10 16:47:11,4,CNC,2.09,54.29,12.71,69.1,2956.2,normal,10.63,15.8,0
2024-01-10 16:59:11,4,CNC,2.56,54.97,10.64,81.2,2920.0,normal,10.83,17.9,0
2024-01-10 17:09:11,4,CNC,0.85,46.45,5.36,24.2,853.2,idle,11.0,9.6,0
2024-01-10 17:28:11,4,CNC,0.95,49.89,4.71,25.8,888.3,idle,11.32,13.5,0
2024-01-10 17:40:11,4,CNC,0.84,43.31,4.99,21.4,857.4,idle,11.52,15.5,0
2024-01-10 18:06:11,4,CNC,0.71,42.92,4.59,23.3,870.5,idle,11.95,16.4,0
2024-01-10 18:35:11,4,CNC,3.18,54.38,12.37,55.9,2878.2,normal,12.43,11.5,0
2024-01-10 18:54:11,4,CNC,0.71,45.6,5.13,21.2,875.8,idle,12.75,16.4,0
2024-01-10 19:03:11,4,CNC,1.82,62.59,14.57,54.4,2909.5,normal,12.9,11.1,0
2024-01-10 19:28:11,4,CNC,3.14,55.88,12.92,65.5,2978.8,normal,13.32,12.1,0
2024-01-10 19:49:11,4,CNC,1.25,64.96,14.54,67.4,2948.3,normal,13.67,9.9,0
2024-01-10 20:03:11,4,CNC,2.3,64.78,14.1,69.1,2803.6,normal,13.9,16.6,0
2024-01-10 20:20:11,4,CNC,2.53,64.76,12.9,58.9,2806.6,normal,14.18,16.1,0
2024-01-10 20:50:11,4,CNC,2.3,63.77,15.98,87.9,3018.8,normal,14.68,9.6,0
2024-01-10 20:57:11,4,CNC,2.58,58.86,6.38,78.9,2925.7,normal,14.8,9.1,0
2024-01-10 21:17:11,4,CNC,1.25,51.82,11.23,83.8,3071.1,normal,15.13,13.1,0
2024-01-10 21:39:11,4,CNC,2.55,50.47,15.53,78.7,2924.2,normal,15.5,15.6,0
2024-01-10 21:58:11,4,CNC,2.64,56.45,12.52,85.7,2848.3,normal,15.82,14.2,0
2024-01-10 22:02:11,4,CNC,0.73,40.03,4.47,20.9,865.4,idle,15.88,8.9,0
2024-01-10 22:23:11,4,CNC,1.82,53.41,11.66,53.2,2982.4,normal,16.23,14.6,0
2024-01-10 22:52:11,4,CNC,0.87,40.97,4.89,26.0,916.1,idle,16.72,15.2,0
2024-01-10 23:11:11,4,CNC,0.7,47.95,4.53,20.4,870.7,idle,17.03,9.3,0
2024-01-10 23:25:11,4,CNC,0.8,45.23,4.99,24.5,867.2,idle,17.27,17.6,0
2024-01-10 23:53:11,4,CNC,2.25,54.63,11.86,90.0,3033.4,normal,17.73,16.0,0
2024-01-11 00:14:11,4,CNC,0.99,46.93,4.61,22.3,884.2,idle,18.08,8.8,0
2024-01-11 00:23:11,4,CNC,0.83,63.56,4.7,21.8,904.2,idle,18.23,8.4,0
2024-01-11 00:42:11,4,CNC,0.96,44.2,5.0,20.4,887.1,idle,18.55,17.9,0
2024-01-11 00:44:11,4,CNC,0.71,40.29,4.92,21.8,902.0,idle,18.58,16.3,0
2024-01-11 00:53:11,4,CNC,0.97,41.39,5.09,23.1,857.9,idle,18.73,10.3,0
2024-01-11 01:15:11,4,CNC,0.9,46.09,4.77,25.6,886.5,idle,19.1,9.5,0
2024-01-11 01:26:11,4,CNC,1.0,45.09,4.17,22.8,862.8,idle,19.28,8.2,0
2024-01-11 01:47:11,4,CNC,0.88,46.93,4.7,20.6,882.8,idle,19.63,12.4,0
2024-01-11 02:06:11,4,CNC,0.72,46.82,5.19,25.8,860.4,idle,19.95,13.7,0
2024-01-11 02:21:11,4,CNC,0.86,45.68,5.38,23.8,860.2,idle,20.2,13.2,0
2024-01-11 02:35:11,4,CNC,0.83,46.55,5.05,25.2,862.6,idle,20.43,16.9,0
2024-01-11 02:49:11,4,CNC,0.99,40.59,5.48,25.1,896.2,idle,20.67,15.1,0
2024-01-11 03:02:11,4,CNC,0.92,40.73,4.06,46.0,856.1,idle,20.88,10.6,0
2024-01-11 03:15:11,4,CNC,0.86,42.15,5.29,22.7,898.7,idle,21.1,17.3,0
2024-01-11 03:24:11,4,CNC,0.9,43.2,4.36,22.1,905.8,idle,21.25,11.6,0
2024-01-11 03:48:11,4,CNC,0.88,42.54,5.23,20.3,898.9,idle,21.65,16.6,0
2024-01-11 04:12:11,4,CNC,0.83,47.31,5.39,24.5,880.9,idle,22.05,13.4,0
2024-01-11 04:18:11,4,CNC,0.75,48.06,4.69,20.4,900.3,idle,22.15,17.2,0
2024-01-11 04:36:11,4,CNC,0.79,40.49,5.35,22.9,854.3,idle,22.45,13.4,0
2024-01-11 04:41:11,4,CNC,0.91,48.86,4.0,24.1,903.7,idle,22.53,14.0,0
2024-01-11 05:06:11,4,CNC,0.76,44.9,4.13,24.5,909.3,idle,22.95,15.0,0
2024-01-11 05:25:11,4,CNC,0.73,48.16,5.16,22.1,898.3,idle,23.27,10.2,0
2024-01-11 05:35:11,4,CNC,0.7,49.32,4.83,23.7,896.5,idle,23.43,8.5,0
2024-01-11 05:56:11,4,CNC,0.87,48.57,4.91,25.4,890.8,idle,23.78,13.9,0
2024-01-11 06:00:11,4,CNC,3.34,73.53,24.82,105.5,4095.6,peak,23.85,9.7,0
2024-01-11 06:19:11,4,CNC,1.91,56.43,11.05,76.0,3042.0,normal,24.17,14.5,0
2024-01-11 06:49:11,4,CNC,3.15,56.82,14.61,86.8,3005.0,normal,24.67,16.7,0
2024-01-11 06:55:11,4,CNC,2.14,59.12,15.8,89.5,2992.7,normal,24.77,11.5,0
2024-01-11 07:20:11,4,CNC,3.04,53.01,11.1,88.2,2840.6,normal,25.18,10.5,0
2024-01-11 07:50:11,4,CNC,0.76,44.21,4.88,23.6,870.4,idle,25.68,15.1,0
2024-01-11 08:07:11,4,CNC,3.09,63.73,12.05,68.5,3010.8,normal,25.97,15.6,0
2024-01-11 08:13:11,4,CNC,3.73,64.5,22.14,100.2,3870.6,peak,26.07,10.2,0
2024-01-11 08:29:11,4,CNC,2.44,60.3,14.32,81.6,2912.4,normal,26.33,15.0,0
2024-01-11 08:40:11,4,CNC,2.87,50.1,12.6,82.2,2989.0,normal,26.52,13.7,0
2024-01-11 09:10:11,4,CNC,2.46,59.67,15.4,73.5,3039.9,normal,27.02,12.1,0
2024-01-11 09:36:11,4,CNC,3.17,60.58,13.23,53.4,2912.3,normal,27.45,14.8,0
2024-01-11 09:48:11,4,CNC,0.87,47.97,4.66,25.8,869.0,idle,27.65,17.7,0
2024-01-11 09:51:11,4,CNC,0.92,44.19,4.73,46.0,870.7,idle,27.7,11.6,0
2024-01-11 09:56:11,4,CNC,0.73,45.2,4.79,24.8,854.3,idle,27.78,8.7,0
2024-01-11 10:00:11,4,CNC,1.88,58.88,13.93,89.5,3082.8,normal,27.85,15.3,0
2024-01-11 10:25:11,4,CNC,2.8,57.83,10.55,66.6,2975.5,normal,28.27,17.8,0
2024-01-11 10:51:11,4,CNC,0.92,46.35,5.07,46.0,900.9,idle,28.7,9.8,0
2024-01-11 10:58:11,4,CNC,2.0,52.44,10.56,85.8,2822.8,normal,28.82,17.3,0
2024-01-11 11:23:11,4,CNC,2.92,53.5,12.54,86.8,2975.8,normal,29.23,8.9,0
2024-01-11 11:37:11,4,CNC,2.09,54.26,15.48,68.2,2976.1,normal,29.47,17.5,0
2024-01-11 11:51:11,4,CNC,0.84,43.78,4.33,24.1,900.3,idle,29.7,11.8,0
2024-01-11 12:08:11,4,CNC,2.18,61.84,15.05,87.0,2848.4,normal,29.98,11.4,0
2024-01-11 12:13:11,4,CNC,2.23,62.93,10.79,52.1,3061.1,normal,30.07,9.8,0
2024-01-11 12:28:11,4,CNC,0.81,44.23,4.68,25.1,873.4,idle,30.32,13.0,0
2024-01-11 12:35:11,4,CNC,3.09,59.38,12.95,64.4,2871.9,normal,30.43,10.0,0
2024-01-11 12:48:11,4,CNC,3.77,65.8,27.18,102.4,3950.9,peak,30.65,14.3,0
2024-01-11 13:00:11,4,CNC,2.44,62.1,12.3,62.2,3056.0,normal,30.85,8.9,0
2024-01-11 13:10:11,4,CNC,2.72,59.18,13.53,79.3,2890.9,normal,31.02,14.1,0
2024-01-11 13:29:11,4,CNC,1.93,62.57,10.4,79.4,2820.8,normal,31.33,11.7,0
2024-01-11 13:36:11,4,CNC,2.43,51.4,12.97,76.8,2847.2,normal,31.45,17.9,0
2024-01-11 13:38:11,4,CNC,2.43,64.41,12.46,82.5,3073.5,normal,31.48,11.8,0
2024-01-11 13:40:11,4,CNC,1.04,49.45,4.51,25.8,905.5,idle,31.52,13.7,0
2024-01-11 13:53:11,4,CNC,1.25,40.69,5.47,24.7,902.1,idle,31.73,17.6,0
2024-01-11 14:01:11,4,CNC,2.02,54.07,15.87,71.0,2913.7,normal,31.87,13.0,0
2024-01-11 14:20:11,4,CNC,3.18,51.99,12.32,66.3,2898.4,normal,32.18,11.5,0
2024-01-11 14:49:11,4,CNC,0.86,42.93,4.31,23.8,911.8,idle,32.67,9.5,0
2024-01-11 15:02:11,4,CNC,2.73,55.37,10.66,83.5,3082.2,normal,32.88,16.9,0
2024-01-11 15:26:11,4,CNC,0.88,43.93,4.97,24.6,878.9,idle,33.28,15.7,0
2024-01-11 15:44:11,4,CNC,1.25,61.86,15.97,58.3,3087.7,normal,33.58,16.2,0
2024-01-11 15:46:11,4,CNC,2.61,61.97,13.42,70.5,2998.1,normal,33.62,17.4,0
2024-01-11 16:16:11,4,CNC,3.97,61.42,23.28,102.8,3844.1,peak,34.12,17.4,0
2024-01-11 16:43:11,4,CNC,4.51,63.29,22.51,97.3,3942.0,peak,34.57,17.4,0
2024-01-11 16:48:11,4,CNC,2.55,50.21,11.17,54.0,3019.1,normal,34.65,9.8,0
2024-01-11 17:06:11,4,CNC,3.12,56.65,10.01,84.9,2836.3,normal,34.95,9.0,0
2024-01-11 17:14:11,4,CNC,3.59,58.76,11.96,80.2,3046.9,normal,35.08,18.0,0
2024-01-11 17:26:11,4,CNC,4.08,66.57,22.82,108.8,3985.8,peak,35.28,17.3,0
2024-01-11 17:45:11,4,CNC,0.9,43.59,4.45,21.6,861.1,idle,35.6,15.8,0
2024-01-11 17:50:11,4,CNC,1.06,42.93,4.69,46.0,865.2,idle,35.68,8.7,0
2024-01-11 17:59:11,4,CNC,2.23,53.05,10.57,83.8,2979.2,normal,35.83,10.4,0
2024-01-11 18:27:11,4,CNC,2.26,57.83,11.61,74.0,2937.5,normal,36.3,15.9,0
2024-01-11 18:30:11,4,CNC,2.96,56.7,10.67,80.2,3043.8,normal,36.35,17.2,0
2024-01-11 18:47:11,4,CNC,1.18,42.66,5.25,24.4,910.0,idle,36.63,17.1,0
2024-01-11 19:11:11,4,CNC,0.95,49.61,4.2,23.8,868.2,idle,37.03,13.9,0
2024-01-11 19:40:11,4,CNC,3.55,65.29,12.24,72.0,2813.1,normal,37.52,14.6,0
2024-01-11 19:52:11,4,CNC,4.38,66.54,20.47,108.4,854.3,peak,37.72,13.6,0
2024-01-11 20:16:11,4,CNC,3.37,65.88,15.95,82.1,2828.8,normal,38.12,11.9,0
2024-01-11 20:35:11,4,CNC,3.71,56.78,16.04,79.0,3009.0,normal,38.43,10.8,0
2024-01-11 20:41:11,4,CNC,1.25,50.21,15.37,46.0,2783.7,normal,38.53,10.0,0
2024-01-11 21:03:11,4,CNC,3.97,53.43,13.99,78.3,2806.0,normal,38.9,12.4,0
2024-01-11 21:07:11,4,CNC,2.39,64.57,12.45,56.1,3000.6,normal,38.97,12.9,0
2024-01-11 21:19:11,4,CNC,1.25,61.67,10.95,52.6,2981.6,normal,39.17,14.1,0
2024-01-11 21:30:11,4,CNC,3.32,62.68,15.37,68.5,2809.8,normal,39.35,15.9,0
2024-01-11 21:41:11,4,CNC,1.27,48.42,6.38,25.6,906.1,idle,39.53,15.0,0
2024-01-11 21:59:11,4,CNC,1.14,46.05,5.72,24.1,869.6,idle,39.83,9.9,0
2024-01-11 22:03:11,4,CNC,1.14,47.25,5.55,46.0,898.3,idle,39.9,13.9,0
2024-01-11 22:33:11,4,CNC,1.26,51.48,5.3,25.1,867.6,idle,40.4,9.7,0
2024-01-11 22:45:11,4,CNC,0.97,51.73,4.96,20.8,848.6,idle,40.6,13.3,0
2024-01-11 22:48:11,4,CNC,2.69,64.58,14.75,59.8,3020.3,normal,40.65,11.8,0
2024-01-11 23:01:11,4,CNC,2.93,65.28,13.25,79.8,2881.5,normal,40.87,8.5,0
2024-01-11 23:29:11,4,CNC,1.08,51.95,4.24,25.9,884.8,idle,41.33,12.3,0
2024-01-11 23:47:11,4,CNC,1.13,49.91,4.38,23.1,907.8,idle,41.63,9.8,0
2024-01-12 00:00:11,4,CNC,1.05,50.92,4.88,23.9,853.7,idle,41.85,8.4,0
2024-01-12 00:08:11,4,CNC,1.15,53.54,4.5,23.8,879.2,idle,41.98,17.5,0
2024-01-12 00:38:11,4,CNC,1.21,50.05,5.0,20.1,901.2,idle,42.48,11.2,0
2024-01-12 01:02:11,4,CNC,1.33,45.76,4.87,24.6,906.3,idle,42.88,10.1,0
2024-01-12 01:24:11,4,CNC,1.4,50.21,4.47,25.5,898.9,idle,43.25,8.5,0
2024-01-12 01:38:11,4,CNC,1.15,48.16,4.95,23.9,856.1,idle,43.48,14.9,0
2024-01-12 01:49:11,4,CNC,1.01,45.68,4.93,21.7,890.7,idle,43.67,10.4,0
2024-01-12 02:17:11,4,CNC,6.13,68.17,16.22,86.5,2977.4,normal,44.13,11.3,0
2024-01-12 02:24:11,4,CNC,2.82,61.02,10.96,89.5,2856.9,normal,44.25,16.3,0
2024-01-12 02:37:11,4,CNC,3.8,66.21,16.41,80.7,2957.2,normal,44.47,12.0,0
2024-01-12 02:43:11,4,CNC,1.22,50.6,4.39,25.3,874.6,idle,44.57,10.5,0
2024-01-12 03:06:11,4,CNC,1.04,53.87,5.02,25.2,895.8,idle,44.95,17.2,0
2024-01-12 03:29:11,4,CNC,1.39,45.4,4.65,25.2,898.4,idle,45.33,16.6,0
2024-01-12 03:51:11,4,CNC,1.25,49.3,4.54,25.8,850.8,idle,45.7,17.4,0
2024-01-12 04:13:11,4,CNC,1.14,51.63,4.65,25.6,836.5,idle,46.07,10.7,0
2024-01-12 04:37:11,4,CNC,1.06,50.19,5.05,21.0,869.5,idle,46.47,16.2,0
2024-01-12 04:51:11,4,CNC,1.25,54.11,4.29,25.9,878.2,idle,46.7,17.0,0
2024-01-12 05:19:11,4,CNC,1.15,45.83,5.15,21.4,855.5,idle,47.17,10.5,0
2024-01-12 05:21:11,4,CNC,1.18,51.87,5.18,20.5,871.0,idle,47.2,12.0,0
2024-01-12 05:45:11,4,CNC,1.46,46.3,5.72,23.5,899.8,idle,47.6,9.3,0
2024-01-12 06:09:11,4,CNC,3.14,70.52,6.38,73.6,2899.2,normal,48.0,14.4,0
2024-01-12 06:14:11,4,CNC,2.86,50.21,14.72,55.5,2753.5,normal,48.08,15.9,0
2024-01-12 06:18:11,4,CNC,2.93,64.81,14.51,71.0,2837.4,normal,48.15,11.3,0
2024-01-12 06:43:11,4,CNC,4.01,63.54,10.37,62.7,2761.6,normal,48.57,14.8,0
2024-01-12 07:07:11,4,CNC,4.87,66.8,17.23,63.5,3003.1,normal,48.97,13.4,0
2024-01-12 07:18:11,4,CNC,1.41,50.51,4.68,24.4,895.1,idle,49.15,10.6,0
2024-01-12 07:44:11,4,CNC,3.43,58.74,15.17,89.1,2963.3,normal,49.58,16.2,0
2024-01-12 08:14:11,4,CNC,3.58,62.57,13.0,84.4,2968.0,normal,50.08,8.9,0
2024-01-12 08:43:11,4,CNC,4.3,60.54,16.94,76.8,3025.0,normal,50.57,9.3,0
2024-01-12 08:46:11,4,CNC,4.29,68.76,16.06,64.8,3022.9,normal,50.62,9.1,0
2024-01-12 08:55:11,4,CNC,3.02,68.01,17.14,64.9,2929.7,normal,50.77,11.9,0
2024-01-12 08:59:11,4,CNC,1.44,54.12,5.76,23.6,887.4,idle,50.83,16.1,0
2024-01-12 09:08:11,4,CNC,3.71,59.98,13.37,77.8,2793.8,normal,50.98,11.7,0
2024-01-12 09:33:11,4,CNC,4.59,62.59,15.98,53.4,2933.6,normal,51.4,14.0,0
2024-01-12 09:36:11,4,CNC,1.49,56.11,5.52,46.0,892.9,idle,51.45,13.0,0
2024-01-12 09:44:11,4,CNC,1.51,50.21,5.78,24.5,859.9,idle,51.58,15.2,0
2024-01-12 09:47:11,4,CNC,4.67,69.77,17.27,88.2,2832.4,normal,51.63,17.5,0
2024-01-12 09:59:11,4,CNC,1.4,47.92,4.77,25.3,855.4,idle,51.83,10.5,0
2024-01-12 10:06:11,4,CNC,4.5,66.84,15.91,59.0,2825.4,normal,51.95,10.0,0
2024-01-12 10:28:11,4,CNC,4.12,62.44,17.37,83.7,2875.5,normal,52.32,11.8,0
2024-01-12 10:39:11,4,CNC,5.16,62.24,15.98,60.5,2960.7,normal,52.5,10.3,0
2024-01-12 11:01:11,4,CNC,4.18,58.75,12.35,67.3,2952.8,normal,52.87,14.6,0
2024-01-12 11:17:11,4,CNC,3.27,67.11,15.51,76.8,2955.3,normal,53.13,12.4,0
2024-01-12 11:45:11,4,CNC,1.25,66.18,17.15,75.2,2910.1,normal,53.6,13.3,0
2024-01-12 12:04:11,4,CNC,4.94,62.47,15.45,86.8,2733.5,normal,53.92,13.5,0
2024-01-12 12:16:11,4,CNC,5.29,60.81,13.71,84.4,2970.7,normal,54.12,14.8,1
2024-01-12 12:34:11,4,CNC,5.38,71.73,13.67,76.9,2843.0,normal,54.42,14.2,1
2024-01-12 12:59:11,4,CNC,6.18,73.09,28.06,102.5,3939.7,peak,54.83,11.7,1
2024-01-12 13:29:11,4,CNC,5.09,58.22,15.03,68.6,2859.5,normal,55.33,10.3,1
2024-01-12 13:31:11,4,CNC,5.29,66.13,16.87,79.1,2887.5,normal,55.37,16.1,1
2024-01-12 13:36:11,4,CNC,1.67,48.33,4.47,20.5,857.3,idle,55.45,15.6,1
2024-01-12 13:56:11,4,CNC,3.84,72.81,14.42,77.2,2806.3,normal,55.78,8.2,1
2024-01-12 14:16:11,4,CNC,4.09,63.19,15.57,70.0,2875.0,normal,56.12,10.8,1
2024-01-12 14:32:11,4,CNC,6.69,79.31,20.98,106.7,3860.0,peak,56.38,10.4,1
2024-01-12 14:53:11,4,CNC,5.03,63.26,13.51,60.8,3007.7,normal,56.73,17.8,1
2024-01-12 15:10:11,4,CNC,6.64,83.37,25.48,98.3,3841.1,peak,57.02,9.5,1
2024-01-12 15:40:11,4,CNC,3.46,72.16,16.52,79.6,2897.5,normal,57.52,9.4,1
2024-01-12 15:54:11,4,CNC,6.83,83.61,23.18,106.7,3859.6,peak,57.75,16.8,1
2024-01-12 16:19:11,4,CNC,5.96,71.22,17.87,74.4,2777.5,normal,58.17,16.1,1
2024-01-12 16:22:11,4,CNC,4.72,69.48,16.24,52.0,2864.8,normal,58.22,15.1,1
2024-01-12 16:51:11,4,CNC,1.25,72.08,11.74,77.3,2793.8,normal,58.7,12.0,1
2024-01-12 16:59:11,4,CNC,6.63,82.99,22.85,96.4,3706.1,peak,58.83,12.2,1
2024-01-12 17:15:11,4,CNC,1.62,55.51,6.38,24.1,828.4,idle,59.1,12.4,1
2024-01-12 17:31:11,4,CNC,5.75,71.42,17.86,87.6,2818.0,normal,59.37,11.3,1
2024-01-12 17:37:11,4,CNC,1.57,56.66,4.72,21.9,832.0,idle,59.47,10.1,1
2024-01-12 18:01:11,4,CNC,4.72,67.61,12.22,53.0,2922.0,normal,59.87,9.9,1
2024-01-12 18:31:11,4,CNC,3.57,74.08,12.32,77.2,2837.8,normal,60.37,16.6,1
2024-01-12 18:44:11,4,CNC,3.68,66.63,14.5,46.0,2923.6,normal,60.58,10.1,1
2024-01-12 19:01:11,4,CNC,3.75,62.78,13.01,56.4,2842.7,normal,60.87,14.5,1
2024-01-12 19:31:11,4,CNC,1.98,54.95,5.78,24.1,879.8,idle,61.37,15.7,1
2024-01-12 19:34:11,4,CNC,4.16,71.12,17.22,58.5,2809.1,normal,61.42,11.4,1
2024-01-12 19:57:11,4,CNC,6.3,71.64,12.84,73.4,2824.6,normal,61.8,13.2,1
2024-01-12 20:13:11,4,CNC,4.98,65.35,12.83,77.6,2932.3,normal,62.07,10.1,1
2024-01-12 20:36:11,4,CNC,6.08,62.46,16.86,61.7,2829.3,normal,62.45,17.8,1
2024-01-12 21:02:11,4,CNC,6.2,67.09,12.26,58.1,2841.2,normal,62.88,12.0,1
2024-01-12 21:08:11,4,CNC,5.83,75.26,16.63,85.3,2920.5,normal,62.98,12.7,1
2024-01-12 21:34:11,4,CNC,8.01,69.74,31.1,101.0,3934.7,peak,63.42,11.2,1
2024-01-12 21:59:11,4,CNC,3.93,71.3,16.29,89.9,2923.9,normal,63.83,8.4,1
2024-01-12 22:26:11,4,CNC,1.68,56.28,5.2,21.2,836.4,idle,64.28,8.2,1
2024-01-12 22:38:11,4,CNC,4.38,69.0,17.6,86.7,2715.3,normal,64.48,11.1,1
2024-01-12 22:46:11,4,CNC,1.5,53.26,5.01,20.6,845.6,idle,64.62,17.6,1
2024-01-12 23:14:11,4,CNC,1.84,56.74,5.52,22.0,866.6,idle,65.08,14.2,1
2024-01-12 23:34:11,4,CNC,6.23,66.25,11.54,63.3,2736.4,normal,65.42,12.5,1
2024-01-12 23:58:11,4,CNC,1.78,52.75,5.39,21.3,868.1,idle,65.82,11.0,1
2024-01-13 00:05:11,4,CNC,3.91,69.54,12.19,52.0,2946.3,normal,65.93,9.5,1
2024-01-13 00:10:11,4,CNC,1.91,52.24,5.75,23.7,850.0,idle,66.02,14.2,1
2024-01-13 00:29:11,4,CNC,1.77,60.22,5.03,22.4,840.0,idle,66.33,12.7,1
2024-01-13 00:53:11,4,CNC,1.25,60.63,6.08,24.8,883.9,idle,66.73,10.5,1
2024-01-13 01:16:11,4,CNC,6.0,72.86,18.35,46.0,2874.7,normal,67.12,17.1,1
2024-01-13 01:42:11,4,CNC,2.0,60.91,6.16,25.1,880.4,idle,67.55,16.8,1
2024-01-13 01:56:11,4,CNC,1.87,51.87,4.65,23.3,845.8,idle,67.78,15.7,1
2024-01-13 02:20:11,4,CNC,5.33,67.94,17.93,65.7,2935.3,normal,68.18,11.6,1
2024-01-13 02:40:11,4,CNC,2.14,57.03,5.42,24.6,863.5,idle,68.52,12.5,1
2024-01-13 02:57:11,4,CNC,5.0,63.66,13.03,57.0,2771.7,normal,68.8,13.7,1
2024-01-13 03:01:11,4,CNC,4.8,71.71,18.24,78.1,2953.4,normal,68.87,8.7,1
2024-01-13 03:22:11,4,CNC,2.09,59.53,5.37,21.9,872.1,idle,69.22,11.9,1
2024-01-13 03:27:11,4,CNC,6.84,69.06,11.12,82.1,2767.4,normal,69.3,15.9,1
2024-01-13 03:49:11,4,CNC,1.57,60.44,5.57,24.1,876.3,idle,69.67,15.1,1
2024-01-13 04:02:11,4,CNC,1.93,57.49,5.18,21.8,868.1,idle,69.88,16.0,1
2024-01-13 04:23:11,4,CNC,5.48,65.02,11.8,70.0,2816.4,normal,70.23,12.2,1
2024-01-13 04:36:11,4,CNC,6.13,69.7,12.19,71.3,2942.7,normal,70.45,9.9,1
2024-01-13 04:54:11,4,CNC,4.59,73.08,15.63,80.5,2724.5,normal,70.75,8.2,1
2024-01-13 05:24:11,4,CNC,2.24,59.09,6.18,21.5,863.0,idle,71.25,14.5,1
2024-01-13 05:34:11,4,CNC,2.13,56.91,5.37,23.9,819.6,idle,71.42,12.3,1
2024-01-13 05:44:11,4,CNC,2.11,53.42,5.03,24.0,819.8,idle,71.58,15.6,1
2024-01-13 06:07:11,4,CNC,7.3,76.14,15.94,83.1,2932.3,normal,71.97,13.5,1
2024-01-13 06:36:11,4,CNC,7.93,85.7,23.48,101.2,3792.1,peak,72.45,14.2,1
2024-01-13 06:38:11,4,CNC,6.52,63.72,13.41,75.1,2778.6,normal,72.48,10.0,1
2024-01-13 06:52:11,4,CNC,6.75,73.11,12.98,57.5,2855.8,normal,72.72,15.0,1
2024-01-13 07:16:11,4,CNC,5.7,66.0,13.71,63.5,2705.3,normal,73.12,11.7,1
2024-01-13 07:45:11,4,CNC,8.6,50.21,28.06,107.4,3664.0,peak,73.6,12.2,1
2024-01-13 07:51:11,4,CNC,8.4,82.01,29.27,105.4,3835.8,peak,73.7,15.2,1
2024-01-13 07:59:11,4,CNC,6.42,65.1,16.58,79.5,2956.6,normal,73.83,10.7,1
2024-01-13 08:22:11,4,CNC,6.6,74.11,15.22,85.0,2956.4,normal,74.22,14.7,1
2024-01-13 08:51:11,4,CNC,6.93,73.15,11.87,79.6,2872.4,normal,74.7,9.1,1
2024-01-13 09:18:11,4,CNC,2.24,55.35,5.92,21.8,860.8,idle,75.15,10.4,1
2024-01-13 09:31:11,4,CNC,5.17,50.21,13.58,52.3,2848.8,normal,75.37,13.7,1
2024-01-13 09:57:11,4,CNC,4.76,74.2,18.48,88.8,2733.9,normal,75.8,8.8,1
2024-01-13 10:22:11,4,CNC,2.3,57.98,6.38,24.7,814.0,idle,76.22,16.7,1
2024-01-13 10:28:11,4,CNC,5.8,69.53,17.42,67.6,2860.4,normal,76.32,17.7,1
2024-01-13 10:50:11,4,CNC,2.16,64.34,6.46,22.6,856.9,idle,76.68,15.9,1
2024-01-13 11:11:11,4,CNC,1.25,78.17,11.89,63.5,2754.2,normal,77.03,15.0,1
2024-01-13 11:36:11,4,CNC,8.81,75.7,27.5,105.0,3754.1,peak,77.45,9.9,1
2024-01-13 11:38:11,4,CNC,6.78,65.83,18.19,87.7,2837.8,normal,77.48,14.9,1
2024-01-13 11:41:11,4,CNC,2.39,56.16,6.23,20.7,835.1,idle,77.53,11.9,1
2024-01-13 11:49:11,4,CNC,5.6,73.67,13.74,76.2,2765.8,normal,77.67,10.0,1
2024-01-13 12:10:11,4,CNC,2.4,61.34,5.18,22.0,863.9,idle,78.02,12.7,1
2024-01-13 20:42:50,4,CNC,2.34,58.04,13.72,46.0,2888.2,normal,0.0,17.7,0
2024-01-13 20:52:50,4,CNC,2.47,53.22,11.35,54.4,2891.2,normal,0.17,13.4,0
2024-01-13 21:00:50,4,CNC,0.8,49.62,4.88,24.7,853.2,idle,0.3,15.0,0
2024-01-13 21:04:50,4,CNC,1.95,62.22,13.55,59.3,2921.4,normal,0.37,16.5,0
2024-01-13 21:30:50,4,CNC,3.63,72.34,18.6,104.0,4015.1,peak,0.8,9.6,0
2024-01-13 21:52:50,4,CNC,0.99,48.07,4.41,24.3,903.4,idle,1.17,11.0,0
2024-01-13 22:07:50,4,CNC,0.92,48.2,5.36,20.6,857.3,idle,1.42,10.9,0
2024-01-13 22:22:50,4,CNC,0.94,42.52,4.09,22.4,907.4,idle,1.67,11.4,0
2024-01-13 22:31:50,4,CNC,0.74,50.21,4.01,20.7,874.6,idle,1.82,14.5,0
2024-01-13 22:54:50,4,CNC,0.73,48.46,5.3,24.5,867.0,idle,2.2,15.5,0
2024-01-13 22:58:50,4,CNC,0.86,41.84,4.42,23.1,901.5,idle,2.27,12.9,0
2024-01-13 23:28:50,4,CNC,0.73,42.97,5.39,22.6,915.7,idle,2.77,14.2,0
2024-01-13 23:56:50,4,CNC,1.0,50.21,4.43,24.7,861.1,idle,3.23,14.7,0
2024-01-01 00:00:00,6,Pump,0.52,42.54,3.94,20.1,550.3,idle,190.25,13.2,0
2024-01-01 00:05:00,6,Pump,0.68,41.43,3.77,22.2,518.2,idle,190.33,16.4,0
2024-01-01 00:26:00,6,Pump,0.62,43.42,3.51,24.0,543.4,idle,190.68,11.9,0
2024-01-01 00:40:00,6,Pump,1.91,59.33,11.8,121.6,1272.3,normal,190.91,13.5,0
2024-01-01 01:01:00,6,Pump,0.68,40.1,3.76,25.0,510.3,idle,191.26,14.2,0
2024-01-01 01:10:00,6,Pump,0.65,36.39,3.89,21.0,565.7,idle,191.41,13.8,0
2024-01-01 01:34:00,6,Pump,0.67,35.75,3.4,21.0,536.3,idle,191.81,12.4,0
2024-01-01 01:52:00,6,Pump,0.53,36.29,3.69,15.5,561.2,idle,192.11,11.1,0
2024-01-01 02:22:00,6,Pump,2.1,63.06,11.03,80.5,1282.5,normal,192.61,11.3,0
2024-01-01 02:42:00,6,Pump,0.7,50.21,3.54,16.3,547.2,idle,192.95,11.1,0
2024-01-01 03:05:00,6,Pump,0.63,36.01,3.63,21.7,534.5,idle,193.33,9.2,0
2024-01-01 03:11:00,6,Pump,0.63,43.16,6.38,21.2,559.8,idle,193.43,14.8,0
2024-01-01 03:14:00,6,Pump,0.68,38.89,3.42,23.2,515.0,idle,193.48,15.8,0
2024-01-01 03:27:00,6,Pump,0.69,35.23,3.94,20.9,554.2,idle,193.7,17.3,0
2024-01-01 03:57:00,6,Pump,0.58,44.92,3.46,17.6,503.6,idle,194.2,11.5,0
2024-01-01 04:01:00,6,Pump,0.69,39.56,3.77,21.9,561.2,idle,194.26,12.2,0
2024-01-01 04:26:00,6,Pump,0.63,40.62,3.8,22.5,513.0,idle,194.68,16.3,0
2024-01-01 04:45:00,6,Pump,0.52,35.75,3.56,20.0,543.1,idle,195.0,13.6,0
2024-01-01 04:59:00,6,Pump,0.69,38.31,3.83,20.3,515.4,idle,195.23,11.1,0
2024-01-01 05:14:00,6,Pump,2.01,67.25,11.25,46.0,1207.7,normal,195.48,14.5,0
2024-01-01 05:19:00,6,Pump,0.56,41.21,3.89,22.3,532.4,idle,195.56,10.6,0
2024-01-01 05:32:00,6,Pump,0.68,38.03,3.83,19.7,562.9,idle,195.78,11.8,0
2024-01-01 05:34:00,6,Pump,0.66,44.01,3.45,21.7,551.7,idle,195.81,13.9,0
2024-01-01 05:56:00,6,Pump,0.65,40.04,3.31,17.6,522.6,idle,196.18,16.1,0
2024-01-01 06:07:00,6,Pump,2.13,64.34,11.21,127.4,1227.4,normal,196.36,13.8,0
2024-01-01 06:14:00,6,Pump,1.91,49.95,12.72,117.0,1253.0,normal,196.48,17.2,0
2024-01-01 06:28:00,6,Pump,0.64,36.84,3.57,18.8,516.7,idle,196.71,10.7,0
2024-01-01 06:58:00,6,Pump,0.68,41.79,3.5,17.4,501.3,idle,197.21,13.6,0
2024-01-01 07:13:00,6,Pump,1.87,57.12,11.56,114.4,1261.8,normal,197.46,12.1,0
2024-01-01 07:25:00,6,Pump,0.56,44.39,3.48,19.0,526.8,idle,197.66,10.6,0
2024-01-01 07:27:00,6,Pump,0.55,37.17,3.51,23.6,553.7,idle,197.7,17.3,0
2024-01-01 07:39:00,6,Pump,2.04,55.51,12.02,91.9,1211.2,normal,197.9,11.6,0
2024-01-01 08:05:00,6,Pump,1.87,56.4,11.11,82.6,1239.5,normal,198.33,13.4,0
2024-01-01 08:07:00,6,Pump,1.88,54.05,11.24,46.0,1239.2,normal,198.36,15.8,0
2024-01-01 08:18:00,6,Pump,0.51,38.26,3.35,22.0,527.0,idle,198.55,17.6,0
2024-01-01 08:26:00,6,Pump,0.57,36.27,3.46,17.3,569.0,idle,198.68,16.1,0
2024-01-01 08:28:00,6,Pump,2.12,45.35,12.23,91.3,1215.7,normal,198.71,10.4,0
2024-01-01 08:55:00,6,Pump,2.05,48.03,11.89,110.9,1283.2,normal,199.16,16.0,0
2024-01-01 09:25:00,6,Pump,2.19,63.07,12.55,96.5,1201.3,normal,199.66,9.3,0
2024-01-01 09:47:00,6,Pump,2.07,67.99,11.81,129.2,1221.3,normal,200.03,12.2,0
2024-01-01 10:11:00,6,Pump,1.85,48.93,6.38,119.4,1251.1,normal,200.43,9.1,0
2024-01-01 10:33:00,6,Pump,2.15,57.53,11.93,118.9,1215.2,normal,200.8,14.1,0
2024-01-01 10:42:00,6,Pump,2.86,73.64,15.56,155.0,1885.3,peak,200.95,8.1,0
2024-01-01 11:05:00,6,Pump,1.99,59.93,12.55,91.5,1324.1,normal,201.33,16.6,0
2024-01-01 11:10:00,6,Pump,1.91,49.04,11.7,90.8,1234.3,normal,201.41,10.9,0
2024-01-01 11:36:00,6,Pump,0.56,36.81,3.77,20.8,545.4,idle,201.85,12.3,0
2024-01-01 12:06:00,6,Pump,1.87,62.7,11.26,107.7,1241.3,normal,202.35,14.6,0
2024-01-01 12:17:00,6,Pump,1.96,52.44,12.58,124.3,1311.4,normal,202.53,15.6,0
2024-01-01 12:38:00,6,Pump,1.79,51.32,12.84,100.7,1341.2,normal,202.88,8.3,0
2024-01-01 12:42:00,6,Pump,1.9,66.89,12.85,112.3,1201.3,normal,202.95,15.1,0
2024-01-01 12:47:00,6,Pump,1.9,65.96,12.77,87.7,1259.9,normal,203.03,17.1,0
2024-01-01 13:16:00,6,Pump,2.12,58.29,12.69,121.0,1336.1,normal,203.51,17.6,0
2024-01-01 13:35:00,6,Pump,0.52,36.45,3.36,24.4,533.3,idle,203.83,14.4,0
2024-01-01 13:38:00,6,Pump,1.73,52.4,11.7,120.1,1310.3,normal,203.88,17.0,0
2024-01-01 13:57:00,6,Pump,2.04,45.5,12.82,89.2,1294.4,normal,204.2,12.7,0
2024-01-01 14:15:00,6,Pump,2.44,71.22,15.02,154.2,1844.4,peak,204.5,12.8,0
2024-01-01 14:32:00,6,Pump,2.43,74.36,16.7,142.5,1782.5,peak,204.78,9.3,0
2024-01-01 15:01:00,6,Pump,1.91,64.37,11.51,129.8,1253.3,normal,205.26,13.8,0
2024-01-01 15:31:00,6,Pump,2.63,71.83,16.36,146.1,1844.3,peak,205.76,12.4,0
2024-01-01 15:58:00,6,Pump,0.54,38.88,3.9,22.4,510.8,idle,206.21,17.3,0
2024-01-01 16:08:00,6,Pump,2.0,59.46,11.18,102.2,1239.1,normal,206.38,17.9,0
2024-01-01 16:23:00,6,Pump,0.59,42.77,3.41,16.2,518.9,idle,206.63,16.5,0
2024-01-01 16:45:00,6,Pump,0.69,42.48,3.31,19.0,518.0,idle,207.0,8.8,0
2024-01-01 17:10:00,6,Pump,2.02,50.21,12.93,46.0,1288.2,normal,207.41,9.6,0
2024-01-01 17:18:00,6,Pump,2.05,63.99,11.81,113.7,1245.5,normal,207.55,10.3,0
2024-01-01 17:44:00,6,Pump,0.59,43.96,3.96,46.0,526.2,idle,207.98,11.4,0
2024-01-01 17:59:00,6,Pump,2.11,45.59,11.21,112.4,1243.7,normal,208.23,13.9,0
2024-01-01 18:13:00,6,Pump,0.69,39.36,3.6,21.8,553.7,idle,208.46,13.3,0
2024-01-01 18:29:00,6,Pump,1.94,49.92,12.55,94.7,1226.3,normal,208.73,17.7,0
2024-01-01 18:51:00,6,Pump,2.02,47.08,12.94,110.9,1347.9,normal,209.1,17.8,0
2024-01-01 19:09:00,6,Pump,1.87,67.34,11.29,80.1,1205.0,normal,209.4,9.3,0
2024-01-01 19:32:00,6,Pump,1.93,46.91,12.02,95.0,854.3,normal,209.78,15.5,0
2024-01-01 19:50:00,6,Pump,2.02,48.75,12.53,108.3,1337.2,normal,210.08,10.5,0
2024-01-01 20:17:00,6,Pump,0.57,44.83,3.7,24.7,501.9,idle,210.53,17.5,0
2024-01-01 20:20:00,6,Pump,2.06,63.78,11.11,108.1,1320.3,normal,210.58,17.4,0
2024-01-01 20:30:00,6,Pump,1.98,46.47,12.39,81.2,1322.6,normal,210.75,11.7,0
2024-01-01 20:52:00,6,Pump,1.72,48.16,11.55,110.9,1346.5,normal,211.11,15.4,0
2024-01-01 21:21:00,6,Pump,1.76,48.28,11.74,121.5,1270.1,normal,211.6,16.8,0
2024-01-01 21:26:00,6,Pump,1.86,70.65,11.52,98.9,1249.9,normal,211.68,9.9,0
2024-01-01 21:50:00,6,Pump,2.88,83.86,16.52,151.0,1825.7,peak,212.08,10.9,0
2024-01-01 22:09:00,6,Pump,0.53,42.47,3.72,24.0,514.0,idle,212.4,15.4,0
2024-01-01 22:26:00,6,Pump,0.65,41.85,3.49,21.7,564.7,idle,212.68,14.2,0
2024-01-01 22:54:00,6,Pump,2.16,61.55,11.1,123.4,1298.7,normal,213.15,12.5,0
2024-01-01 23:24:00,6,Pump,1.25,36.87,3.38,15.5,552.8,idle,213.65,15.6,0
2024-01-01 23:33:00,6,Pump,0.55,35.24,3.58,19.8,511.9,idle,213.8,14.5,0
2024-01-01 23:56:00,6,Pump,0.51,36.89,3.78,15.8,538.9,idle,214.18,12.9,0
2024-01-01 23:58:00,6,Pump,0.53,36.96,3.58,16.0,512.1,idle,214.21,16.3,0
2024-01-02 00:17:00,6,Pump,0.57,38.3,3.82,15.8,560.2,idle,214.53,9.7,0
2024-01-02 00:21:00,6,Pump,2.11,62.62,11.62,120.8,1227.4,normal,214.6,11.5,0
2024-01-02 00:23:00,6,Pump,0.52,35.45,3.96,18.1,564.2,idle,214.63,8.6,0
2024-01-02 00:52:00,6,Pump,0.55,44.08,3.93,24.2,534.7,idle,215.11,15.8,0
2024-01-02 01:01:00,6,Pump,0.67,44.51,3.53,19.2,550.4,idle,215.26,10.5,0
2024-01-02 01:25:00,6,Pump,0.56,42.54,3.35,20.2,508.6,idle,215.66,8.3,0
2024-01-02 01:46:00,6,Pump,1.86,51.01,12.69,88.1,1321.0,normal,216.01,17.8,0
2024-01-02 01:58:00,6,Pump,0.67,40.11,3.47,17.3,532.3,idle,216.21,13.0,0
2024-01-02 02:04:00,6,Pump,0.51,40.46,3.98,16.6,539.9,idle,216.31,16.9,0
2024-01-02 02:16:00,6,Pump,0.7,43.82,3.91,23.2,521.3,idle,216.51,16.8,0
2024-01-02 02:18:00,6,Pump,0.7,44.63,3.66,18.6,528.6,idle,216.55,17.2,0
2024-01-02 02:42:00,6,Pump,0.59,37.47,3.75,20.6,531.8,idle,216.95,15.4,0
2024-01-02 03:00:00,6,Pump,0.54,43.41,3.44,16.1,542.8,idle,217.25,16.7,0
2024-01-02 03:16:00,6,Pump,0.61,36.13,3.57,22.7,542.1,idle,217.51,10.9,0
2024-01-02 03:46:00,6,Pump,0.61,37.6,3.77,23.9,544.0,idle,218.01,12.2,0
2024-01-02 03:53:00,6,Pump,0.71,40.94,3.84,24.0,552.8,idle,218.13,10.5,0
2024-01-02 04:16:00,6,Pump,2.33,55.76,12.95,110.3,1326.8,normal,218.51,10.6,0
2024-01-02 04:31:00,6,Pump,0.56,42.5,3.94,16.7,544.7,idle,218.76,13.3,0
2024-01-02 04:59:00,6,Pump,0.73,38.94,3.63,20.7,534.4,idle,219.23,11.6,0
2024-01-02 05:03:00,6,Pump,0.57,37.07,3.42,17.6,515.3,idle,219.3,14.2,0
2024-01-02 05:19:00,6,Pump,0.73,41.9,3.89,15.7,531.9,idle,219.56,13.5,0
2024-01-02 05:21:00,6,Pump,0.63,44.68,3.86,23.7,501.3,idle,219.6,14.5,0
2024-01-02 05:48:00,6,Pump,0.72,41.72,3.95,20.1,535.4,idle,220.05,11.2,0
2024-01-02 06:10:00,6,Pump,1.98,61.81,11.77,79.0,1204.2,normal,220.41,9.5,0
2024-01-02 06:26:00,6,Pump,3.42,76.71,17.08,164.0,1881.9,peak,220.68,13.1,0
2024-01-02 06:36:00,6,Pump,0.79,45.52,3.57,16.5,541.9,idle,220.85,15.4,0
2024-01-02 07:03:00,6,Pump,2.27,48.98,12.64,107.3,1321.9,normal,221.3,13.8,0
2024-01-02 07:23:00,6,Pump,2.36,60.01,12.17,102.1,1335.0,normal,221.63,15.8,0
2024-01-02 07:53:00,6,Pump,1.25,41.43,3.86,19.3,516.4,idle,222.13,14.9,0
2024-01-02 07:56:00,6,Pump,2.21,52.36,12.0,123.3,1267.3,normal,222.18,17.9,0
2024-01-02 08:13:00,6,Pump,2.2,55.91,11.52,125.0,1252.5,normal,222.46,9.3,0
2024-01-02 08:30:00,6,Pump,2.66,55.15,13.04,91.3,1202.7,normal,222.75,16.4,0
2024-01-02 08:53:00,6,Pump,2.11,61.22,6.38,101.1,1312.7,normal,223.13,11.8,0
2024-01-02 08:56:00,6,Pump,0.68,40.39,4.01,19.9,553.7,idle,223.18,16.6,0
2024-01-02 09:17:00,6,Pump,2.34,56.57,11.69,125.7,1323.8,normal,223.53,17.6,0
2024-01-02 09:41:00,6,Pump,2.74,56.79,6.38,99.6,1257.4,normal,223.93,10.7,0
2024-01-02 10:11:00,6,Pump,2.68,51.77,11.85,94.4,1306.4,normal,224.43,13.6,0
2024-01-02 10:20:00,6,Pump,2.41,55.98,6.38,98.0,1225.9,normal,224.58,9.6,0
2024-01-02 10:29:00,6,Pump,2.57,66.22,11.55,110.2,1194.2,normal,224.73,15.9,0
2024-01-02 10:35:00,6,Pump,3.49,76.66,16.2,151.7,1871.4,peak,224.83,17.9,0
2024-01-02 10:58:00,6,Pump,2.66,69.48,12.8,78.4,1227.7,normal,225.21,8.3,0
2024-01-02 11:26:00,6,Pump,2.81,62.88,13.49,86.1,1231.7,normal,225.68,16.8,0
2024-01-02 11:34:00,6,Pump,3.44,78.02,16.14,151.1,1827.1,peak,225.81,13.2,0
2024-01-02 11:52:00,6,Pump,3.42,74.41,17.12,151.5,1813.8,peak,226.11,15.1,0
2024-01-02 12:11:00,6,Pump,3.55,86.67,16.83,163.1,1806.4,peak,226.43,9.7,0
2024-01-02 12:16:00,6,Pump,2.47,56.52,12.58,105.6,1288.6,normal,226.51,9.2,0
2024-01-02 12:23:00,6,Pump,2.42,63.53,13.13,113.2,1258.0,normal,226.63,16.9,0
2024-01-02 12:25:00,6,Pump,2.94,57.7,11.72,120.7,1217.9,normal,226.66,13.2,0
2024-01-02 12:41:00,6,Pump,2.77,52.59,11.54,86.3,1242.0,normal,226.93,9.1,0
2024-01-02 12:43:00,6,Pump,2.36,53.03,13.11,118.0,1307.3,normal,226.96,14.3,0
2024-01-02 13:06:00,6,Pump,1.25,42.8,4.1,20.3,526.5,idle,227.35,17.2,0
2024-01-02 13:29:00,6,Pump,2.83,53.64,13.2,100.3,1204.0,normal,227.73,11.9,0
2024-01-02 13:31:00,6,Pump,2.42,52.52,13.42,129.5,1238.0,normal,227.76,16.2,0
2024-01-02 13:39:00,6,Pump,2.55,53.8,13.29,88.9,1321.8,normal,227.9,16.0,0
2024-01-02 13:50:00,6,Pump,2.81,69.46,12.73,113.9,1276.4,normal,228.08,15.2,0
2024-01-02 14:20:00,6,Pump,2.96,68.21,12.83,110.9,1320.5,normal,228.58,17.3,0
2024-01-02 14:42:00,6,Pump,3.05,64.38,11.62,83.4,1310.5,normal,228.95,17.4,0
2024-01-02 15:02:00,6,Pump,2.47,54.11,12.1,109.2,1268.5,normal,229.28,8.5,0
2024-01-02 15:19:00,6,Pump,2.63,54.07,13.25,126.6,1190.6,normal,229.56,15.8,0
2024-01-02 15:45:00,6,Pump,0.76,45.85,4.09,22.9,542.3,idle,230.0,14.4,0
2024-01-02 15:53:00,6,Pump,3.1,54.47,11.88,110.0,1303.6,normal,230.13,12.1,0
2024-01-02 16:13:00,6,Pump,2.9,71.72,13.36,114.4,1190.6,normal,230.46,14.8,0
2024-01-02 16:18:00,6,Pump,2.55,67.65,12.1,79.5,1316.1,normal,230.55,10.0,0
2024-01-02 16:44:00,6,Pump,4.32,78.02,17.61,141.2,1764.5,peak,230.98,12.6,0
2024-01-02 17:10:00,6,Pump,2.99,67.42,11.74,95.0,1212.1,normal,231.41,9.8,0
2024-01-02 17:23:00,6,Pump,1.05,46.65,3.82,15.8,533.0,idle,231.63,10.8,0
2024-01-02 17:35:00,6,Pump,4.19,87.25,16.62,164.5,1785.7,peak,231.83,13.9,0
2024-01-02 17:51:00,6,Pump,0.84,43.56,3.91,24.4,542.1,idle,232.1,11.3,0
2024-01-02 18:21:00,6,Pump,0.94,41.87,3.64,20.0,541.4,idle,232.6,12.4,0
2024-01-02 18:51:00,6,Pump,1.0,42.66,3.61,18.8,554.1,idle,233.1,12.2,0
2024-01-02 18:55:00,6,Pump,3.04,57.78,12.49,84.9,1248.0,normal,233.16,17.0,0
2024-01-02 19:09:00,6,Pump,4.45,90.02,17.17,144.2,1818.5,peak,233.4,11.0,0
2024-01-02 19:13:00,6,Pump,1.01,41.23,4.19,23.3,523.3,idle,233.46,15.0,0
2024-01-02 19:43:00,6,Pump,4.29,86.37,17.59,140.4,1735.0,peak,233.96,10.2,0
2024-01-02 19:54:00,6,Pump,2.8,68.1,12.79,46.0,1290.8,normal,234.15,12.5,0
2024-01-02 20:06:00,6,Pump,2.95,68.01,12.8,97.6,1225.8,normal,234.35,14.1,0
2024-01-02 20:26:00,6,Pump,3.46,68.65,11.91,127.8,1290.5,normal,234.68,14.2,0
2024-01-02 20:29:00,6,Pump,2.82,52.67,12.54,110.5,1267.0,normal,234.73,8.2,0
2024-01-02 20:55:00,6,Pump,2.95,61.29,12.34,80.6,1251.8,normal,235.16,9.9,0
2024-01-02 21:10:00,6,Pump,3.01,63.61,13.94,85.5,1175.8,normal,235.41,10.9,0
2024-01-02 21:16:00,6,Pump,2.81,50.21,13.43,108.2,1248.1,normal,235.51,15.3,0
2024-01-02 21:36:00,6,Pump,3.06,58.39,12.73,109.8,854.3,normal,235.85,9.6,0
2024-01-02 21:57:00,6,Pump,3.42,64.6,12.52,104.1,1315.9,normal,236.2,8.2,0
2024-01-02 22:06:00,6,Pump,0.82,43.41,3.92,21.4,503.9,idle,236.35,13.6,0
2024-01-02 22:24:00,6,Pump,3.58,66.29,13.86,95.1,1295.6,normal,236.65,13.7,0
2024-01-02 22:41:00,6,Pump,0.96,44.12,4.29,15.9,553.6,idle,236.93,14.8,0
2024-01-02 23:03:00,6,Pump,0.99,51.64,4.01,22.6,489.3,idle,237.3,14.1,0
2024-01-02 23:16:00,6,Pump,1.01,49.15,4.2,16.6,517.4,idle,237.51,16.0,0
2024-01-02 23:31:00,6,Pump,0.98,42.89,3.94,23.1,509.1,idle,237.76,12.5,0
2024-01-02 23:35:00,6,Pump,1.0,51.49,3.62,20.9,539.4,idle,237.83,17.0,0
2024-01-02 23:37:00,6,Pump,1.1,49.05,4.16,15.6,525.1,idle,237.86,10.4,0
2024-01-02 23:39:00,6,Pump,3.53,54.06,12.03,120.4,1276.8,normal,237.9,9.3,0
2024-01-03 00:09:00,6,Pump,0.99,51.45,4.2,24.7,551.8,idle,238.4,17.9,0
2024-01-03 00:25:00,6,Pump,1.03,49.69,4.13,23.1,541.9,idle,238.66,14.3,0
2024-01-03 00:45:00,6,Pump,0.91,50.21,3.83,23.2,543.3,idle,239.0,16.7,0
2024-01-03 00:59:00,6,Pump,1.04,48.12,4.26,18.1,491.2,idle,239.23,17.8,0
2024-01-03 01:18:00,6,Pump,3.38,73.43,13.82,97.1,1179.8,normal,239.55,15.6,0
2024-01-03 01:48:00,6,Pump,1.11,50.91,4.15,19.2,495.8,idle,240.05,17.3,1
2024-01-03 02:15:00,6,Pump,1.2,45.47,3.82,23.2,554.1,idle,240.5,11.4,1
2024-01-03 02:20:00,6,Pump,1.12,48.99,3.88,15.2,500.2,idle,240.58,12.6,1
2024-01-03 02:43:00,6,Pump,1.11,44.36,4.33,16.9,522.5,idle,240.96,12.9,1
2024-01-03 03:04:00,6,Pump,1.08,49.0,3.9,23.7,517.0,idle,241.31,8.7,1
2024-01-03 03:27:00,6,Pump,1.16,49.44,3.74,21.2,524.0,idle,241.7,14.4,1
2024-01-03 03:37:00,6,Pump,1.23,51.95,3.78,15.8,506.5,idle,241.86,15.1,1
2024-01-03 03:43:00,6,Pump,1.27,43.39,4.18,21.1,530.4,idle,241.96,9.8,1
2024-01-03 04:04:00,6,Pump,3.31,58.49,13.17,83.0,1177.8,normal,242.31,11.3,1
2024-01-03 04:08:00,6,Pump,0.95,49.03,3.98,17.9,507.7,idle,242.38,16.1,1
2024-01-03 04:33:00,6,Pump,1.0,47.55,3.83,22.0,494.4,idle,242.8,10.7,1
2024-01-03 04:38:00,6,Pump,1.27,44.35,4.41,23.3,532.2,idle,242.88,11.5,1
2024-01-03 04:51:00,6,Pump,1.26,44.91,3.81,17.5,502.5,idle,243.1,16.4,1
2024-01-03 05:06:00,6,Pump,1.04,49.36,3.7,18.8,502.4,idle,243.35,9.3,1
2024-01-03 05:12:00,6,Pump,1.16,53.48,4.08,19.3,510.7,idle,243.45,16.7,1
2024-01-03 05:40:00,6,Pump,1.24,44.5,4.43,19.2,506.7,idle,243.91,13.7,1
2024-01-03 05:44:00,6,Pump,1.3,53.16,4.19,15.2,536.2,idle,243.98,10.2,1
2024-01-03 05:59:00,6,Pump,1.08,47.76,3.81,20.2,535.8,idle,244.23,8.5,1
2024-01-03 06:07:00,6,Pump,1.04,53.31,3.85,15.7,528.9,idle,244.36,10.8,1
2024-01-03 06:14:00,6,Pump,4.02,75.87,14.03,88.4,1306.5,normal,244.48,17.2,1
2024-01-03 06:44:00,6,Pump,1.3,45.74,4.14,20.6,514.9,idle,244.98,15.9,1
2024-01-03 06:47:00,6,Pump,4.19,55.5,6.38,88.7,1240.2,normal,245.03,13.2,1
2024-01-03 06:54:00,6,Pump,4.0,59.83,13.23,127.4,1274.1,normal,245.15,10.6,1
2024-01-03 07:03:00,6,Pump,3.82,59.32,13.31,118.2,1282.5,normal,245.3,17.9,1
2024-01-03 07:17:00,6,Pump,4.92,89.21,17.07,140.6,1775.6,peak,245.53,13.4,1
2024-01-03 07:19:00,6,Pump,3.49,56.1,14.0,103.9,1278.6,normal,245.56,8.6,1
2024-01-03 07:38:00,6,Pump,3.94,50.21,13.06,91.7,1249.7,normal,245.88,15.5,1
2024-01-03 07:42:00,6,Pump,3.49,73.16,13.56,89.8,1253.2,normal,245.95,11.7,1
2024-01-03 08:03:00,6,Pump,4.24,56.41,12.64,121.9,1177.8,normal,246.3,12.6,1
2024-01-03 08:31:00,6,Pump,1.0,48.15,4.1,20.7,518.3,idle,246.76,11.1,1
2024-01-03 08:35:00,6,Pump,1.34,52.38,4.51,19.8,489.6,idle,246.83,8.4,1
2024-01-03 08:44:00,6,Pump,5.86,79.8,18.7,140.8,1803.7,peak,246.98,16.6,1
2024-01-03 08:47:00,6,Pump,1.36,48.64,3.92,17.3,517.1,idle,247.03,9.4,1
2024-01-03 08:50:00,6,Pump,3.54,70.25,13.27,94.8,1227.9,normal,247.08,16.1,1
2024-01-03 09:02:00,6,Pump,1.21,46.25,4.3,23.8,502.4,idle,247.28,8.0,1
2024-01-03 09:12:00,6,Pump,4.99,91.29,17.39,141.0,1782.2,peak,247.45,16.3,1
2024-01-03 09:42:00,6,Pump,3.65,58.99,14.69,93.2,1290.8,normal,247.95,15.9,1
2024-01-03 10:06:00,6,Pump,3.61,74.0,13.63,82.1,1265.7,normal,248.35,10.9,1
2024-01-03 10:33:00,6,Pump,4.37,59.05,14.16,101.1,1268.0,normal,248.8,12.7,1
2024-01-03 10:52:00,6,Pump,4.2,56.01,12.94,102.5,1293.6,normal,249.11,16.7,1
2024-01-03 11:05:00,6,Pump,3.83,69.93,12.56,115.0,1245.4,normal,249.33,10.6,1
2024-01-03 11:31:00,6,Pump,4.24,76.41,12.89,91.6,1301.7,normal,249.76,16.4,1
2024-01-03 11:52:00,6,Pump,1.1,52.92,4.35,21.8,497.5,idle,250.11,13.1,1
2024-01-03 12:09:00,6,Pump,3.77,71.13,13.01,112.4,1228.0,normal,250.4,11.1,1
2024-01-03 12:13:00,6,Pump,3.94,62.73,14.76,104.4,1237.9,normal,250.46,15.7,1
2024-01-03 12:16:00,6,Pump,4.52,70.88,14.79,83.5,1279.1,normal,250.51,8.5,1
2024-01-03 12:42:00,6,Pump,3.92,74.61,14.57,92.1,1215.2,normal,250.95,14.1,1
2024-01-03 13:05:00,6,Pump,4.35,58.37,14.36,83.7,1287.7,normal,251.33,12.7,1
2024-01-03 13:13:00,6,Pump,1.25,89.77,17.49,146.7,854.3,peak,251.46,15.8,1
2024-01-03 13:29:00,6,Pump,4.12,56.22,14.69,78.4,1266.8,normal,251.73,15.6,1
2024-01-03 13:41:00,6,Pump,1.26,51.52,3.97,21.1,517.4,idle,251.93,9.5,1
2024-01-03 13:44:00,6,Pump,3.79,50.21,12.81,81.5,1156.8,normal,251.98,10.7,1
2024-01-03 13:59:00,6,Pump,3.87,72.01,13.39,95.8,1173.5,normal,252.23,12.3,1
2024-01-03 14:19:00,6,Pump,4.27,64.35,14.24,116.6,1238.4,normal,252.56,17.9,1
2024-01-03 14:49:00,6,Pump,3.98,68.34,13.28,125.0,1264.0,normal,253.06,13.4,1
2024-01-03 15:08:00,6,Pump,4.24,78.95,13.98,95.1,1166.8,normal,253.38,9.8,1
2024-01-03 15:22:00,6,Pump,5.95,94.72,19.36,155.1,1737.8,peak,253.61,16.0,1
2024-01-03 15:36:00,6,Pump,6.1,93.31,18.33,151.9,1778.7,peak,253.85,13.4,1
2024-01-03 15:48:00,6,Pump,4.7,75.13,12.8,84.5,1275.1,normal,254.05,16.2,1
2024-01-03 16:12:00,6,Pump,4.68,66.01,14.13,125.1,1283.0,normal,254.45,11.6,1
2024-01-03 16:25:00,6,Pump,1.25,61.96,14.48,83.3,1280.1,normal,254.66,17.6,1
2024-01-03 16:33:00,6,Pump,3.93,72.41,14.2,118.4,1230.7,normal,254.8,15.3,1
2024-01-03 16:54:00,6,Pump,3.86,73.52,13.7,94.7,1293.5,normal,255.15,17.4,1
2024-01-03 16:59:00,6,Pump,4.46,73.66,14.03,118.0,1258.9,normal,255.23,14.3,1
2024-01-03 17:24:00,6,Pump,4.56,80.39,13.9,114.7,1264.9,normal,255.65,17.9,1
2024-01-03 17:54:00,6,Pump,4.27,68.12,15.11,79.7,1197.8,normal,256.15,17.5,1
2024-01-03 18:10:00,6,Pump,1.36,47.69,4.59,17.9,496.1,idle,256.41,17.4,1
2024-01-03 18:31:00,6,Pump,6.59,86.96,6.38,160.5,1789.2,peak,256.76,8.2,1
2024-01-03 18:58:00,6,Pump,4.79,59.97,13.08,94.0,1153.4,normal,257.21,17.4,1
2024-01-03 19:01:00,6,Pump,1.38,51.9,4.33,18.0,511.0,idle,257.26,9.8,1
2024-01-03 19:15:00,6,Pump,1.31,49.97,4.4,21.7,533.8,idle,257.5,11.7,1
2024-01-03 19:27:00,6,Pump,1.55,55.12,4.44,15.6,485.5,idle,257.7,17.3,1
2024-01-03 19:50:00,6,Pump,4.9,63.56,13.77,85.6,1175.2,normal,258.08,8.0,1
2024-01-03 20:13:00,6,Pump,4.87,50.21,14.01,85.9,1243.9,normal,258.46,12.4,1
2024-01-03 20:40:00,6,Pump,1.53,52.08,4.54,17.4,523.8,idle,258.91,13.7,1
2024-01-03 20:42:00,6,Pump,4.84,80.75,13.52,82.9,1183.8,normal,258.95,12.2,1
2024-01-03 20:46:00,6,Pump,4.14,62.4,13.77,99.5,1275.5,normal,259.01,11.4,1
2024-01-03 21:16:00,6,Pump,4.26,81.0,14.92,123.8,1278.5,normal,259.51,16.0,1
2024-01-03 21:26:00,6,Pump,4.93,76.84,14.05,104.5,1278.7,normal,259.68,16.9,1
2024-01-03 21:29:00,6,Pump,4.48,59.68,14.82,107.8,1261.8,normal,259.73,8.4,1
2024-01-03 21:34:00,6,Pump,1.23,54.96,4.11,24.0,484.4,idle,259.81,15.0,1
2024-01-03 21:50:00,6,Pump,5.05,60.87,13.09,90.2,1192.3,normal,260.08,8.5,1
2024-01-03 22:14:00,6,Pump,1.51,50.27,4.28,17.0,533.8,idle,260.48,14.7,1
2024-01-03 22:23:00,6,Pump,1.22,52.56,4.44,24.1,534.6,idle,260.63,16.3,1
2024-01-03 22:25:00,6,Pump,5.16,50.21,15.05,118.6,1273.0,normal,260.66,10.9,1
2024-01-03 22:36:00,6,Pump,1.35,58.19,4.25,21.3,504.9,idle,260.85,8.1,1
2024-01-03 22:41:00,6,Pump,1.42,54.56,4.22,22.9,518.8,idle,260.93,11.5,1
2024-01-03 23:11:00,6,Pump,1.55,51.56,4.74,21.6,489.4,idle,261.43,8.5,1
2024-01-03 23:15:00,6,Pump,1.58,51.01,3.98,20.3,513.1,idle,261.5,11.0,1
2024-01-03 23:24:00,6,Pump,1.25,67.33,6.38,92.8,1165.0,normal,261.65,11.4,1
2024-01-03 23:43:00,6,Pump,1.71,52.44,4.51,17.3,512.6,idle,261.96,15.6,1
2024-01-03 23:56:00,6,Pump,1.42,59.11,4.3,20.8,538.8,idle,262.18,11.4,1
2024-01-04 00:09:00,6,Pump,1.72,50.57,4.63,18.8,515.4,idle,262.4,8.3,1
2024-01-04 00:26:00,6,Pump,1.43,53.65,4.08,20.7,512.0,idle,262.68,13.8,1
2024-01-04 00:40:00,6,Pump,1.25,55.13,4.76,22.1,507.5,idle,262.91,17.4,1
2024-01-04 00:43:00,6,Pump,1.68,55.48,4.06,20.5,487.5,idle,262.96,11.9,1
2024-01-04 01:00:00,6,Pump,1.61,59.49,4.25,19.4,503.3,idle,263.25,15.8,1
2024-01-04 01:17:00,6,Pump,1.39,57.85,4.47,15.6,531.0,idle,263.53,14.9,1
2024-01-04 07:14:02,6,Pump,0.54,44.79,3.56,21.2,505.4,idle,0.0,11.1,0
2024-01-04 07:38:02,6,Pump,2.61,82.04,15.95,162.6,1836.3,peak,0.4,11.7,0
2024-01-04 07:47:02,6,Pump,2.16,67.6,11.91,107.4,1325.2,normal,0.55,11.9,0
2024-01-04 08:03:02,6,Pump,1.81,64.82,12.18,115.7,1212.0,normal,0.82,16.5,0
2024-01-04 08:10:02,6,Pump,2.08,52.15,12.61,46.0,1241.2,normal,0.93,8.1,0
2024-01-04 08:17:02,6,Pump,2.18,62.6,12.97,97.0,1297.4,normal,1.05,16.3,0
2024-01-04 08:21:02,6,Pump,1.25,60.81,11.08,93.2,854.3,normal,1.12,17.9,0
2024-01-04 08:33:02,6,Pump,1.25,50.21,6.38,46.0,1304.6,normal,1.32,17.0,0
2024-01-04 08:40:02,6,Pump,2.09,54.13,12.81,106.4,1302.1,normal,1.43,12.6,0
2024-01-04 08:50:02,6,Pump,1.25,59.53,12.76,87.3,1310.7,normal,1.6,8.6,0
2024-01-04 08:57:02,6,Pump,0.51,44.26,3.99,18.5,507.5,idle,1.72,13.7,0
2024-01-04 09:23:02,6,Pump,2.03,45.69,11.96,92.1,1271.0,normal,2.15,15.9,0
2024-01-04 09:34:02,6,Pump,1.71,46.19,11.03,110.2,1284.0,normal,2.33,9.0,0
2024-01-04 09:36:02,6,Pump,0.55,41.47,3.92,17.8,558.2,idle,2.37,8.3,0
2024-01-04 09:39:02,6,Pump,2.03,45.78,11.75,104.4,1309.8,normal,2.42,16.9,0
2024-01-04 10:07:02,6,Pump,0.56,44.83,3.78,46.0,506.8,idle,2.88,11.6,0
2024-01-04 10:09:02,6,Pump,1.79,56.21,11.99,117.9,1308.9,normal,2.92,17.6,0
2024-01-04 10:28:02,6,Pump,2.52,78.92,15.04,150.0,1864.6,peak,3.23,13.1,0
2024-01-04 10:37:02,6,Pump,1.9,64.22,12.95,109.6,1221.8,normal,3.38,16.9,0
2024-01-04 10:42:02,6,Pump,1.89,45.22,12.21,120.7,1294.5,normal,3.47,11.9,0
2024-01-04 10:51:02,6,Pump,0.66,43.0,3.9,17.7,561.0,idle,3.62,14.2,0
2024-01-04 10:53:02,6,Pump,2.03,51.66,12.97,127.4,1286.2,normal,3.65,14.8,0
2024-01-04 11:09:02,6,Pump,2.12,51.01,11.83,87.6,1278.0,normal,3.92,16.8,0
2024-01-04 11:29:02,6,Pump,1.95,49.89,12.35,46.0,1209.2,normal,4.25,17.8,0
2024-01-04 11:45:02,6,Pump,1.89,54.43,11.64,91.4,1250.8,normal,4.52,13.7,0
2024-01-04 11:52:02,6,Pump,1.78,54.28,12.81,89.7,1302.7,normal,4.63,13.9,0
2024-01-04 12:12:02,6,Pump,0.53,38.54,3.52,46.0,530.0,idle,4.97,11.1,0
2024-01-04 12:26:02,6,Pump,2.05,58.86,11.28,126.9,1251.9,normal,5.2,17.5,0
2024-01-04 12:35:02,6,Pump,1.72,51.91,11.67,82.8,1293.0,normal,5.35,16.0,0
2024-01-04 12:42:02,6,Pump,0.57,41.29,3.3,24.8,511.9,idle,5.47,16.8,0
2024-01-04 12:48:02,6,Pump,2.03,61.46,11.34,83.8,1222.9,normal,5.57,11.5,0
2024-01-04 12:55:02,6,Pump,1.82,48.87,12.35,99.9,1280.7,normal,5.68,12.6,0
2024-01-04 13:11:02,6,Pump,0.51,43.61,6.38,18.6,505.0,idle,5.95,14.9,0
2024-01-04 13:17:02,6,Pump,1.77,60.31,12.39,113.2,1282.8,normal,6.05,12.4,0
2024-01-04 13:21:02,6,Pump,0.69,40.07,3.61,17.5,506.9,idle,6.12,16.4,0
2024-01-04 13:30:02,6,Pump,0.61,38.15,6.38,17.1,558.7,idle,6.27,13.5,0
2024-01-04 13:37:02,6,Pump,2.2,52.42,12.68,123.4,1349.4,normal,6.38,15.0,0
2024-01-04 13:44:02,6,Pump,1.87,62.39,11.46,110.5,1305.7,normal,6.5,16.0,0
2024-01-04 14:09:02,6,Pump,0.65,37.07,3.89,19.2,515.1,idle,6.92,8.7,0
2024-01-04 14:27:02,6,Pump,0.61,43.63,3.98,22.5,500.4,idle,7.22,13.2,0
2024-01-04 14:44:02,6,Pump,0.53,35.76,3.37,18.8,523.7,idle,7.5,14.9,0
2024-01-04 15:04:02,6,Pump,1.76,65.29,12.23,119.4,1255.7,normal,7.83,9.1,0
2024-01-04 15:09:02,6,Pump,1.91,52.31,11.88,109.7,1274.0,normal,7.92,10.1,0
2024-01-04 15:22:02,6,Pump,2.12,65.7,11.94,90.5,1341.8,normal,8.13,13.5,0
2024-01-04 15:47:02,6,Pump,2.07,59.72,12.49,82.0,1210.1,normal,8.55,11.1,0
2024-01-04 16:12:02,6,Pump,1.78,48.39,11.84,86.2,1328.2,normal,8.97,17.7,0
2024-01-04 16:19:02,6,Pump,0.62,38.68,3.35,20.9,508.2,idle,9.08,8.9,0
2024-01-04 16:38:02,6,Pump,2.07,63.46,12.09,85.8,1318.0,normal,9.4,15.1,0
2024-01-04 17:04:02,6,Pump,2.58,73.34,15.94,163.1,1794.6,peak,9.83,11.4,0
2024-01-04 17:13:02,6,Pump,2.15,46.23,11.17,114.3,854.3,normal,9.98,15.7,0
2024-01-04 17:37:02,6,Pump,1.86,50.21,11.66,92.6,1310.5,normal,10.38,10.2,0
2024-01-04 17:56:02,6,Pump,2.82,84.32,16.45,157.4,1854.1,peak,10.7,14.1,0
2024-01-04 18:02:02,6,Pump,2.14,51.81,11.6,116.5,1234.3,normal,10.8,13.8,0
2024-01-04 18:32:02,6,Pump,2.16,57.3,11.6,118.4,1246.8,normal,11.3,13.1,0
2024-01-04 18:44:02,6,Pump,2.98,84.74,16.33,142.8,1789.5,peak,11.5,11.1,0
2024-01-04 18:47:02,6,Pump,0.6,43.51,3.43,16.0,505.2,idle,11.55,18.0,0
2024-01-04 18:53:02,6,Pump,1.95,65.35,11.08,89.0,1304.0,normal,11.65,15.5,0
2024-01-04 19:00:02,6,Pump,2.11,63.57,12.57,84.8,1259.6,normal,11.77,9.8,0
2024-01-04 19:08:02,6,Pump,2.19,67.74,12.2,114.9,1342.7,normal,11.9,13.4,0
2024-01-04 19:30:02,6,Pump,2.67,72.05,16.34,164.0,1854.6,peak,12.27,17.8,0
2024-01-04 19:36:02,6,Pump,0.66,39.23,3.37,16.7,568.8,idle,12.37,9.6,0
2024-01-04 19:46:02,6,Pump,1.95,45.28,12.91,103.9,1325.4,normal,12.53,10.8,0
2024-01-04 19:56:02,6,Pump,0.61,36.02,3.73,25.0,502.4,idle,12.7,15.3,0
2024-01-04 20:21:02,6,Pump,0.67,37.35,3.58,18.7,562.9,idle,13.12,15.5,0
2024-01-04 20:25:02,6,Pump,1.95,55.29,12.64,80.5,1213.0,normal,13.18,17.5,0
2024-01-04 20:38:02,6,Pump,1.71,60.82,12.05,123.5,1274.8,normal,13.4,15.1,0
2024-01-04 21:02:02,6,Pump,1.81,63.52,11.59,126.7,1237.6,normal,13.8,9.3,0
2024-01-04 21:24:02,6,Pump,1.25,39.93,3.34,15.4,534.7,idle,14.17,9.3,0
2024-01-04 21:46:02,6,Pump,1.81,45.22,11.59,102.8,1259.1,normal,14.53,8.5,0
2024-01-04 22:10:02,6,Pump,0.53,40.8,3.8,21.8,527.6,idle,14.93,10.2,0
2024-01-04 22:16:02,6,Pump,0.53,39.99,3.92,19.7,513.7,idle,15.03,12.4,0
2024-01-04 22:29:02,6,Pump,1.75,66.71,12.49,94.3,1244.3,normal,15.25,9.3,0
2024-01-04 22:59:02,6,Pump,0.68,36.78,3.67,22.1,527.8,idle,15.75,11.7,0
2024-01-04 23:07:02,6,Pump,0.51,37.28,6.38,20.2,557.1,idle,15.88,15.8,0
2024-01-04 23:13:02,6,Pump,0.61,44.44,3.94,19.8,522.3,idle,15.98,12.2,0
2024-01-04 23:43:02,6,Pump,0.62,41.75,3.65,23.2,512.8,idle,16.48,10.5,0
2024-01-04 23:51:02,6,Pump,0.57,41.86,3.47,19.4,567.5,idle,16.62,17.8,0
2024-01-04 23:54:02,6,Pump,0.63,44.49,3.81,22.2,541.4,idle,16.67,15.9,0
2024-01-05 00:03:02,6,Pump,1.77,56.95,11.51,129.9,1240.0,normal,16.82,12.4,0
2024-01-05 00:19:02,6,Pump,0.55,41.24,3.66,15.2,509.1,idle,17.08,17.0,0
2024-01-05 00:24:02,6,Pump,0.66,39.84,3.4,19.6,517.7,idle,17.17,10.2,0
2024-01-05 00:50:02,6,Pump,0.54,44.58,3.55,15.5,567.9,idle,17.6,8.2,0
2024-01-05 00:57:02,6,Pump,2.1,50.85,11.82,122.8,1253.6,normal,17.72,8.9,0
2024-01-05 01:20:02,6,Pump,1.98,57.3,11.8,111.2,1271.0,normal,18.1,14.9,0
2024-01-05 01:45:02,6,Pump,0.5,43.14,3.38,19.6,540.6,idle,18.52,11.0,0
2024-01-05 02:14:02,6,Pump,0.64,50.21,3.81,16.3,545.7,idle,19.0,16.6,0
2024-01-05 02:21:02,6,Pump,0.67,43.89,3.71,18.1,511.4,idle,19.12,17.6,0
2024-01-05 02:29:02,6,Pump,0.57,40.4,3.44,24.5,562.8,idle,19.25,15.9,0
2024-01-05 02:39:02,6,Pump,0.51,40.62,3.85,17.4,536.7,idle,19.42,17.7,0
2024-01-05 02:58:02,6,Pump,0.58,36.97,3.73,24.9,525.6,idle,19.73,8.7,0
2024-01-05 03:12:02,6,Pump,0.61,38.28,3.91,23.6,512.5,idle,19.97,9.5,0
2024-01-05 03:16:02,6,Pump,0.68,36.52,3.37,46.0,527.0,idle,20.03,10.0,0
2024-01-05 03:21:02,6,Pump,0.61,41.53,3.34,17.9,532.3,idle,20.12,8.1,0
2024-01-05 03:24:02,6,Pump,0.55,35.49,3.36,23.0,563.8,idle,20.17,13.6,0
2024-01-05 03:37:02,6,Pump,1.78,50.73,6.38,127.6,854.3,normal,20.38,12.2,0
2024-01-05 03:51:02,6,Pump,0.67,40.06,3.97,16.4,568.2,idle,20.62,15.5,0
2024-01-05 04:21:02,6,Pump,0.59,44.53,3.62,20.3,556.3,idle,21.12,10.3,0
2024-01-05 04:35:02,6,Pump,2.06,59.25,11.83,119.2,1342.2,normal,21.35,8.8,0
2024-01-05 04:53:02,6,Pump,0.5,40.88,3.91,21.5,556.1,idle,21.65,11.6,0
2024-01-05 04:56:02,6,Pump,0.68,42.51,3.8,46.0,560.5,idle,21.7,10.9,0
2024-01-05 05:22:02,6,Pump,0.66,35.86,3.47,20.6,549.7,idle,22.13,11.0,0
2024-01-05 05:25:02,6,Pump,0.56,35.93,3.52,22.7,561.4,idle,22.18,12.3,0
2024-01-05 05:33:02,6,Pump,0.68,38.79,3.56,19.1,526.3,idle,22.32,14.0,0
2024-01-05 05:41:02,6,Pump,0.63,38.58,6.38,19.4,515.7,idle,22.45,13.7,0
2024-01-05 05:54:02,6,Pump,0.51,39.71,3.44,19.5,519.4,idle,22.67,14.5,0
2024-01-05 06:08:02,6,Pump,2.0,67.79,12.09,111.6,1337.9,normal,22.9,9.9,0
2024-01-05 06:37:02,6,Pump,1.89,48.83,11.57,99.0,1296.8,normal,23.38,9.3,0
2024-01-05 07:07:02,6,Pump,0.5,43.53,3.35,24.0,566.5,idle,23.88,8.9,0
2024-01-05 07:13:02,6,Pump,2.2,63.62,11.28,114.7,1230.5,normal,23.98,15.9,0
2024-01-05 07:36:02,6,Pump,2.15,52.28,11.65,125.7,1202.0,normal,24.37,16.3,0
2024-01-05 07:48:02,6,Pump,2.52,76.33,16.4,156.2,1850.4,peak,24.57,13.5,0
2024-01-05 08:00:02,6,Pump,2.14,47.78,12.04,115.7,1295.4,normal,24.77,9.5,0
2024-01-05 08:23:02,6,Pump,1.92,45.39,11.12,84.2,1251.5,normal,25.15,13.1,0
2024-01-05 08:53:02,6,Pump,2.47,76.39,15.36,46.0,1880.7,peak,25.65,13.3,0
2024-01-05 09:10:02,6,Pump,2.63,77.67,16.91,153.4,1899.3,peak,25.93,13.9,0
2024-01-05 09:33:02,6,Pump,1.77,64.83,11.99,79.2,1345.8,normal,26.32,15.4,0
2024-01-05 09:48:02,6,Pump,2.18,53.82,12.91,85.3,1302.0,normal,26.57,10.4,0
2024-01-05 09:59:02,6,Pump,2.52,73.7,16.56,149.4,1751.1,peak,26.75,15.1,0
2024-01-05 10:22:02,6,Pump,1.91,50.25,12.37,88.1,1326.3,normal,27.13,14.8,0
2024-01-05 10:32:02,6,Pump,1.83,50.21,11.6,111.5,1215.2,normal,27.3,13.6,0
2024-01-05 10:59:02,6,Pump,1.94,52.69,12.77,81.8,1324.5,normal,27.75,9.3,0
2024-01-05 11:10:02,6,Pump,2.5,71.33,15.4,142.6,1828.2,peak,27.93,17.7,0
2024-01-05 11:17:02,6,Pump,0.7,35.34,3.62,18.9,523.8,idle,28.05,14.7,0
2024-01-05 11:30:02,6,Pump,1.87,65.59,11.04,118.3,1237.9,normal,28.27,10.2,0
2024-01-05 11:40:02,6,Pump,2.63,76.3,15.61,142.3,1767.2,peak,28.43,17.5,0
2024-01-05 11:43:02,6,Pump,0.56,43.22,3.39,22.4,520.2,idle,28.48,10.4,0
2024-01-05 11:47:02,6,Pump,0.68,39.28,3.42,24.9,512.4,idle,28.55,11.7,0
2024-01-05 12:10:02,6,Pump,1.98,50.21,6.38,127.5,1326.6,normal,28.93,12.1,0
2024-01-05 12:23:02,6,Pump,2.9,84.61,15.91,142.4,1864.8,peak,29.15,10.7,0
2024-01-05 12:52:02,6,Pump,1.89,49.38,6.38,126.1,1225.7,normal,29.63,15.3,0
2024-01-05 13:16:02,6,Pump,1.25,50.21,11.27,46.0,854.3,normal,30.03,10.7,0
2024-01-05 13:28:02,6,Pump,0.56,38.04,3.57,23.1,500.7,idle,30.23,12.0,0
2024-01-05 13:52:02,6,Pump,0.54,42.06,3.58,18.3,854.3,idle,30.63,16.0,0
2024-01-05 14:02:02,6,Pump,0.68,44.48,3.49,24.1,551.6,idle,30.8,17.4,0
2024-01-05 14:24:02,6,Pump,1.78,59.04,11.05,46.0,1310.0,normal,31.17,10.0,0
2024-01-05 14:33:02,6,Pump,2.09,48.97,12.26,46.0,1342.0,normal,31.32,13.6,0
2024-01-05 15:02:02,6,Pump,2.04,47.19,11.37,112.5,1271.5,normal,31.8,11.9,0
2024-01-05 15:27:02,6,Pump,5.95,51.46,12.32,87.2,1281.6,normal,32.22,13.0,0
2024-01-05 15:54:02,6,Pump,2.18,50.21,11.1,129.4,1223.5,normal,32.67,10.1,0
2024-01-05 16:04:02,6,Pump,2.06,57.25,11.59,87.2,1226.7,normal,32.83,9.8,0
2024-01-05 16:15:02,6,Pump,2.13,65.08,11.93,83.4,1332.6,normal,33.02,13.4,0
2024-01-05 16:17:02,6,Pump,1.94,55.09,11.81,97.0,1278.9,normal,33.05,17.3,0
2024-01-05 16:38:02,6,Pump,2.76,77.0,16.79,147.9,1836.8,peak,33.4,11.1,0
2024-01-05 16:42:02,6,Pump,0.56,42.53,3.37,16.9,556.1,idle,33.47,9.9,0
2024-01-05 16:56:02,6,Pump,1.79,59.39,12.94,105.2,1228.1,normal,33.7,11.2,0
2024-01-05 17:09:02,6,Pump,1.86,63.94,11.7,115.6,1316.6,normal,33.92,12.0,0
2024-01-05 17:38:02,6,Pump,1.95,63.01,11.63,104.8,1303.0,normal,34.4,9.1,0
2024-01-05 17:47:02,6,Pump,1.78,51.29,12.3,112.1,1274.0,normal,34.55,16.7,0
2024-01-05 17:57:02,6,Pump,2.1,56.09,12.76,116.3,1247.2,normal,34.72,11.7,0
2024-01-05 18:21:02,6,Pump,1.9,60.36,12.79,87.3,1277.2,normal,35.12,9.2,0
2024-01-05 18:28:02,6,Pump,1.76,51.43,12.37,82.0,1299.3,normal,35.23,17.3,0
2024-01-05 18:39:02,6,Pump,2.15,67.3,11.43,116.9,1339.0,normal,35.42,14.7,0
2024-01-05 18:49:02,6,Pump,0.52,39.14,3.94,17.0,565.4,idle,35.58,13.8,0
2024-01-05 18:58:02,6,Pump,0.61,36.0,3.61,18.3,519.8,idle,35.73,9.6,0
2024-01-05 19:13:02,6,Pump,0.61,39.84,3.64,15.9,556.2,idle,35.98,11.0,0
2024-01-05 19:25:02,6,Pump,1.25,43.21,3.88,18.2,500.3,idle,36.18,10.1,0
2024-01-05 19:52:02,6,Pump,2.16,62.5,11.21,114.5,1203.0,normal,36.63,13.7,0
2024-01-05 20:01:02,6,Pump,0.51,40.26,3.37,24.6,562.6,idle,36.78,12.6,0
2024-01-05 20:06:02,6,Pump,2.79,70.96,15.65,149.3,1822.1,peak,36.87,14.8,0
2024-01-05 20:08:02,6,Pump,1.78,58.28,11.87,127.3,1340.4,normal,36.9,14.5,0
2024-01-05 20:33:02,6,Pump,1.98,59.82,11.28,89.6,1335.1,normal,37.32,17.4,0
2024-01-05 21:01:02,6,Pump,2.05,49.36,12.14,126.6,1251.8,normal,37.78,9.7,0
2024-01-05 21:06:02,6,Pump,1.79,66.67,11.92,99.7,1240.1,normal,37.87,15.3,0
2024-01-05 21:22:02,6,Pump,2.15,64.45,11.81,79.6,1267.0,normal,38.13,17.3,0
2024-01-05 21:32:02,6,Pump,1.79,48.28,11.79,83.2,1343.6,normal,38.3,10.1,0
2024-01-05 22:00:02,6,Pump,1.72,54.23,11.33,113.8,1211.8,normal,38.77,10.8,0
2024-01-05 22:30:02,6,Pump,0.61,42.73,3.97,22.0,507.0,idle,39.27,16.9,0
2024-01-05 22:48:02,6,Pump,0.52,42.32,3.45,19.5,568.4,idle,39.57,10.6,0
2024-01-05 23:17:02,6,Pump,0.66,43.47,3.9,21.2,552.1,idle,40.05,16.9,0
2024-01-05 23:34:02,6,Pump,0.57,44.98,3.5,20.9,519.7,idle,40.33,13.0,0
2024-01-05 23:56:02,6,Pump,1.76,58.05,11.71,108.3,1283.8,normal,40.7,16.7,0
2024-01-06 00:24:02,6,Pump,0.61,36.23,3.61,23.1,522.1,idle,41.17,14.9,0
2024-01-06 00:39:02,6,Pump,0.59,50.21,3.9,21.6,507.0,idle,41.42,16.8,0
2024-01-06 01:07:02,6,Pump,0.67,43.32,3.83,19.7,553.0,idle,41.88,17.0,0
2024-01-06 01:23:02,6,Pump,0.6,42.37,3.92,23.9,531.8,idle,42.15,13.8,0
2024-01-06 01:37:02,6,Pump,0.67,36.01,3.37,20.5,545.6,idle,42.38,12.1,0
2024-01-06 01:45:02,6,Pump,0.53,39.72,3.37,21.0,559.9,idle,42.52,9.1,0
2024-01-06 01:48:02,6,Pump,0.65,38.78,4.0,21.6,557.1,idle,42.57,8.5,0
2024-01-06 02:14:02,6,Pump,0.63,44.89,3.87,20.2,525.7,idle,43.0,11.6,0
2024-01-06 02:20:02,6,Pump,0.64,40.9,3.74,18.4,530.0,idle,43.1,17.3,0
2024-01-06 02:24:02,6,Pump,0.61,43.39,3.83,16.2,517.2,idle,43.17,17.4,0
2024-01-06 02:36:02,6,Pump,0.51,35.08,3.46,23.0,563.3,idle,43.37,14.6,0
2024-01-06 02:39:02,6,Pump,0.58,40.63,3.79,24.5,563.9,idle,43.42,17.2,0
2024-01-06 02:56:02,6,Pump,1.73,50.71,11.1,110.1,1306.6,normal,43.7,9.8,0
2024-01-06 03:02:02,6,Pump,0.56,43.54,3.62,25.0,500.0,idle,43.8,9.9,0
2024-01-06 03:18:02,6,Pump,0.52,38.02,3.32,46.0,503.7,idle,44.07,17.5,0
2024-01-06 03:23:02,6,Pump,0.65,35.53,3.48,23.4,566.6,idle,44.15,14.0,0
2024-01-06 03:32:02,6,Pump,1.91,67.31,6.38,99.6,1320.4,normal,44.3,14.9,0
2024-01-06 03:37:02,6,Pump,0.56,37.66,3.76,18.9,509.5,idle,44.38,10.2,0
2024-01-06 03:51:02,6,Pump,0.51,42.88,3.77,19.1,562.7,idle,44.62,14.3,0
2024-01-06 03:55:02,6,Pump,0.58,50.21,3.94,23.4,535.8,idle,44.68,9.6,0
2024-01-06 03:58:02,6,Pump,0.64,39.14,3.75,17.6,530.4,idle,44.73,10.0,0
2024-01-06 04:19:02,6,Pump,0.54,35.38,3.71,23.6,501.8,idle,45.08,15.1,0
2024-01-06 04:37:02,6,Pump,0.54,39.6,6.38,16.7,504.0,idle,45.38,9.8,0
2024-01-06 05:02:02,6,Pump,0.6,43.19,3.32,18.5,546.5,idle,45.8,14.4,0
2024-01-06 05:22:02,6,Pump,0.53,37.36,3.67,24.5,520.1,idle,46.13,16.6,0
2024-01-06 05:49:02,6,Pump,0.6,39.0,3.93,15.7,539.6,idle,46.58,9.3,0
2024-01-06 06:02:02,6,Pump,2.91,84.82,16.4,149.5,1811.8,peak,46.8,11.5,0
2024-01-06 06:32:02,6,Pump,0.57,41.04,3.82,23.2,529.2,idle,47.3,14.8,0
2024-01-06 06:41:02,6,Pump,2.06,66.07,12.84,114.6,1295.5,normal,47.45,9.5,0
2024-01-06 07:05:02,6,Pump,0.61,36.83,3.39,19.9,511.2,idle,47.85,12.4,0
2024-01-06 07:29:02,6,Pump,1.99,59.85,12.05,79.9,1208.7,normal,48.25,16.9,0
2024-01-06 07:50:02,6,Pump,1.76,48.53,6.38,95.9,1243.8,normal,48.6,8.0,0
2024-01-06 08:03:02,6,Pump,0.51,41.35,3.76,16.8,564.4,idle,48.82,14.9,0
2024-01-06 08:31:02,6,Pump,0.66,37.3,3.64,19.6,524.4,idle,49.28,16.3,0
2024-01-06 08:58:02,6,Pump,2.11,47.51,11.83,100.3,1270.3,normal,49.73,9.3,0
2024-01-06 09:13:02,6,Pump,2.13,50.02,11.21,46.0,1226.1,normal,49.98,13.1,0
2024-01-06 09:16:02,6,Pump,1.74,54.81,11.44,96.8,1239.0,normal,50.03,8.9,0
2024-01-06 09:19:02,6,Pump,1.75,57.89,11.05,128.2,1251.2,normal,50.08,12.6,0
2024-01-06 09:37:02,6,Pump,2.05,50.21,11.56,116.9,1324.9,normal,50.38,14.1,0
2024-01-06 10:04:02,6,Pump,2.54,84.89,15.04,145.4,1867.0,peak,50.83,15.6,0
2024-01-06 10:31:02,6,Pump,1.8,61.06,12.71,127.9,1271.1,normal,51.28,16.5,0
2024-01-06 10:45:02,6,Pump,2.19,54.47,11.44,104.7,1297.5,normal,51.52,8.1,0
2024-01-06 10:50:02,6,Pump,1.93,58.04,6.38,105.3,1342.9,normal,51.6,9.0,0
2024-01-06 11:12:02,6,Pump,0.6,37.53,3.83,18.4,557.1,idle,51.97,16.2,0
2024-01-06 11:31:02,6,Pump,1.73,52.64,11.19,82.4,1298.8,normal,52.28,17.6,0
2024-01-06 11:54:02,6,Pump,1.89,65.04,12.03,93.4,1308.1,normal,52.67,17.6,0
2024-01-06 12:18:02,6,Pump,2.01,63.39,12.29,86.7,1300.5,normal,53.07,16.6,0
2024-01-06 12:41:02,6,Pump,0.58,39.63,3.95,46.0,542.8,idle,53.45,14.3,0
2024-01-06 13:05:02,6,Pump,0.57,35.95,3.62,21.0,528.5,idle,53.85,13.3,0
2024-01-06 13:15:02,6,Pump,0.58,43.2,3.32,18.0,556.8,idle,54.02,12.8,0
2024-01-06 13:27:02,6,Pump,2.16,54.48,12.78,88.3,1233.2,normal,54.22,10.6,0
2024-01-06 13:33:02,6,Pump,2.12,65.77,11.45,81.1,1213.5,normal,54.32,17.7,0
2024-01-06 13:41:02,6,Pump,2.56,81.42,16.02,151.4,1837.6,peak,54.45,17.8,0
2024-01-06 13:47:02,6,Pump,2.93,50.21,16.39,163.2,1782.0,peak,54.55,17.2,0
2024-01-06 14:05:02,6,Pump,2.12,61.05,11.03,90.0,1290.9,normal,54.85,9.1,0
2024-01-06 14:26:02,6,Pump,1.95,57.14,11.46,113.1,1240.0,normal,55.2,18.0,0
2024-01-06 14:39:02,6,Pump,1.89,53.49,12.34,82.7,1230.8,normal,55.42,14.7,0
2024-01-06 15:04:02,6,Pump,1.8,47.49,11.42,109.6,1309.8,normal,55.83,15.2,0
2024-01-06 15:27:02,6,Pump,2.8,77.13,15.1,164.0,1775.2,peak,56.22,14.3,0
2024-01-06 15:34:02,6,Pump,2.03,66.0,12.4,89.3,1247.4,normal,56.33,17.6,0
2024-01-06 15:48:02,6,Pump,1.72,59.09,12.23,115.7,1201.7,normal,56.57,9.8,0
2024-01-06 16:18:02,6,Pump,2.11,61.99,11.28,96.1,1295.8,normal,57.07,17.9,0
2024-01-06 16:26:02,6,Pump,1.95,47.65,11.17,118.6,1223.4,normal,57.2,8.5,0
2024-01-06 16:40:02,6,Pump,1.79,64.11,12.22,109.5,1271.9,normal,57.43,17.0,0
2024-01-06 17:07:02,6,Pump,0.61,50.21,3.98,17.2,515.0,idle,57.88,16.6,0
2024-01-06 17:16:02,6,Pump,1.73,60.14,12.1,83.8,1254.7,normal,58.03,14.5,0
2024-01-06 17:35:02,6,Pump,1.79,52.62,12.9,113.5,1201.1,normal,58.35,12.0,0
2024-01-06 18:02:02,6,Pump,1.83,45.24,12.43,102.4,1349.1,normal,58.8,9.0,0
2024-01-06 18:11:02,6,Pump,2.07,56.91,12.61,114.7,1236.6,normal,58.95,14.7,0
2024-01-06 18:20:02,6,Pump,0.61,40.56,3.62,16.8,515.6,idle,59.1,17.5,0
2024-01-06 18:46:02,6,Pump,1.84,45.24,12.83,113.7,1303.4,normal,59.53,13.6,0
2024-01-06 18:52:02,6,Pump,1.99,60.85,12.96,98.0,1306.9,normal,59.63,14.6,0
2024-01-06 19:01:02,6,Pump,0.57,43.54,3.9,24.0,500.4,idle,59.78,9.7,0
2024-01-06 19:24:02,6,Pump,1.85,48.08,11.91,103.8,1238.4,normal,60.17,15.8,0
2024-01-06 19:47:02,6,Pump,2.06,51.2,12.71,87.2,1255.1,normal,60.55,13.7,0
2024-01-06 20:12:02,6,Pump,2.01,58.92,11.16,122.0,1289.7,normal,60.97,11.7,0
2024-01-06 20:16:02,6,Pump,2.13,64.96,12.09,125.4,1327.3,normal,61.03,10.8,0
2024-01-06 20:33:02,6,Pump,2.18,64.56,12.64,102.4,1231.8,normal,61.32,11.2,0
2024-01-06 20:53:02,6,Pump,2.16,61.62,11.56,95.7,1302.9,normal,61.65,9.7,0
2024-01-06 21:15:02,6,Pump,0.6,35.81,3.4,22.5,523.0,idle,62.02,11.7,0
2024-01-06 21:30:02,6,Pump,2.7,81.5,16.5,144.2,1764.8,peak,62.27,10.7,0
2024-01-06 21:34:02,6,Pump,2.0,62.06,11.3,97.3,1330.5,normal,62.33,17.2,0
2024-01-06 21:46:02,6,Pump,2.17,55.44,11.16,91.4,1235.0,normal,62.53,10.7,0
2024-01-06 22:06:02,6,Pump,1.82,56.36,12.17,84.4,1333.4,normal,62.87,8.9,0
2024-01-06 22:31:02,6,Pump,0.62,40.97,3.99,21.3,565.0,idle,63.28,17.8,0
2024-01-06 22:51:02,6,Pump,0.56,37.4,3.66,20.1,515.9,idle,63.62,13.5,0
2024-01-06 23:04:02,6,Pump,0.64,35.3,3.78,19.6,548.2,idle,63.83,8.6,0
2024-01-06 23:31:02,6,Pump,0.6,44.77,3.53,24.8,504.6,idle,64.28,9.4,0
2024-01-06 23:41:02,6,Pump,0.64,39.54,3.88,22.9,556.0,idle,64.45,17.8,0
2024-01-07 00:04:02,6,Pump,0.52,43.22,3.45,15.3,515.2,idle,64.83,14.2,0
2024-01-07 00:26:02,6,Pump,0.6,42.42,3.45,16.1,545.2,idle,65.2,9.4,0
2024-01-07 00:49:02,6,Pump,0.7,41.01,3.78,20.6,554.8,idle,65.58,11.1,0
2024-01-07 00:57:02,6,Pump,0.7,40.44,3.59,23.6,567.9,idle,65.72,15.5,0
2024-01-07 01:12:02,6,Pump,1.76,58.3,12.58,105.7,1261.4,normal,65.97,14.2,0
2024-01-07 01:28:02,6,Pump,0.63,37.7,3.54,24.9,544.5,idle,66.23,14.5,0
2024-01-07 01:42:02,6,Pump,0.67,43.08,3.76,23.4,520.1,idle,66.47,17.5,0
2024-01-07 01:59:02,6,Pump,0.63,40.91,3.74,16.7,519.4,idle,66.75,9.6,0
2024-01-07 02:16:02,6,Pump,1.84,58.84,12.95,127.6,1234.1,normal,67.03,10.3,0
2024-01-07 02:43:02,6,Pump,0.56,35.36,3.58,23.4,564.1,idle,67.48,15.7,0
2024-01-07 02:49:02,6,Pump,0.55,37.66,3.45,18.5,556.3,idle,67.58,11.9,0
2024-01-07 03:15:02,6,Pump,0.63,42.86,3.71,17.6,516.0,idle,68.02,17.6,0
2024-01-07 03:39:02,6,Pump,0.5,42.81,3.89,46.0,505.2,idle,68.42,13.3,0
2024-01-07 04:00:02,6,Pump,0.65,35.46,3.37,19.4,533.3,idle,68.77,13.4,0
2024-01-07 04:13:02,6,Pump,0.66,41.8,3.41,17.3,520.0,idle,68.98,14.4,0
2024-01-07 04:21:02,6,Pump,1.76,51.62,12.46,90.5,1325.3,normal,69.12,14.8,0
2024-01-07 04:51:02,6,Pump,1.93,52.43,11.82,114.9,1277.5,normal,69.62,14.9,0
2024-01-07 04:59:02,6,Pump,0.5,44.22,3.35,24.4,502.0,idle,69.75,8.9,0
2024-01-07 05:25:02,6,Pump,0.65,40.35,3.65,15.7,516.7,idle,70.18,11.1,0
2024-01-07 05:27:02,6,Pump,2.09,65.5,12.06,96.4,1209.0,normal,70.22,14.7,0
2024-01-07 05:54:02,6,Pump,0.64,50.21,3.34,21.7,534.0,idle,70.67,11.3,0
2024-01-07 06:03:02,6,Pump,1.71,47.55,12.4,81.3,1329.9,normal,70.82,8.5,0
2024-01-07 06:08:02,6,Pump,1.86,47.04,12.52,105.3,1246.0,normal,70.9,11.5,0
2024-01-07 06:10:02,6,Pump,0.58,35.21,3.76,18.7,550.0,idle,70.93,12.9,0
2024-01-07 06:24:02,6,Pump,2.01,59.98,12.59,110.8,1262.8,normal,71.17,10.8,0
2024-01-07 06:46:02,6,Pump,1.89,47.75,12.56,117.6,1236.9,normal,71.53,17.2,0
2024-01-07 07:03:02,6,Pump,2.13,58.55,11.96,78.9,1257.4,normal,71.82,8.5,0
2024-01-07 07:09:02,6,Pump,2.02,47.06,11.92,129.7,1307.5,normal,71.92,13.6,0
2024-01-07 07:23:02,6,Pump,1.97,57.26,11.09,127.8,1339.2,normal,72.15,13.4,0
2024-01-07 07:49:02,6,Pump,2.04,47.28,11.42,87.6,1277.9,normal,72.58,12.0,0
2024-01-07 08:09:02,6,Pump,1.8,61.0,12.09,78.9,1311.6,normal,72.92,12.5,0
2024-01-07 08:20:02,6,Pump,1.25,43.25,3.55,18.4,500.8,idle,73.1,8.9,0
2024-01-07 08:48:02,6,Pump,2.19,59.08,11.85,83.0,1304.9,normal,73.57,16.9,0
2024-01-07 09:03:02,6,Pump,0.56,44.88,3.97,22.4,568.0,idle,73.82,8.3,0
2024-01-07 09:32:02,6,Pump,1.75,51.44,11.51,81.7,1345.8,normal,74.3,8.2,0
2024-01-07 09:41:02,6,Pump,3.47,64.7,12.54,97.5,1202.8,normal,74.45,15.0,0
2024-01-07 09:58:02,6,Pump,1.7,49.69,11.99,101.8,854.3,normal,74.73,13.9,0
2024-01-07 10:12:02,6,Pump,2.86,75.66,15.32,160.0,1799.9,peak,74.97,13.7,0
2024-01-07 10:33:02,6,Pump,1.84,62.58,12.87,125.6,1220.6,normal,75.32,12.6,0
2024-01-07 10:37:02,6,Pump,1.95,47.14,12.92,89.2,1229.6,normal,75.38,14.3,0
2024-01-07 10:59:02,6,Pump,2.14,67.26,12.4,84.3,1272.9,normal,75.75,13.7,0
2024-01-07 11:13:02,6,Pump,2.11,58.17,6.38,46.0,854.3,normal,75.98,10.1,0
2024-01-07 11:37:02,6,Pump,1.96,61.23,11.75,105.7,1346.6,normal,76.38,12.7,0
2024-01-07 11:39:02,6,Pump,1.86,60.52,11.35,84.3,1317.5,normal,76.42,11.5,0
2024-01-07 11:46:02,6,Pump,2.12,60.37,11.32,90.5,1336.7,normal,76.53,12.6,0
2024-01-07 12:09:02,6,Pump,1.84,63.83,11.57,46.0,1337.2,normal,76.92,11.0,0
2024-01-07 12:13:02,6,Pump,0.51,42.7,3.42,46.0,532.2,idle,76.98,14.1,0
2024-01-07 12:31:02,6,Pump,1.99,52.49,12.15,86.9,1203.3,normal,77.28,13.6,0
2024-01-07 12:51:02,6,Pump,0.61,40.17,3.78,21.5,562.8,idle,77.62,14.1,0
2024-01-07 13:04:02,6,Pump,2.68,70.13,16.26,156.9,1828.2,peak,77.83,12.1,0
2024-01-07 13:19:02,6,Pump,2.04,50.21,11.3,112.6,1236.8,normal,78.08,17.7,0
2024-01-07 13:45:02,6,Pump,1.25,56.31,11.95,109.1,1204.4,normal,78.52,17.0,0
2024-01-07 13:56:02,6,Pump,0.7,42.16,3.6,16.9,505.6,idle,78.7,11.1,0
2024-01-07 14:06:02,6,Pump,0.63,38.17,3.46,18.8,541.5,idle,78.87,15.9,0
2024-01-07 14:17:02,6,Pump,2.04,59.84,12.73,89.4,1295.5,normal,79.05,12.0,0
2024-01-07 14:38:02,6,Pump,1.75,57.6,12.17,89.2,1258.8,normal,79.4,15.5,0
2024-01-07 14:47:02,6,Pump,0.67,36.48,3.6,24.3,535.3,idle,79.55,17.4,0
2024-01-07 14:57:02,6,Pump,2.06,64.02,11.41,89.3,1313.8,normal,79.72,12.5,0
2024-01-07 15:06:02,6,Pump,2.08,46.38,11.64,98.7,1324.4,normal,79.87,10.7,0
2024-01-07 15:21:02,6,Pump,1.91,66.3,12.99,118.6,1300.0,normal,80.12,13.3,0
2024-01-07 15:44:02,6,Pump,0.58,35.67,3.7,18.6,524.6,idle,80.5,15.0,0
2024-01-07 15:51:02,6,Pump,2.04,55.66,12.5,98.7,1222.6,normal,80.62,8.5,0
2024-01-07 16:03:02,6,Pump,1.93,66.87,12.6,88.7,1258.7,normal,80.82,9.3,0
2024-01-07 16:28:02,6,Pump,2.16,50.21,11.51,91.6,1285.6,normal,81.23,17.4,0
2024-01-07 16:48:02,6,Pump,0.58,35.8,3.74,16.0,542.5,idle,81.57,13.3,0
2024-01-07 17:14:02,6,Pump,0.6,39.94,3.35,21.4,530.2,idle,82.0,13.8,0
2024-01-07 17:24:02,6,Pump,1.91,58.72,12.21,78.8,1218.8,normal,82.17,9.6,0
2024-01-07 17:26:02,6,Pump,2.54,80.17,16.15,158.9,1861.1,peak,82.2,15.6,0
2024-01-07 17:42:02,6,Pump,2.13,53.67,11.69,121.2,1235.6,normal,82.47,14.9,0
2024-01-07 17:47:02,6,Pump,0.59,36.94,6.38,19.1,514.9,idle,82.55,15.6,0
2024-01-07 18:04:02,6,Pump,2.05,50.63,12.89,97.1,1299.7,normal,82.83,17.0,0
2024-01-07 18:22:02,6,Pump,1.87,63.57,12.79,119.0,1327.3,normal,83.13,10.9,0
2024-01-07 18:46:02,6,Pump,0.52,44.24,3.74,23.7,547.9,idle,83.53,11.7,0
2024-01-07 19:03:02,6,Pump,0.54,41.1,3.36,22.0,528.6,idle,83.82,9.3,0
2024-01-07 19:29:02,6,Pump,1.78,67.52,12.8,46.0,1318.3,normal,84.25,10.4,0
2024-01-07 19:32:02,6,Pump,2.05,60.07,11.21,124.8,1332.2,normal,84.3,13.7,0
2024-01-07 20:01:02,6,Pump,2.07,66.33,12.11,101.3,1345.2,normal,84.78,17.3,0
2024-01-07 20:07:02,6,Pump,1.25,41.41,3.56,21.4,550.4,idle,84.88,10.2,0
2024-01-07 20:10:02,6,Pump,0.62,40.15,3.51,46.0,563.6,idle,84.93,9.4,0
2024-01-07 20:35:02,6,Pump,0.5,36.34,3.38,24.2,546.4,idle,85.35,9.1,0
2024-01-07 21:01:02,6,Pump,2.18,58.4,11.92,119.2,1224.1,normal,85.78,15.3,0
2024-01-07 21:17:02,6,Pump,1.89,55.72,11.6,97.3,1211.7,normal,86.05,11.9,0
2024-01-07 21:30:02,6,Pump,1.8,52.72,12.59,87.5,1252.0,normal,86.27,13.9,0
2024-01-07 21:38:02,6,Pump,1.73,57.81,12.22,46.0,1322.9,normal,86.4,11.4,0
2024-01-07 22:01:02,6,Pump,0.56,36.37,6.38,24.7,854.3,idle,86.78,17.6,0
2024-01-07 22:20:02,6,Pump,1.72,48.15,11.97,88.8,1320.5,normal,87.1,17.7,0
2024-01-07 22:24:02,6,Pump,1.99,59.09,11.93,91.3,1288.4,normal,87.17,14.1,0
2024-01-07 22:28:02,6,Pump,0.64,38.71,6.38,23.4,510.4,idle,87.23,11.6,0
2024-01-07 22:39:02,6,Pump,0.61,38.48,3.79,15.2,546.9,idle,87.42,15.0,0
2024-01-07 22:53:02,6,Pump,0.52,35.65,3.81,21.4,562.6,idle,87.65,8.8,0
2024-01-07 23:02:02,6,Pump,1.96,57.19,12.41,94.8,1205.5,normal,87.8,13.5,0
2024-01-07 23:05:02,6,Pump,1.82,50.47,11.67,127.1,1320.7,normal,87.85,11.0,0
2024-01-07 23:12:02,6,Pump,0.69,44.99,3.6,17.3,539.2,idle,87.97,12.1,0
2024-01-07 23:35:02,6,Pump,0.68,39.66,3.65,16.3,529.4,idle,88.35,8.3,0
2024-01-07 23:44:02,6,Pump,0.58,38.52,3.92,15.6,568.0,idle,88.5,12.6,0
2024-01-07 23:51:02,6,Pump,0.5,44.46,3.68,22.0,513.1,idle,88.62,10.1,0
2024-01-07 23:56:02,6,Pump,0.63,43.82,3.4,16.3,521.3,idle,88.7,10.3,0
2024-01-08 00:12:02,6,Pump,0.53,36.11,3.77,17.1,546.7,idle,88.97,12.2,0
2024-01-08 00:37:02,6,Pump,0.67,41.52,3.38,20.7,527.5,idle,89.38,16.0,0
2024-01-08 00:51:02,6,Pump,0.57,38.19,3.95,22.4,509.4,idle,89.62,13.4,0
2024-01-08 00:53:02,6,Pump,0.6,38.18,3.98,46.0,522.4,idle,89.65,15.9,0
2024-01-08 01:15:02,6,Pump,0.57,40.99,3.64,17.1,546.2,idle,90.02,15.1,0
2024-01-08 01:21:02,6,Pump,0.57,41.54,3.57,22.0,546.8,idle,90.12,10.8,0
2024-01-08 01:47:02,6,Pump,0.6,42.05,3.62,16.2,512.8,idle,90.55,8.5,0
2024-01-08 02:17:02,6,Pump,0.55,35.63,3.8,18.7,506.6,idle,91.05,8.9,0
2024-01-08 02:40:02,6,Pump,2.11,60.72,11.9,90.9,1222.8,normal,91.43,12.4,0
2024-01-08 02:51:02,6,Pump,0.59,43.85,3.43,20.7,567.3,idle,91.62,10.6,0
2024-01-08 02:54:02,6,Pump,0.63,39.4,3.8,23.2,541.3,idle,91.67,16.4,0
2024-01-08 02:57:02,6,Pump,0.67,40.15,3.88,24.5,535.1,idle,91.72,13.4,0
2024-01-08 03:24:02,6,Pump,0.62,41.09,3.85,46.0,501.9,idle,92.17,17.5,0
2024-01-08 03:31:02,6,Pump,0.65,42.84,3.79,22.1,502.9,idle,92.28,13.6,0
2024-01-08 03:41:02,6,Pump,0.59,43.18,3.95,17.3,540.5,idle,92.45,11.4,0
2024-01-08 03:57:02,6,Pump,0.66,42.52,3.73,15.2,550.7,idle,92.72,15.3,0
2024-01-08 04:23:02,6,Pump,2.09,61.63,12.53,100.4,1349.1,normal,93.15,9.6,0
2024-01-08 04:31:02,6,Pump,0.65,40.79,6.38,24.1,557.0,idle,93.28,17.9,0
2024-01-08 04:52:02,6,Pump,0.61,40.27,3.53,17.5,535.9,idle,93.63,8.1,0
2024-01-08 04:54:02,6,Pump,0.62,37.45,3.95,20.6,536.9,idle,93.67,12.0,0
2024-01-08 04:59:02,6,Pump,0.59,35.58,3.92,18.2,545.0,idle,93.75,16.8,0
2024-01-08 05:08:02,6,Pump,0.62,40.84,3.67,16.8,519.6,idle,93.9,10.0,0
2024-01-08 05:23:02,6,Pump,0.6,42.89,3.6,17.0,506.2,idle,94.15,8.7,0
2024-01-08 05:47:02,6,Pump,0.63,39.23,3.39,21.7,514.5,idle,94.55,17.0,0
2024-01-08 06:14:02,6,Pump,1.95,52.04,12.86,89.9,1263.0,normal,95.0,17.3,0
2024-01-08 06:16:02,6,Pump,2.18,52.33,12.29,94.5,1216.6,normal,95.03,12.3,0
2024-01-08 06:42:02,6,Pump,2.01,66.07,11.91,110.6,1291.3,normal,95.47,14.1,0
2024-01-08 07:08:02,6,Pump,0.58,41.15,3.48,18.8,531.0,idle,95.9,10.5,0
2024-01-08 07:33:02,6,Pump,2.13,53.01,12.27,89.1,1237.9,normal,96.32,10.8,0
2024-01-08 07:46:02,6,Pump,2.02,62.53,11.92,95.4,1336.5,normal,96.53,8.8,0
2024-01-08 08:16:02,6,Pump,1.25,61.58,12.38,113.9,1340.3,normal,97.03,10.3,0
2024-01-08 08:36:02,6,Pump,2.06,51.94,11.71,98.3,1204.6,normal,97.37,10.6,0
2024-01-08 08:53:02,6,Pump,2.16,46.69,12.4,116.0,1326.6,normal,97.65,8.3,0
2024-01-08 09:03:02,6,Pump,0.61,42.25,3.51,22.5,524.0,idle,97.82,17.5,0
2024-01-08 09:09:02,6,Pump,2.15,48.76,11.63,103.9,1316.4,normal,97.92,13.4,0
2024-01-08 09:25:02,6,Pump,2.07,49.85,11.29,93.8,1272.6,normal,98.18,17.7,0
2024-01-08 09:45:02,6,Pump,0.61,39.29,3.76,19.3,566.2,idle,98.52,16.0,0
2024-01-08 10:11:02,6,Pump,1.83,59.43,12.22,92.6,1261.8,normal,98.95,12.5,0
2024-01-08 10:18:02,6,Pump,2.62,72.59,15.95,149.7,1776.8,peak,99.07,14.6,0
2024-01-08 10:24:02,6,Pump,1.92,54.7,11.26,84.8,1297.1,normal,99.17,16.8,0
2024-01-08 10:27:02,6,Pump,2.05,66.65,11.17,84.1,1207.8,normal,99.22,16.8,0
2024-01-08 10:42:02,6,Pump,2.72,79.34,15.81,159.9,1853.0,peak,99.47,10.6,0
2024-01-08 11:12:02,6,Pump,2.19,48.17,11.12,92.3,1202.9,normal,99.97,15.3,0
2024-01-08 11:17:02,6,Pump,0.69,38.04,3.69,18.2,517.2,idle,100.05,12.8,0
2024-01-08 11:39:02,6,Pump,0.53,38.2,3.73,24.7,539.1,idle,100.42,11.2,0
2024-01-08 11:49:02,6,Pump,1.97,45.81,12.68,80.3,1335.9,normal,100.58,14.2,0
2024-01-08 12:17:02,6,Pump,1.97,48.87,11.9,129.7,1245.8,normal,101.05,16.6,0
2024-01-08 12:27:02,6,Pump,1.83,47.71,12.19,82.6,1314.9,normal,101.22,11.6,0
2024-01-08 12:46:02,6,Pump,2.16,66.43,11.22,107.0,1214.6,normal,101.53,16.7,0
2024-01-08 13:02:02,6,Pump,1.99,63.74,12.08,123.3,1320.2,normal,101.8,14.8,0
2024-01-08 13:24:02,6,Pump,1.84,59.49,11.01,98.6,1235.7,normal,102.17,13.1,0
2024-01-08 13:28:02,6,Pump,2.17,54.32,12.31,116.1,1316.0,normal,102.23,11.2,0
2024-01-08 13:31:02,6,Pump,0.65,37.89,3.78,20.5,541.8,idle,102.28,13.8,0
2024-01-08 13:55:02,6,Pump,1.7,50.94,12.86,93.1,854.3,normal,102.68,11.9,0
2024-01-08 14:14:02,6,Pump,1.79,48.19,11.42,106.8,1337.8,normal,103.0,10.5,0
2024-01-08 14:32:02,6,Pump,0.57,38.23,3.69,18.6,563.7,idle,103.3,9.5,0
2024-01-08 14:41:02,6,Pump,1.89,56.28,12.07,118.7,1284.6,normal,103.45,14.3,0
2024-01-08 14:57:02,6,Pump,1.82,47.85,12.88,119.7,1203.4,normal,103.72,17.4,0
2024-01-08 15:24:02,6,Pump,2.11,58.58,6.38,78.6,1317.1,normal,104.17,9.3,0
2024-01-08 15:28:02,6,Pump,2.52,80.92,15.03,159.9,1753.5,peak,104.23,9.2,0
2024-01-08 15:44:02,6,Pump,1.25,74.02,15.32,152.0,1792.5,peak,104.5,8.4,0
2024-01-08 16:08:02,6,Pump,2.2,58.34,12.13,89.5,1261.3,normal,104.9,14.9,0
2024-01-08 16:23:02,6,Pump,0.52,42.63,3.53,46.0,526.0,idle,105.15,15.4,0
2024-01-08 16:26:02,6,Pump,0.7,36.71,3.3,20.9,566.7,idle,105.2,16.9,0
2024-01-08 16:56:02,6,Pump,2.02,46.97,12.08,125.3,1201.0,normal,105.7,16.6,0
2024-01-08 17:25:02,6,Pump,0.53,43.15,3.93,22.1,569.4,idle,106.18,10.9,0
2024-01-08 17:28:02,6,Pump,0.52,40.46,3.78,22.0,555.5,idle,106.23,17.3,0
2024-01-08 17:49:02,6,Pump,2.16,53.32,11.09,96.8,1300.7,normal,106.58,9.0,0
2024-01-08 18:10:02,6,Pump,1.81,50.21,11.44,78.5,1276.2,normal,106.93,14.9,0
2024-01-08 18:17:02,6,Pump,2.06,53.04,12.5,100.8,1225.8,normal,107.05,15.4,0
2024-01-08 18:47:02,6,Pump,0.52,42.11,3.57,24.1,537.8,idle,107.55,12.9,0
2024-01-08 18:54:02,6,Pump,1.87,53.03,11.26,108.9,1287.3,normal,107.67,17.1,0
2024-01-08 19:08:02,6,Pump,0.66,37.01,6.38,16.0,520.7,idle,107.9,10.5,0
2024-01-08 19:27:02,6,Pump,1.91,67.17,12.31,118.7,1248.8,normal,108.22,9.6,0
2024-01-08 19:40:02,6,Pump,0.53,37.57,3.48,20.8,523.9,idle,108.43,9.5,0
2024-01-08 19:45:02,6,Pump,2.13,67.74,11.69,114.7,1298.6,normal,108.52,11.8,0
2024-01-08 19:57:02,6,Pump,0.54,44.18,3.44,22.4,524.3,idle,108.72,10.6,0
2024-01-08 20:27:02,6,Pump,1.88,55.48,12.73,85.3,1208.2,normal,109.22,16.5,0
2024-01-08 20:35:02,6,Pump,2.64,70.83,16.38,159.0,1878.2,peak,109.35,15.4,0
2024-01-08 20:37:02,6,Pump,0.65,44.16,3.82,24.4,513.5,idle,109.38,16.2,0
2024-01-08 20:45:02,6,Pump,1.25,84.91,16.36,162.0,1754.6,peak,109.52,10.9,0
2024-01-08 21:01:02,6,Pump,0.67,41.98,3.42,15.3,518.2,idle,109.78,16.3,0
2024-01-08 21:12:02,6,Pump,2.16,60.37,12.84,101.2,1340.5,normal,109.97,13.2,0
2024-01-08 21:30:02,6,Pump,1.93,49.7,11.3,129.7,1250.1,normal,110.27,17.2,0
2024-01-08 21:32:02,6,Pump,1.78,45.19,11.57,124.2,1280.1,normal,110.3,8.2,0
2024-01-08 21:39:02,6,Pump,2.02,66.21,12.03,121.6,1248.6,normal,110.42,11.7,0
2024-01-08 22:02:02,6,Pump,0.7,35.79,3.81,46.0,513.4,idle,110.8,13.1,0
2024-01-08 22:15:02,6,Pump,0.58,38.13,3.37,20.9,569.6,idle,111.02,15.7,0
2024-01-08 22:27:02,6,Pump,0.61,40.45,3.33,16.4,535.9,idle,111.22,14.8,0
2024-01-08 22:44:02,6,Pump,0.7,43.77,6.38,20.4,538.7,idle,111.5,15.0,0
2024-01-08 22:51:02,6,Pump,0.64,41.88,3.85,15.2,566.1,idle,111.62,14.3,0
2024-01-08 22:59:02,6,Pump,0.51,50.21,3.94,19.9,504.4,idle,111.75,16.8,0
2024-01-08 23:24:02,6,Pump,0.55,40.79,3.36,19.2,523.0,idle,112.17,10.3,0
2024-01-08 23:31:02,6,Pump,0.66,36.1,3.78,19.1,541.1,idle,112.28,13.0,0
2024-01-08 23:43:02,6,Pump,0.54,41.1,3.77,15.7,557.7,idle,112.48,9.6,0
2024-01-08 23:56:02,6,Pump,1.25,35.64,3.72,20.9,500.9,idle,112.7,8.2,0
2024-01-09 00:00:02,6,Pump,1.87,67.29,6.38,126.5,1301.3,normal,112.77,11.5,0
2024-01-09 00:04:02,6,Pump,0.51,35.78,3.81,20.6,508.9,idle,112.83,14.0,0
2024-01-09 00:06:02,6,Pump,0.62,43.1,3.83,17.5,518.1,idle,112.87,13.7,0
2024-01-09 00:13:02,6,Pump,0.69,43.87,3.52,23.2,511.3,idle,112.98,10.9,0
2024-01-09 00:17:02,6,Pump,0.54,36.81,3.36,23.6,540.5,idle,113.05,16.6,0
2024-01-09 00:43:02,6,Pump,0.55,43.49,3.86,16.0,545.1,idle,113.48,8.4,0
2024-01-09 01:03:02,6,Pump,0.64,42.16,3.81,16.7,522.1,idle,113.82,15.6,0
2024-01-09 01:27:02,6,Pump,0.67,43.98,3.5,15.2,854.3,idle,114.22,10.3,0
2024-01-09 01:36:02,6,Pump,0.58,38.29,3.54,19.2,526.5,idle,114.37,15.2,0
2024-01-09 01:42:02,6,Pump,0.61,35.79,3.98,24.4,565.4,idle,114.47,9.7,0
2024-01-09 02:03:02,6,Pump,0.68,41.6,3.45,15.5,506.9,idle,114.82,14.6,0
2024-01-09 02:10:02,6,Pump,0.56,40.04,4.0,19.4,536.7,idle,114.93,11.8,0
2024-01-09 02:22:02,6,Pump,0.64,36.81,3.95,20.3,519.3,idle,115.13,14.2,0
2024-01-09 02:24:02,6,Pump,0.69,41.25,3.64,20.8,552.4,idle,115.17,13.5,0
2024-01-09 02:29:02,6,Pump,0.53,43.65,3.97,20.7,547.8,idle,115.25,15.2,0
2024-01-09 02:38:02,6,Pump,0.67,38.75,3.99,21.8,529.7,idle,115.4,15.6,0
2024-01-09 02:41:02,6,Pump,0.64,40.22,3.38,23.0,539.5,idle,115.45,13.7,0
2024-01-09 03:10:02,6,Pump,2.1,48.56,12.08,117.9,1348.2,normal,115.93,15.0,0
2024-01-09 03:17:02,6,Pump,0.68,50.21,3.47,23.4,511.9,idle,116.05,14.4,0
2024-01-09 03:24:02,6,Pump,1.8,47.53,12.72,83.6,1220.7,normal,116.17,8.9,0
2024-01-09 03:52:02,6,Pump,0.55,40.73,3.92,19.2,538.2,idle,116.63,8.8,0
2024-01-09 04:17:02,6,Pump,0.53,37.66,3.39,19.1,541.3,idle,117.05,14.6,0
2024-01-09 04:47:02,6,Pump,1.25,43.46,3.99,16.2,501.2,idle,117.55,11.7,0
2024-01-09 04:53:02,6,Pump,2.09,49.38,11.71,98.5,1337.5,normal,117.65,13.4,0
2024-01-09 05:12:02,6,Pump,0.63,35.41,3.31,17.0,522.3,idle,117.97,12.0,0
2024-01-09 05:42:02,6,Pump,0.6,43.38,3.52,18.8,523.0,idle,118.47,15.6,0
2024-01-09 05:47:02,6,Pump,0.5,44.55,3.4,17.9,509.1,idle,118.55,10.6,0
2024-01-09 06:06:02,6,Pump,1.95,66.44,11.2,100.9,1203.4,normal,118.87,11.1,0
2024-01-09 06:17:02,6,Pump,0.65,41.41,3.79,19.7,563.5,idle,119.05,16.4,0
2024-01-09 06:40:02,6,Pump,1.9,56.82,12.39,105.1,1228.4,normal,119.43,15.9,0
2024-01-09 06:47:02,6,Pump,1.86,47.12,11.87,109.7,1217.8,normal,119.55,13.0,0
2024-01-09 07:04:02,6,Pump,2.02,65.54,11.68,89.5,1334.0,normal,119.83,13.2,0
2024-01-09 07:13:02,6,Pump,0.64,36.05,3.59,21.7,540.2,idle,119.98,13.2,0
2024-01-09 07:39:02,6,Pump,0.62,40.67,3.86,18.2,549.6,idle,120.42,11.9,0
2024-01-09 07:53:02,6,Pump,2.2,53.97,12.58,90.8,1242.3,normal,120.65,16.7,0
2024-01-09 08:18:02,6,Pump,2.17,45.6,11.43,103.1,1260.3,normal,121.07,15.5,0
2024-01-09 08:39:02,6,Pump,2.01,49.43,11.14,97.2,1278.7,normal,121.42,9.3,0
2024-01-09 08:50:02,6,Pump,0.61,41.01,3.68,17.5,553.5,idle,121.6,9.1,0
2024-01-09 08:56:02,6,Pump,1.25,36.98,3.82,17.8,534.5,idle,121.7,12.4,0
2024-01-09 09:02:02,6,Pump,1.86,56.66,11.69,129.7,1253.6,normal,121.8,9.9,0
2024-01-09 09:04:02,6,Pump,2.01,65.43,12.28,107.4,1285.4,normal,121.83,8.6,0
2024-01-09 09:15:02,6,Pump,1.95,75.12,11.1,124.0,1287.9,normal,122.02,10.5,0
2024-01-09 09:23:02,6,Pump,0.67,35.1,3.91,16.2,550.5,idle,122.15,9.1,0
2024-01-09 09:48:02,6,Pump,5.1,60.66,12.26,86.5,1277.2,normal,122.57,13.1,0
2024-01-09 10:18:02,6,Pump,1.84,57.89,12.48,82.2,1277.4,normal,123.07,16.6,0
2024-01-09 10:47:02,6,Pump,2.01,51.79,12.91,105.1,1227.4,normal,123.55,12.7,0
2024-01-09 11:08:02,6,Pump,1.75,57.46,11.75,88.0,1204.6,normal,123.9,16.3,0
2024-01-09 11:23:02,6,Pump,1.98,58.77,11.28,109.3,1342.8,normal,124.15,13.9,0
2024-01-09 11:44:02,6,Pump,2.19,65.44,12.61,88.9,1223.5,normal,124.5,14.9,0
2024-01-09 11:49:02,6,Pump,0.59,41.2,3.9,17.3,533.6,idle,124.58,13.1,0
2024-01-09 11:57:02,6,Pump,2.02,55.25,11.91,89.7,1348.0,normal,124.72,13.5,0
2024-01-09 12:00:02,6,Pump,1.94,57.25,11.44,104.7,1238.3,normal,124.77,12.3,0
2024-01-09 12:15:02,6,Pump,1.8,51.34,11.01,107.7,1258.1,normal,125.02,14.9,0
2024-01-09 12:22:02,6,Pump,0.68,35.41,3.33,23.9,508.9,idle,125.13,8.6,0
2024-01-09 12:35:02,6,Pump,2.4,72.68,16.65,160.1,1801.0,peak,125.35,15.5,0
2024-01-09 12:54:02,6,Pump,2.03,56.67,12.81,80.9,1322.0,normal,125.67,13.4,0
2024-01-09 13:02:02,6,Pump,0.53,38.92,3.43,22.0,547.5,idle,125.8,8.0,0
2024-01-09 13:24:02,6,Pump,1.97,61.06,12.28,46.0,1235.9,normal,126.17,16.1,0
2024-01-09 13:34:02,6,Pump,1.91,48.49,11.86,114.5,1303.7,normal,126.33,13.3,0
2024-01-09 13:43:02,6,Pump,2.05,52.1,12.32,97.1,1341.7,normal,126.48,8.0,0
2024-01-09 13:56:02,6,Pump,1.87,58.87,12.5,125.1,1265.7,normal,126.7,9.6,0
2024-01-09 14:11:02,6,Pump,0.57,39.3,3.53,21.5,565.3,idle,126.95,14.2,0
2024-01-09 14:34:02,6,Pump,0.53,40.61,3.93,16.0,534.6,idle,127.33,15.7,0
2024-01-09 14:37:02,6,Pump,2.13,65.71,12.03,79.3,1215.8,normal,127.38,12.0,0
2024-01-09 15:01:02,6,Pump,1.99,47.85,11.3,118.2,1312.6,normal,127.78,16.2,0
2024-01-09 15:27:02,6,Pump,2.12,47.43,11.4,121.3,1308.2,normal,128.22,10.4,0
2024-01-09 15:36:02,6,Pump,2.1,67.76,12.73,105.1,1246.6,normal,128.37,13.6,0
2024-01-09 16:06:02,6,Pump,1.98,59.69,11.67,118.1,1213.9,normal,128.87,16.7,0
2024-01-09 16:27:02,6,Pump,0.66,35.32,3.65,23.6,506.1,idle,129.22,14.7,0
2024-01-09 16:57:02,6,Pump,2.71,72.39,16.79,160.8,1890.1,peak,129.72,10.1,0
2024-01-09 17:14:02,6,Pump,2.14,61.94,11.37,93.7,1274.5,normal,130.0,15.5,0
2024-01-09 17:32:02,6,Pump,1.99,62.99,11.45,84.7,1272.4,normal,130.3,9.1,0
2024-01-09 17:54:02,6,Pump,2.49,80.41,16.15,158.5,1759.5,peak,130.67,17.1,0
2024-01-09 18:20:02,6,Pump,0.69,35.0,3.53,21.8,503.2,idle,131.1,12.0,0
2024-01-09 18:34:02,6,Pump,1.74,46.76,12.16,124.6,1283.3,normal,131.33,10.5,0
2024-01-09 18:53:02,6,Pump,2.0,52.96,11.04,79.1,1333.2,normal,131.65,15.8,0
2024-01-09 18:55:02,6,Pump,2.46,85.0,15.33,156.9,1892.3,peak,131.68,9.9,0
2024-01-09 19:18:02,6,Pump,1.88,61.89,11.7,93.9,1230.3,normal,132.07,9.6,0
2024-01-09 19:48:02,6,Pump,2.11,50.92,11.57,46.0,1249.1,normal,132.57,14.1,0
2024-01-09 19:53:02,6,Pump,1.25,44.9,6.38,46.0,854.3,idle,132.65,16.5,0
2024-01-09 20:18:02,6,Pump,2.59,73.51,15.85,157.5,1756.5,peak,133.07,11.5,0
2024-01-09 20:25:02,6,Pump,1.89,52.96,11.49,112.0,854.3,normal,133.18,14.0,0
2024-01-09 20:54:02,6,Pump,2.0,56.6,11.43,91.9,1225.6,normal,133.67,12.8,0
2024-01-09 21:18:02,6,Pump,2.43,79.29,16.35,144.2,1842.3,peak,134.07,15.4,0
2024-01-09 21:42:02,6,Pump,2.19,46.71,11.98,116.1,1206.9,normal,134.47,17.5,0
2024-01-09 21:59:02,6,Pump,2.09,67.53,11.18,120.8,1256.8,normal,134.75,8.9,0
2024-01-09 22:02:02,6,Pump,0.53,39.93,3.35,20.2,501.4,idle,134.8,14.3,0
2024-01-09 22:15:02,6,Pump,0.65,39.88,3.62,17.0,525.3,idle,135.02,9.7,0
2024-01-09 22:37:02,6,Pump,1.79,61.91,11.4,110.1,1241.9,normal,135.38,13.4,0
2024-01-09 22:42:02,6,Pump,2.03,57.43,11.85,113.0,1262.4,normal,135.47,16.1,0
2024-01-09 22:51:02,6,Pump,0.66,42.3,3.68,23.8,558.0,idle,135.62,14.2,0
2024-01-09 23:07:02,6,Pump,0.61,35.68,3.7,18.6,537.8,idle,135.88,17.6,0
2024-01-09 23:12:02,6,Pump,0.63,41.45,3.77,21.8,507.6,idle,135.97,13.0,0
2024-01-09 23:17:02,6,Pump,0.54,41.31,3.59,22.6,508.7,idle,136.05,13.9,0
2024-01-09 23:37:02,6,Pump,1.8,57.84,12.0,91.8,1261.2,normal,136.38,14.4,0
2024-01-09 23:56:02,6,Pump,0.51,35.37,3.37,20.8,560.5,idle,136.7,11.5,0
2024-01-10 00:13:02,6,Pump,0.55,35.34,3.8,23.6,509.7,idle,136.98,14.8,0
2024-01-10 00:37:02,6,Pump,0.58,36.59,3.37,21.5,567.7,idle,137.38,9.5,0
2024-01-10 00:51:02,6,Pump,0.64,44.85,3.6,24.0,514.4,idle,137.62,15.0,0
2024-01-10 01:19:02,6,Pump,0.52,42.03,3.56,18.2,547.0,idle,138.08,11.8,0
2024-01-10 01:26:02,6,Pump,0.57,40.73,3.51,46.0,521.9,idle,138.2,11.5,0
2024-01-10 01:54:02,6,Pump,0.61,35.23,3.85,21.2,513.5,idle,138.67,11.2,0
2024-01-10 02:02:02,6,Pump,0.54,37.62,3.7,46.0,519.2,idle,138.8,13.1,0
2024-01-10 02:22:02,6,Pump,2.05,65.45,11.09,99.7,1289.0,normal,139.13,9.6,0
2024-01-10 02:34:02,6,Pump,0.62,35.2,3.45,15.6,539.8,idle,139.33,10.7,0
2024-01-10 02:49:02,6,Pump,0.63,36.6,3.53,18.3,557.4,idle,139.58,8.1,0
2024-01-10 03:05:02,6,Pump,0.54,40.48,3.85,23.3,546.7,idle,139.85,16.9,0
2024-01-10 03:25:02,6,Pump,1.85,63.93,12.48,114.6,1210.1,normal,140.18,8.2,0
2024-01-10 03:35:02,6,Pump,0.51,41.95,3.96,22.7,558.2,idle,140.35,9.4,0
2024-01-10 03:56:02,6,Pump,0.61,50.21,3.77,22.1,547.3,idle,140.7,13.9,0
2024-01-10 04:07:02,6,Pump,0.69,38.67,3.33,24.1,511.2,idle,140.88,12.4,0
2024-01-10 04:28:02,6,Pump,0.64,43.73,3.52,23.3,523.2,idle,141.23,8.2,0
2024-01-10 04:30:02,6,Pump,0.66,35.7,6.38,21.8,534.4,idle,141.27,14.0,0
2024-01-10 04:41:02,6,Pump,0.64,44.23,3.81,24.6,531.4,idle,141.45,13.0,0
2024-01-10 05:00:02,6,Pump,0.61,37.64,3.99,15.6,525.1,idle,141.77,14.2,0
2024-01-10 05:20:02,6,Pump,0.56,38.87,3.94,18.7,564.2,idle,142.1,10.8,0
2024-01-10 05:38:02,6,Pump,0.58,59.33,3.67,18.1,531.5,idle,142.4,14.1,0
2024-01-10 05:56:02,6,Pump,0.58,37.6,3.5,16.9,523.5,idle,142.7,9.1,0
2024-01-10 06:12:02,6,Pump,2.01,53.89,12.42,129.3,1256.6,normal,142.97,16.4,0
2024-01-10 06:30:02,6,Pump,2.68,72.46,15.78,158.2,1782.6,peak,143.27,11.4,0
2024-01-10 06:44:02,6,Pump,0.54,38.76,3.87,21.2,567.0,idle,143.5,13.4,0
2024-01-10 07:03:02,6,Pump,2.15,48.48,11.09,98.8,1278.3,normal,143.82,11.8,0
2024-01-10 07:29:02,6,Pump,1.96,48.08,11.25,80.4,1327.6,normal,144.25,8.3,0
2024-01-10 07:40:02,6,Pump,2.17,47.66,11.43,82.7,1331.6,normal,144.43,15.9,0
2024-01-10 07:47:02,6,Pump,0.69,37.62,3.51,18.6,535.2,idle,144.55,13.1,0
2024-01-10 08:01:02,6,Pump,1.25,40.04,3.97,16.0,555.9,idle,144.78,11.3,0
2024-01-10 08:08:02,6,Pump,1.87,53.68,12.42,126.3,1307.4,normal,144.9,16.9,0
2024-01-10 08:11:02,6,Pump,2.09,62.27,11.64,117.4,1317.7,normal,144.95,9.4,0
2024-01-10 08:27:02,6,Pump,1.97,57.35,12.52,120.5,1250.6,normal,145.22,12.0,0
2024-01-10 08:46:02,6,Pump,2.1,63.73,11.47,115.3,1228.0,normal,145.53,8.6,0
2024-01-10 09:14:02,6,Pump,1.75,50.21,12.82,79.8,1324.0,normal,146.0,10.7,0
2024-01-10 09:42:02,6,Pump,1.95,64.8,12.69,123.5,1315.3,normal,146.47,13.2,0
2024-01-10 10:08:02,6,Pump,2.12,49.05,11.61,90.6,1311.4,normal,146.9,13.6,0
2024-01-10 10:27:02,6,Pump,1.78,49.19,12.76,114.7,1331.3,normal,147.22,9.9,0
2024-01-10 10:50:02,6,Pump,0.53,38.99,3.5,15.1,519.9,idle,147.6,11.3,0
2024-01-10 11:01:02,6,Pump,0.58,35.92,3.7,18.8,503.2,idle,147.78,13.4,0
2024-01-10 11:10:02,6,Pump,2.05,61.77,12.67,103.2,1345.3,normal,147.93,15.4,0
2024-01-10 11:20:02,6,Pump,1.25,40.51,3.61,15.0,549.8,idle,148.1,15.4,0
2024-01-10 11:25:02,6,Pump,1.98,66.56,12.19,129.6,1328.1,normal,148.18,12.2,0
2024-01-10 11:54:02,6,Pump,2.18,52.54,11.3,119.4,1317.9,normal,148.67,9.5,0
2024-01-10 12:10:02,6,Pump,0.54,42.65,3.71,16.1,535.1,idle,148.93,17.2,0
2024-01-10 12:13:02,6,Pump,2.17,56.65,12.58,79.5,1309.2,normal,148.98,8.5,0
2024-01-10 12:26:02,6,Pump,0.69,40.0,3.54,21.5,564.1,idle,149.2,15.6,0
2024-01-10 12:40:02,6,Pump,1.79,54.28,11.31,103.8,1281.1,normal,149.43,16.9,0
2024-01-10 13:06:02,6,Pump,2.17,54.49,12.13,124.0,1248.2,normal,149.87,14.5,0
2024-01-10 13:08:02,6,Pump,2.8,81.36,15.66,144.1,1825.4,peak,149.9,17.5,0
2024-01-10 13:22:02,6,Pump,1.88,51.13,12.95,104.1,1328.5,normal,150.13,13.6,0
2024-01-10 13:48:02,6,Pump,1.8,66.61,12.59,120.0,1258.5,normal,150.57,16.3,0
2024-01-10 14:07:02,6,Pump,0.6,40.93,3.85,23.5,505.5,idle,150.88,17.0,0
2024-01-10 14:18:02,6,Pump,2.15,66.56,6.38,87.7,1322.8,normal,151.07,13.7,0
2024-01-10 14:36:02,6,Pump,0.61,43.17,3.87,15.9,542.5,idle,151.37,17.1,0
2024-01-10 14:38:02,6,Pump,0.6,44.46,3.51,17.1,562.8,idle,151.4,13.3,0
2024-01-10 14:45:02,6,Pump,1.25,60.79,11.6,107.5,1292.4,normal,151.52,14.4,0
2024-01-10 14:48:02,6,Pump,1.91,67.42,11.26,98.3,1264.6,normal,151.57,14.3,0
2024-01-10 14:56:02,6,Pump,2.02,54.37,11.19,127.3,1262.4,normal,151.7,16.9,0
2024-01-10 15:01:02,6,Pump,1.87,50.21,11.43,83.2,1222.3,normal,151.78,10.7,0
2024-01-10 15:12:02,6,Pump,1.78,49.55,11.84,110.4,1294.3,normal,151.97,17.7,0
2024-01-10 15:18:02,6,Pump,1.7,66.18,12.65,128.1,1254.0,normal,152.07,17.4,0
2024-01-10 15:32:02,6,Pump,2.03,48.86,12.63,86.4,1248.9,normal,152.3,14.7,0
2024-01-10 15:47:02,6,Pump,1.95,58.67,12.12,83.3,1263.2,normal,152.55,17.3,0
2024-01-10 16:15:02,6,Pump,2.95,83.09,16.18,46.0,1766.8,peak,153.02,9.6,0
2024-01-10 16:18:02,6,Pump,1.8,50.21,11.98,116.0,1269.1,normal,153.07,15.9,0
2024-01-10 16:24:02,6,Pump,1.76,55.11,11.33,117.1,1225.0,normal,153.17,17.1,0
2024-01-10 16:45:02,6,Pump,1.94,60.95,11.46,82.0,1284.5,normal,153.52,16.7,0
2024-01-10 16:51:02,6,Pump,1.73,58.52,12.51,95.1,1273.2,normal,153.62,12.3,0
2024-01-10 16:58:02,6,Pump,2.16,55.84,12.99,86.2,1306.3,normal,153.73,16.6,0
2024-01-10 17:03:02,6,Pump,2.03,65.06,11.18,92.6,1219.8,normal,153.82,11.3,0
2024-01-10 17:11:02,6,Pump,2.96,76.4,16.82,147.4,1769.0,peak,153.95,14.5,0
2024-01-10 17:22:02,6,Pump,1.85,70.61,12.69,98.0,1337.2,normal,154.13,8.3,0
2024-01-10 17:39:02,6,Pump,1.82,60.95,12.47,46.0,1204.0,normal,154.42,17.0,0
2024-01-10 17:50:02,6,Pump,1.88,46.04,12.8,127.6,1310.3,normal,154.6,14.8,0
2024-01-10 18:02:02,6,Pump,1.25,50.54,11.15,119.7,1283.9,normal,154.8,10.2,0
2024-01-10 18:17:02,6,Pump,2.04,62.93,11.82,85.5,1319.3,normal,155.05,9.0,0
2024-01-10 18:45:02,6,Pump,0.59,43.27,3.61,17.2,512.0,idle,155.52,13.3,0
2024-01-10 18:57:02,6,Pump,2.07,58.22,11.81,103.6,1282.5,normal,155.72,16.3,0
2024-01-10 19:03:02,6,Pump,1.82,53.7,11.58,98.2,1275.1,normal,155.82,15.3,0
2024-01-10 19:11:02,6,Pump,1.79,54.05,11.77,92.9,1349.8,normal,155.95,15.0,0
2024-01-10 19:40:02,6,Pump,0.51,41.43,3.42,23.4,564.0,idle,156.43,8.6,0
2024-01-10 20:05:02,6,Pump,1.9,63.94,11.5,85.3,1247.4,normal,156.85,9.3,0
2024-01-10 20:12:02,6,Pump,2.61,75.96,15.75,150.3,1856.5,peak,156.97,17.3,0
2024-01-10 20:16:02,6,Pump,2.55,70.28,15.98,151.2,1759.0,peak,157.03,15.8,0
2024-01-10 20:25:02,6,Pump,2.48,77.65,15.47,161.9,1776.0,peak,157.18,14.4,0
2024-01-10 20:47:02,6,Pump,2.41,76.71,16.97,155.8,1803.1,peak,157.55,12.9,0
2024-01-10 21:02:02,6,Pump,0.5,39.85,3.44,21.5,540.8,idle,157.8,13.4,0
2024-01-10 21:21:02,6,Pump,0.55,35.69,3.83,46.0,559.0,idle,158.12,14.2,0
2024-01-10 21:40:02,6,Pump,1.83,60.02,11.24,93.2,1298.5,normal,158.43,14.8,0
2024-01-10 21:59:02,6,Pump,2.11,52.38,12.6,113.2,1252.3,normal,158.75,9.8,0
2024-01-10 22:22:02,6,Pump,0.68,40.09,3.75,20.0,531.7,idle,159.13,14.8,0
2024-01-10 22:35:02,6,Pump,0.67,37.95,3.33,23.8,557.8,idle,159.35,16.6,0
2024-01-10 22:40:02,6,Pump,0.57,36.85,3.77,15.8,529.7,idle,159.43,17.8,0
2024-01-10 22:52:02,6,Pump,0.52,40.98,3.32,21.3,547.1,idle,159.63,14.1,0
2024-01-10 23:08:02,6,Pump,0.6,36.75,3.37,46.0,532.6,idle,159.9,11.4,0
2024-01-10 23:11:02,6,Pump,0.63,35.01,3.8,22.1,531.1,idle,159.95,14.4,0
2024-01-10 23:24:02,6,Pump,0.57,43.42,3.85,24.8,526.0,idle,160.17,8.9,0
2024-01-10 23:40:02,6,Pump,0.68,35.87,3.59,19.6,530.9,idle,160.43,10.7,0
2024-01-10 23:49:02,6,Pump,0.63,36.7,3.91,20.5,563.3,idle,160.58,14.4,0
2024-01-11 00:02:02,6,Pump,0.5,50.21,3.59,20.1,552.1,idle,160.8,11.0,0
2024-01-11 00:31:02,6,Pump,1.25,37.05,6.38,20.2,516.4,idle,161.28,15.4,0
2024-01-11 00:56:02,6,Pump,0.6,39.6,3.78,15.0,541.1,idle,161.7,16.3,0
2024-01-11 01:25:02,6,Pump,0.62,42.46,3.92,19.4,524.0,idle,162.18,11.6,0
2024-01-11 01:36:02,6,Pump,0.52,38.37,3.35,23.0,556.5,idle,162.37,17.8,0
2024-01-11 01:52:02,6,Pump,1.25,37.6,3.38,46.0,561.4,idle,162.63,10.9,0
2024-01-11 02:22:02,6,Pump,0.55,41.22,3.48,17.2,501.5,idle,163.13,8.4,0
2024-01-11 02:31:02,6,Pump,0.62,36.5,3.31,16.1,522.0,idle,163.28,13.3,0
2024-01-11 02:40:02,6,Pump,0.63,37.03,3.92,17.9,523.2,idle,163.43,13.3,0
2024-01-11 02:55:02,6,Pump,0.54,37.54,3.35,46.0,560.2,idle,163.68,15.9,0
2024-01-11 03:19:02,6,Pump,0.64,43.75,3.37,19.6,516.0,idle,164.08,16.3,0
2024-01-11 03:37:02,6,Pump,2.06,67.32,12.63,79.8,1247.5,normal,164.38,17.8,0
2024-01-11 03:52:02,6,Pump,1.71,45.92,11.16,92.4,1245.6,normal,164.63,13.1,0
2024-01-11 04:10:02,6,Pump,0.58,39.05,3.84,16.4,511.0,idle,164.93,9.8,0
2024-01-11 04:29:02,6,Pump,0.63,40.72,3.41,23.5,523.0,idle,165.25,15.9,0
2024-01-11 04:46:02,6,Pump,0.57,39.2,3.53,20.6,527.2,idle,165.53,10.0,0
2024-01-11 04:57:02,6,Pump,0.55,44.04,3.52,22.0,524.3,idle,165.72,12.3,0
2024-01-11 05:09:02,6,Pump,0.59,37.36,3.83,22.4,501.6,idle,165.92,11.1,0
2024-01-11 05:14:02,6,Pump,0.51,44.22,3.92,20.1,534.5,idle,166.0,11.1,0
2024-01-11 05:26:02,6,Pump,0.66,36.38,3.76,19.8,552.0,idle,166.2,10.1,0
2024-01-11 05:38:02,6,Pump,0.51,40.93,3.69,23.4,547.4,idle,166.4,12.8,0
2024-01-11 06:05:02,6,Pump,0.68,50.21,3.59,16.4,544.1,idle,166.85,8.5,0
2024-01-11 06:23:02,6,Pump,2.14,46.72,12.12,84.0,1204.0,normal,167.15,9.1,0
2024-01-11 06:38:02,6,Pump,0.64,41.82,3.72,23.6,505.7,idle,167.4,9.9,0
2024-01-11 06:48:02,6,Pump,1.53,43.65,3.65,17.7,551.7,idle,167.57,13.0,0
2024-01-11 07:13:02,6,Pump,2.15,60.86,12.58,92.7,1243.3,normal,167.98,15.4,0
2024-01-11 07:20:02,6,Pump,2.13,59.14,11.47,105.3,1302.9,normal,168.1,12.0,0
2024-01-11 07:24:02,6,Pump,2.53,79.82,15.08,147.6,1851.1,peak,168.17,10.2,0
2024-01-11 07:52:02,6,Pump,1.77,50.11,12.76,113.1,1274.8,normal,168.63,13.9,0
2024-01-11 08:12:02,6,Pump,1.81,52.85,12.15,86.1,1272.3,normal,168.97,11.8,0
2024-01-11 08:39:02,6,Pump,1.9,55.96,11.21,83.5,1344.6,normal,169.42,17.7,0
2024-01-11 08:51:02,6,Pump,2.19,54.8,12.58,112.1,1217.5,normal,169.62,13.9,0
2024-01-11 09:11:02,6,Pump,0.56,38.14,3.72,20.8,564.6,idle,169.95,14.9,0
2024-01-11 09:16:02,6,Pump,2.1,64.71,12.78,119.7,1249.9,normal,170.03,14.0,0
2024-01-11 09:28:02,6,Pump,1.81,58.15,12.38,98.1,1327.2,normal,170.23,13.8,0
2024-01-11 09:47:02,6,Pump,2.98,78.54,15.91,161.1,1753.6,peak,170.55,16.3,0
2024-01-11 10:10:02,6,Pump,0.53,43.46,3.81,19.2,562.2,idle,170.93,9.6,0
2024-01-11 10:34:02,6,Pump,1.88,59.58,12.27,87.6,1242.7,normal,171.33,13.9,0
2024-01-11 10:57:02,6,Pump,2.16,49.22,11.35,102.9,1213.8,normal,171.72,17.0,0
2024-01-11 11:04:02,6,Pump,0.68,36.0,3.73,18.4,556.3,idle,171.83,11.9,0
2024-01-11 11:29:02,6,Pump,2.75,75.82,16.97,141.7,1836.7,peak,172.25,15.8,0
2024-01-11 11:40:02,6,Pump,2.19,60.89,12.48,79.7,1203.2,normal,172.43,17.4,0
2024-01-11 12:08:02,6,Pump,0.51,44.92,3.99,18.4,520.4,idle,172.9,15.2,0
2024-01-11 12:28:02,6,Pump,1.77,52.57,11.74,116.9,1329.9,normal,173.23,9.7,0
2024-01-11 12:58:02,6,Pump,2.07,59.87,12.53,116.4,1271.4,normal,173.73,15.8,0
2024-01-11 13:15:02,6,Pump,1.87,51.5,12.36,127.9,1287.2,normal,174.02,15.1,0
2024-01-11 13:28:02,6,Pump,0.68,35.14,3.86,23.5,544.2,idle,174.23,9.3,0
2024-01-11 13:46:02,6,Pump,0.69,40.9,3.47,17.2,538.9,idle,174.53,16.4,0
2024-01-11 13:49:02,6,Pump,2.15,46.66,12.21,118.0,1217.3,normal,174.58,8.7,0
2024-01-11 14:14:02,6,Pump,1.76,53.42,11.55,88.3,1229.8,normal,175.0,15.3,0
2024-01-11 14:35:02,6,Pump,1.25,41.11,3.78,22.0,537.3,idle,175.35,14.6,0
2024-01-11 14:57:02,6,Pump,0.69,43.81,3.97,18.9,561.4,idle,175.72,16.2,0
2024-01-11 15:08:02,6,Pump,2.08,52.82,11.21,113.5,1220.5,normal,175.9,9.9,0
2024-01-11 15:29:02,6,Pump,2.58,50.21,16.36,46.0,854.3,peak,176.25,12.5,0
2024-01-11 15:33:02,6,Pump,2.04,52.13,12.37,100.8,1328.5,normal,176.32,17.3,0
2024-01-11 15:59:02,6,Pump,1.9,55.77,11.87,120.2,1343.0,normal,176.75,11.0,0
2024-01-11 16:09:02,6,Pump,2.6,77.13,16.41,162.4,1824.1,peak,176.92,16.1,0
2024-01-11 16:36:02,6,Pump,1.75,53.48,12.1,99.7,1228.0,normal,177.37,17.3,0
2024-01-11 16:51:02,6,Pump,1.72,60.81,12.99,125.8,1302.5,normal,177.62,16.7,0
2024-01-11 17:09:02,6,Pump,1.25,73.84,16.24,141.5,1856.1,peak,177.92,17.8,0
2024-01-11 17:14:02,6,Pump,2.18,64.8,12.07,119.0,1341.6,normal,178.0,15.3,0
2024-01-11 17:36:02,6,Pump,1.81,63.24,11.54,123.6,1214.8,normal,178.37,13.3,0
2024-01-11 17:48:02,6,Pump,0.54,42.21,3.42,16.6,538.9,idle,178.57,16.5,0
2024-01-11 17:53:02,6,Pump,0.67,37.68,3.89,23.1,540.5,idle,178.65,13.8,0
2024-01-11 18:14:02,6,Pump,2.79,70.61,15.73,146.6,1772.5,peak,179.0,12.9,0
2024-01-11 18:33:02,6,Pump,1.89,53.16,12.46,109.1,1337.0,normal,179.32,17.5,0
2024-01-11 18:45:02,6,Pump,1.77,46.37,12.07,78.0,1318.2,normal,179.52,16.9,0
2024-01-11 18:47:02,6,Pump,0.6,39.88,3.55,18.8,530.2,idle,179.55,14.2,0
2024-01-11 19:16:02,6,Pump,2.41,71.25,16.01,143.8,1866.8,peak,180.03,15.2,0
2024-01-11 19:38:02,6,Pump,0.55,35.98,3.46,18.6,502.5,idle,180.4,16.3,0
2024-01-11 19:54:02,6,Pump,1.77,52.45,11.62,119.6,1326.5,normal,180.67,8.5,0
2024-01-11 20:06:02,6,Pump,1.8,47.85,12.27,119.8,1344.6,normal,180.87,16.6,0
2024-01-11 20:21:02,6,Pump,1.7,54.51,12.47,121.1,1209.3,normal,181.12,10.2,0
2024-01-11 20:48:02,6,Pump,2.04,51.65,11.15,103.4,1223.7,normal,181.57,14.3,0
2024-01-11 21:11:02,6,Pump,2.07,62.05,12.68,97.6,1202.0,normal,181.95,13.0,0
2024-01-11 21:37:02,6,Pump,1.83,55.76,12.39,97.9,1280.4,normal,182.38,15.2,0
2024-01-11 22:02:02,6,Pump,0.6,50.21,6.38,46.0,854.3,idle,182.8,16.4,0
2024-01-11 22:14:02,6,Pump,0.64,36.11,3.64,22.0,506.1,idle,183.0,14.7,0
2024-01-11 22:16:02,6,Pump,0.66,50.21,3.65,24.4,540.0,idle,183.03,9.2,0
2024-01-11 22:36:02,6,Pump,0.58,35.07,3.39,20.8,534.6,idle,183.37,13.8,0
2024-01-11 22:38:02,6,Pump,0.57,44.23,3.53,20.4,539.8,idle,183.4,16.6,0
2024-01-11 22:44:02,6,Pump,1.96,55.98,11.67,125.3,1267.6,normal,183.5,17.8,0
2024-01-11 22:55:02,6,Pump,0.61,41.56,3.35,22.8,535.9,idle,183.68,16.7,0
2024-01-11 23:08:02,6,Pump,0.63,42.72,3.91,18.9,556.8,idle,183.9,15.2,0
2024-01-11 23:11:02,6,Pump,0.55,41.6,6.38,46.0,854.3,idle,183.95,14.9,0
2024-01-11 23:23:02,6,Pump,1.25,35.31,3.74,18.2,551.5,idle,184.15,16.0,0
2024-01-11 23:52:02,6,Pump,0.51,37.17,3.59,18.8,509.2,idle,184.63,9.2,0
2024-01-12 00:03:02,6,Pump,0.7,37.84,3.8,17.2,561.5,idle,184.82,16.8,0
2024-01-12 00:14:02,6,Pump,0.58,44.01,3.54,15.1,536.2,idle,185.0,12.6,0
2024-01-12 00:28:02,6,Pump,0.6,36.2,3.46,22.8,502.6,idle,185.23,11.4,0
2024-01-12 00:52:02,6,Pump,0.6,40.3,3.78,15.4,541.0,idle,185.63,13.3,0
2024-01-12 01:00:02,6,Pump,1.25,37.65,3.65,24.1,508.9,idle,185.77,12.0,0
2024-01-12 01:16:02,6,Pump,0.53,41.69,3.56,21.2,569.8,idle,186.03,14.9,0
2024-01-12 01:34:02,6,Pump,0.7,38.54,3.65,24.1,506.4,idle,186.33,12.0,0
2024-01-12 01:43:02,6,Pump,0.59,38.78,3.51,24.9,551.4,idle,186.48,10.4,0
2024-01-12 02:04:02,6,Pump,0.58,43.29,3.64,23.7,518.6,idle,186.83,8.1,0
2024-01-12 02:16:02,6,Pump,0.54,37.47,3.68,17.9,510.3,idle,187.03,17.8,0
2024-01-12 02:42:02,6,Pump,0.7,44.0,3.74,23.9,565.5,idle,187.47,12.3,0
2024-01-12 02:55:02,6,Pump,1.25,40.19,3.92,46.0,854.3,idle,187.68,10.9,0
2024-01-12 03:18:02,6,Pump,0.57,39.46,3.95,21.6,561.3,idle,188.07,14.5,0
2024-01-12 03:47:02,6,Pump,0.65,38.1,3.8,16.9,528.6,idle,188.55,11.8,0
2024-01-12 04:07:02,6,Pump,0.66,41.12,3.88,17.6,552.5,idle,188.88,9.9,0
2024-01-12 04:20:02,6,Pump,0.54,40.45,3.6,20.6,509.5,idle,189.1,9.2,0
2024-01-12 04:34:02,6,Pump,0.57,41.67,3.69,20.5,535.8,idle,189.33,11.9,0
2024-01-12 04:57:02,6,Pump,0.69,44.35,3.55,18.5,538.8,idle,189.72,14.6,0
2024-01-12 05:25:02,6,Pump,0.52,38.03,3.46,17.2,544.7,idle,190.18,10.4,0
2024-01-12 05:42:02,6,Pump,0.58,36.71,3.92,23.7,560.4,idle,190.47,8.3,0
2024-01-12 05:49:02,6,Pump,0.58,35.57,3.37,17.8,515.4,idle,190.58,12.2,0
2024-01-12 06:15:02,6,Pump,0.67,44.86,3.87,22.3,541.2,idle,191.02,12.1,0
2024-01-12 06:27:02,6,Pump,2.86,84.21,16.2,143.9,1774.6,peak,191.22,10.9,0
2024-01-12 06:45:02,6,Pump,1.99,52.67,12.82,109.8,1301.5,normal,191.52,16.1,0
2024-01-12 06:55:02,6,Pump,1.7,56.47,11.86,114.7,1257.4,normal,191.68,15.0,0
2024-01-12 07:10:02,6,Pump,2.19,60.41,12.32,125.8,1349.3,normal,191.93,16.9,0
2024-01-12 07:31:02,6,Pump,2.52,82.16,15.32,151.4,1765.0,peak,192.28,12.6,0
2024-01-12 07:43:02,6,Pump,2.01,55.78,12.26,113.2,1292.9,normal,192.48,10.0,0
2024-01-12 08:02:02,6,Pump,0.56,43.37,3.69,19.9,569.1,idle,192.8,14.3,0
2024-01-12 08:13:02,6,Pump,1.84,57.14,12.36,84.5,1253.1,normal,192.98,10.7,0
2024-01-12 08:26:02,6,Pump,2.88,73.55,15.99,155.8,1850.7,peak,193.2,8.4,0
2024-01-12 08:49:02,6,Pump,2.06,64.92,11.79,114.7,1309.8,normal,193.58,8.0,0
2024-01-12 09:06:02,6,Pump,2.58,84.52,16.73,147.2,1851.3,peak,193.87,8.1,0
2024-01-12 09:12:02,6,Pump,2.06,54.92,12.73,113.9,1298.7,normal,193.97,10.1,0
2024-01-12 09:18:02,6,Pump,2.53,76.12,15.87,158.3,1842.8,peak,194.07,13.1,0
2024-01-12 09:23:02,6,Pump,1.74,52.08,11.95,116.3,1311.5,normal,194.15,10.6,0
2024-01-12 09:33:02,6,Pump,1.25,47.69,11.59,91.2,1317.2,normal,194.32,13.3,0
2024-01-12 09:53:02,6,Pump,1.79,55.69,12.34,128.2,1349.9,normal,194.65,11.2,0
2024-01-12 10:01:02,6,Pump,2.97,80.77,16.49,159.0,1879.4,peak,194.78,13.8,0
2024-01-12 10:21:02,6,Pump,1.46,39.46,3.59,19.6,546.2,idle,195.12,12.2,0
2024-01-12 10:35:02,6,Pump,2.09,65.02,11.91,96.9,1347.5,normal,195.35,15.6,0
2024-01-12 10:58:02,6,Pump,0.55,37.22,3.8,16.8,528.0,idle,195.73,14.3,0
2024-01-12 11:22:02,6,Pump,2.58,72.53,16.16,149.3,1819.3,peak,196.13,13.7,0
2024-01-12 11:29:02,6,Pump,1.8,62.66,11.63,46.0,1237.8,normal,196.25,15.6,0
2024-01-12 11:39:02,6,Pump,2.66,76.95,16.06,164.2,1885.7,peak,196.42,13.1,0
2024-01-12 12:05:02,6,Pump,2.0,45.89,12.22,82.7,1306.5,normal,196.85,11.2,0
2024-01-12 12:18:02,6,Pump,1.9,64.27,12.89,99.7,1269.1,normal,197.07,15.1,0
2024-01-12 12:46:02,6,Pump,0.62,36.97,3.95,19.3,511.7,idle,197.53,11.3,0
2024-01-12 13:11:02,6,Pump,0.65,37.19,3.4,20.6,547.0,idle,197.95,9.4,0
2024-01-12 13:28:02,6,Pump,1.98,60.1,11.23,102.8,1253.5,normal,198.23,10.7,0
2024-01-12 13:36:02,6,Pump,2.19,46.14,11.6,127.0,1347.5,normal,198.37,17.7,0
2024-01-12 14:03:02,6,Pump,2.11,46.75,12.12,98.8,1321.0,normal,198.82,13.6,0
2024-01-12 14:08:02,6,Pump,0.51,36.97,3.64,16.6,548.5,idle,198.9,15.6,0
2024-01-12 14:36:02,6,Pump,0.66,42.05,3.61,23.8,509.6,idle,199.37,10.7,0
2024-01-12 15:01:02,6,Pump,0.55,39.9,3.34,16.0,527.8,idle,199.78,8.4,0
2024-01-12 15:12:02,6,Pump,2.97,83.63,15.93,143.6,1776.7,peak,199.97,13.9,0
2024-01-12 15:38:02,6,Pump,1.89,49.83,11.17,113.0,1287.2,normal,200.4,8.7,0
2024-01-12 15:55:02,6,Pump,1.85,62.92,12.55,103.5,1214.5,normal,200.68,12.7,0
2024-01-12 16:17:02,6,Pump,0.68,41.69,3.47,21.1,528.4,idle,201.05,17.6,0
2024-01-12 16:26:02,6,Pump,0.63,39.74,3.64,22.4,543.0,idle,201.2,10.1,0
2024-01-12 16:37:02,6,Pump,0.52,35.65,3.51,19.3,519.3,idle,201.38,12.5,0
2024-01-12 17:05:02,6,Pump,2.03,49.49,12.41,118.2,1218.7,normal,201.85,10.3,0
2024-01-12 17:07:02,6,Pump,2.03,67.11,11.39,125.3,1290.9,normal,201.88,14.2,0
2024-01-12 17:12:02,6,Pump,2.75,70.78,16.5,152.0,1858.2,peak,201.97,11.5,0
2024-01-12 17:30:02,6,Pump,1.25,40.24,6.38,46.0,511.2,idle,202.27,16.7,0
2024-01-12 17:32:02,6,Pump,1.25,47.84,11.77,95.4,1329.8,normal,202.3,9.3,0
2024-01-12 17:38:02,6,Pump,1.94,86.14,12.47,122.2,1214.8,normal,202.4,15.9,0
2024-01-12 17:41:02,6,Pump,2.55,72.03,15.93,158.0,1775.4,peak,202.45,8.7,0
2024-01-12 18:10:02,6,Pump,1.77,59.14,11.46,102.9,1207.7,normal,202.93,16.7,0
2024-01-12 18:40:02,6,Pump,2.04,57.45,12.29,92.3,1241.8,normal,203.43,8.3,0
2024-01-12 19:02:02,6,Pump,2.1,61.53,12.16,110.7,1214.1,normal,203.8,12.6,0
2024-01-12 19:04:02,6,Pump,2.13,62.71,12.18,125.8,1225.3,normal,203.83,10.8,0
2024-01-12 19:06:02,6,Pump,2.04,67.15,11.62,78.8,1310.2,normal,203.87,14.9,0
2024-01-12 19:30:02,6,Pump,1.7,65.07,11.11,111.9,1256.6,normal,204.27,15.0,0
2024-01-12 19:35:02,6,Pump,1.8,65.66,12.49,95.7,1242.6,normal,204.35,9.6,0
2024-01-12 19:48:02,6,Pump,2.84,82.55,16.43,156.0,854.3,peak,204.57,10.4,0
2024-01-12 20:07:02,6,Pump,2.13,62.24,12.03,104.6,1285.4,normal,204.88,8.6,0
2024-01-12 20:24:02,6,Pump,0.67,42.42,3.9,20.1,543.7,idle,205.17,11.1,0
2024-01-12 20:46:02,6,Pump,2.91,73.48,15.89,155.5,1887.3,peak,205.53,9.4,0
2024-01-12 20:56:02,6,Pump,1.71,49.89,11.47,95.0,1242.3,normal,205.7,12.7,0
2024-01-12 21:16:02,6,Pump,0.62,43.86,3.75,17.4,560.5,idle,206.03,13.6,0
2024-01-12 21:22:02,6,Pump,0.63,37.19,6.38,22.9,551.7,idle,206.13,17.8,0
2024-01-12 21:51:02,6,Pump,2.75,72.17,16.61,147.7,1865.7,peak,206.62,12.1,0
2024-01-12 21:58:02,6,Pump,2.02,51.08,11.42,84.8,1236.3,normal,206.73,8.8,0
2024-01-12 22:15:02,6,Pump,0.53,41.17,3.72,20.9,544.9,idle,207.02,15.9,0
2024-01-12 22:22:02,6,Pump,1.36,44.14,3.46,20.9,505.5,idle,207.13,10.7,0
2024-01-12 22:52:02,6,Pump,0.52,41.54,3.64,22.6,529.8,idle,207.63,14.7,0
2024-01-12 22:59:02,6,Pump,0.53,43.72,3.36,16.9,519.4,idle,207.75,9.1,0
2024-01-12 23:27:02,6,Pump,0.7,39.17,3.65,22.7,544.5,idle,208.22,8.4,0
2024-01-12 23:38:02,6,Pump,1.25,39.86,3.98,23.0,528.1,idle,208.4,12.3,0
2024-01-13 00:02:02,6,Pump,0.58,44.29,3.78,21.2,553.0,idle,208.8,8.5,0
2024-01-13 00:04:02,6,Pump,1.25,36.59,3.52,20.6,501.3,idle,208.83,12.0,0
2024-01-13 00:28:02,6,Pump,0.59,42.56,3.41,15.7,558.5,idle,209.23,8.6,0
2024-01-13 00:34:02,6,Pump,0.62,36.77,6.38,21.6,523.4,idle,209.33,8.3,0
2024-01-13 00:46:02,6,Pump,0.58,36.56,6.38,20.1,854.3,idle,209.53,10.4,0
2024-01-13 01:16:02,6,Pump,0.68,35.16,3.35,16.6,502.1,idle,210.03,15.2,0
2024-01-13 01:20:02,6,Pump,0.63,41.34,3.45,16.5,510.2,idle,210.1,10.0,0
2024-01-13 01:39:02,6,Pump,0.69,41.94,3.71,18.2,530.3,idle,210.42,8.1,0
2024-01-13 01:55:02,6,Pump,0.52,44.98,3.83,21.2,541.1,idle,210.68,11.1,0
2024-01-13 01:58:02,6,Pump,0.6,37.57,3.46,20.5,504.9,idle,210.73,10.4,0
2024-01-13 02:10:02,6,Pump,1.74,50.21,6.38,125.5,1201.6,normal,210.93,13.6,0
2024-01-13 02:12:02,6,Pump,0.52,40.83,3.89,24.5,560.2,idle,210.97,12.6,0
2024-01-13 02:33:02,6,Pump,0.64,37.01,3.35,15.5,854.3,idle,211.32,9.9,0
2024-01-13 02:59:02,6,Pump,0.51,42.39,3.8,15.8,563.5,idle,211.75,12.5,0
2024-01-13 03:06:02,6,Pump,0.6,44.04,3.93,17.0,526.6,idle,211.87,10.0,0
2024-01-13 03:34:02,6,Pump,0.53,42.75,3.65,24.3,514.6,idle,212.33,8.4,0
2024-01-13 03:52:02,6,Pump,0.64,44.89,3.77,15.7,541.2,idle,212.63,8.8,0
2024-01-13 04:06:02,6,Pump,0.54,35.31,3.53,46.0,555.2,idle,212.87,9.9,0
2024-01-13 04:08:02,6,Pump,0.57,42.33,3.31,15.2,502.1,idle,212.9,10.5,0
2024-01-13 04:37:02,6,Pump,1.81,53.6,12.22,129.3,1253.2,normal,213.38,15.7,0
2024-01-13 05:02:02,6,Pump,0.51,36.95,3.93,22.0,555.3,idle,213.8,9.1,0
2024-01-13 05:19:02,6,Pump,0.52,36.35,3.38,23.6,514.7,idle,214.08,9.7,0
2024-01-13 05:46:02,6,Pump,2.02,56.87,12.09,88.2,1295.3,normal,214.53,8.7,0
2024-01-13 06:14:02,6,Pump,1.72,67.85,11.05,80.6,1248.7,normal,215.0,10.6,0
2024-01-13 06:23:02,6,Pump,2.12,50.92,11.94,78.9,1211.8,normal,215.15,17.8,0
2024-01-13 06:29:02,6,Pump,0.62,36.94,3.79,22.9,559.5,idle,215.25,15.6,0
2024-01-13 06:40:02,6,Pump,0.53,39.56,3.96,22.7,508.2,idle,215.43,17.3,0
2024-01-13 06:46:02,6,Pump,1.95,66.21,11.88,121.5,1274.4,normal,215.53,9.4,0
2024-01-13 07:08:02,6,Pump,1.75,48.4,11.09,88.2,1334.0,normal,215.9,9.4,0
2024-01-13 07:15:02,6,Pump,2.03,61.99,12.24,98.1,1232.5,normal,216.02,13.9,0
2024-01-13 07:41:02,6,Pump,2.16,56.84,11.96,129.8,1257.6,normal,216.45,17.5,0
2024-01-13 08:04:02,6,Pump,0.67,43.62,3.46,15.9,568.3,idle,216.83,13.8,0
2024-01-13 08:15:02,6,Pump,0.59,35.02,3.65,21.2,554.3,idle,217.02,12.5,0
2024-01-13 08:43:02,6,Pump,2.17,66.05,12.88,79.7,1306.8,normal,217.48,9.8,0
2024-01-13 09:04:02,6,Pump,1.81,49.31,12.6,99.7,1337.5,normal,217.83,14.7,0
2024-01-13 09:19:02,6,Pump,1.72,63.45,11.27,87.2,1271.6,normal,218.08,11.5,0
2024-01-13 09:24:02,6,Pump,1.9,56.18,12.88,112.2,1243.5,normal,218.17,9.3,0
2024-01-13 09:39:02,6,Pump,1.79,54.66,11.9,109.3,1239.9,normal,218.42,12.7,0
2024-01-13 10:07:02,6,Pump,2.08,47.26,12.12,110.4,1231.0,normal,218.88,13.6,0
2024-01-13 10:30:02,6,Pump,2.11,59.15,12.29,103.9,1336.4,normal,219.27,17.5,0
2024-01-13 10:58:02,6,Pump,0.64,38.82,3.47,15.7,511.6,idle,219.73,13.8,0
2024-01-13 11:11:02,6,Pump,2.2,54.36,12.8,86.9,1263.8,normal,219.95,8.4,0
2024-01-13 11:16:02,6,Pump,2.18,47.1,12.19,125.8,1342.5,normal,220.03,14.7,0
2024-01-13 11:28:02,6,Pump,2.91,82.84,16.3,145.5,1859.6,peak,220.23,13.4,0
2024-01-13 11:56:02,6,Pump,2.19,57.1,11.52,107.8,1303.6,normal,220.7,16.1,0
2024-01-13 12:15:02,6,Pump,0.54,42.19,3.71,21.1,521.4,idle,221.02,17.9,0
2024-01-13 12:39:02,6,Pump,1.78,59.34,12.17,95.6,1244.4,normal,221.42,14.1,0
2024-01-13 12:58:02,6,Pump,0.57,39.9,3.98,22.6,559.6,idle,221.73,10.6,0
2024-01-13 13:17:02,6,Pump,1.25,57.1,11.41,115.5,1263.2,normal,222.05,16.8,0
2024-01-13 13:35:02,6,Pump,0.65,39.09,3.38,16.7,556.8,idle,222.35,9.3,0
2024-01-13 13:51:02,6,Pump,1.83,51.08,12.86,112.2,1217.2,normal,222.62,8.6,0
2024-01-13 13:53:02,6,Pump,1.77,51.26,12.19,117.2,1241.2,normal,222.65,10.7,0
2024-01-13 14:09:02,6,Pump,2.14,47.51,11.42,128.5,1220.2,normal,222.92,13.1,0
2024-01-13 14:18:02,6,Pump,2.14,61.19,11.15,103.2,1277.8,normal,223.07,14.6,0
2024-01-13 14:22:02,6,Pump,2.96,50.21,15.89,142.8,1845.9,peak,223.13,9.1,0
2024-01-13 14:25:02,6,Pump,1.81,46.78,12.99,92.0,1221.2,normal,223.18,14.2,0
2024-01-13 14:45:02,6,Pump,2.05,63.9,11.13,83.5,1213.5,normal,223.52,12.4,0
2024-01-13 14:48:02,6,Pump,1.72,60.17,12.18,112.5,1275.8,normal,223.57,13.7,0
2024-01-13 15:13:02,6,Pump,0.66,40.47,3.94,19.9,555.4,idle,223.98,17.3,0
2024-01-13 15:39:02,6,Pump,1.25,39.35,3.89,16.1,539.5,idle,224.42,17.7,0
2024-01-13 15:53:02,6,Pump,2.06,62.26,12.18,101.3,1239.1,normal,224.65,15.3,0
2024-01-13 15:59:02,6,Pump,0.68,38.7,3.86,15.3,516.2,idle,224.75,15.9,0
2024-01-13 16:08:02,6,Pump,1.87,60.45,11.64,80.2,1226.1,normal,224.9,10.7,0
2024-01-13 16:23:02,6,Pump,1.83,49.05,11.41,118.0,1261.8,normal,225.15,17.4,0
2024-01-13 16:26:02,6,Pump,1.9,67.23,11.89,126.2,1244.9,normal,225.2,9.2,0
2024-01-13 16:46:02,6,Pump,2.64,75.94,16.09,154.6,1787.2,peak,225.53,12.1,0
2024-01-13 16:56:02,6,Pump,2.1,56.42,11.01,108.8,1319.7,normal,225.7,9.5,0
2024-01-13 17:25:02,6,Pump,1.83,45.87,12.61,128.8,1211.5,normal,226.18,8.7,0
2024-01-13 17:32:02,6,Pump,2.17,53.26,12.88,111.7,1333.5,normal,226.3,15.3,0
2024-01-13 17:55:02,6,Pump,2.87,70.42,15.13,153.1,1769.4,peak,226.68,9.5,0
2024-01-13 17:57:02,6,Pump,1.93,66.96,11.59,103.4,1257.6,normal,226.72,11.3,0
2024-01-13 18:27:02,6,Pump,2.01,49.46,11.52,122.7,1321.7,normal,227.22,10.2,0
2024-01-13 18:30:02,6,Pump,2.09,62.73,11.92,115.9,1258.1,normal,227.27,13.5,0
2024-01-13 18:44:02,6,Pump,1.75,54.05,11.32,98.3,1244.6,normal,227.5,10.9,0
2024-01-13 19:08:02,6,Pump,2.76,75.42,16.41,152.8,1887.9,peak,227.9,12.5,0
2024-01-13 19:28:02,6,Pump,1.75,60.82,12.34,127.4,1255.7,normal,228.23,8.0,0
2024-01-13 19:46:02,6,Pump,1.85,48.97,11.53,104.1,1325.7,normal,228.53,15.7,0
2024-01-13 20:06:02,6,Pump,1.25,72.37,15.54,142.5,1889.0,peak,228.87,9.2,0
2024-01-13 20:11:02,6,Pump,2.14,52.1,11.49,125.1,1200.3,normal,228.95,8.0,0
2024-01-13 20:31:02,6,Pump,2.76,83.74,16.02,140.1,1782.8,peak,229.28,16.5,0
2024-01-13 20:45:02,6,Pump,2.16,45.39,11.79,119.1,1325.7,normal,229.52,15.4,0
2024-01-13 20:51:02,6,Pump,0.6,50.21,6.38,17.6,517.9,idle,229.62,9.4,0
2024-01-13 21:08:02,6,Pump,2.1,48.55,11.01,95.5,1273.7,normal,229.9,12.6,0
2024-01-13 21:36:02,6,Pump,2.05,62.97,12.33,110.6,1299.9,normal,230.37,13.3,0
2024-01-13 22:02:02,6,Pump,0.55,38.82,3.73,15.7,520.7,idle,230.8,12.6,0
2024-01-13 22:26:02,6,Pump,0.58,40.33,3.64,22.2,533.1,idle,231.2,11.9,0
2024-01-13 22:45:02,6,Pump,0.68,38.8,3.67,15.0,521.7,idle,231.52,11.4,0
2024-01-13 23:04:02,6,Pump,2.13,52.67,11.51,106.3,1211.8,normal,231.83,17.5,0
2024-01-13 23:33:02,6,Pump,1.97,51.98,11.77,119.2,1299.3,normal,232.32,13.5,0
2024-01-13 23:50:02,6,Pump,1.92,58.28,12.53,116.8,1227.8,normal,232.6,11.9,0
2024-01-13 23:53:02,6,Pump,0.56,38.48,3.43,46.0,512.2,idle,232.65,17.2,0
2024-01-01 00:00:00,12,Compressor,0.96,50.93,5.58,49.9,766.1,idle,397.51,16.0,0
2024-01-01 00:11:00,12,Compressor,0.96,50.09,6.88,42.9,774.8,idle,397.69,15.0,0
2024-01-01 00:18:00,12,Compressor,0.97,44.05,5.67,49.1,779.0,idle,397.81,14.1,0
2024-01-01 00:20:00,12,Compressor,1.08,47.53,6.94,45.2,726.8,idle,397.84,10.1,0
2024-01-01 00:39:00,12,Compressor,0.97,51.99,6.44,44.7,757.5,idle,398.16,12.9,0
2024-01-01 01:04:00,12,Compressor,0.99,44.4,5.8,42.1,735.3,idle,398.58,12.0,0
2024-01-01 01:33:00,12,Compressor,1.05,50.21,6.29,47.6,752.9,idle,399.06,16.8,0
2024-01-01 01:36:00,12,Compressor,0.9,50.21,6.38,46.0,854.3,idle,399.11,11.5,0
2024-01-01 01:45:00,12,Compressor,2.36,53.37,14.88,99.0,1728.0,normal,399.26,12.0,0
2024-01-01 01:54:00,12,Compressor,1.25,49.58,6.15,48.3,762.8,idle,399.41,11.2,0
2024-01-01 02:05:00,12,Compressor,2.29,66.12,13.35,104.0,1768.6,normal,399.59,10.7,0
2024-01-01 02:22:00,12,Compressor,1.07,50.21,6.34,42.1,742.2,idle,399.88,12.2,0
2024-01-01 02:50:00,12,Compressor,0.97,50.74,5.61,42.5,746.6,idle,400.34,16.1,0
2024-01-01 03:20:00,12,Compressor,0.98,45.29,5.9,49.8,750.8,idle,400.84,17.8,0
2024-01-01 03:23:00,12,Compressor,0.92,44.4,5.56,45.1,771.9,idle,400.89,12.4,0
2024-01-01 03:25:00,12,Compressor,1.07,46.94,6.66,48.0,749.0,idle,400.93,17.1,0
2024-01-01 03:37:00,12,Compressor,0.98,45.44,5.92,44.7,768.8,idle,401.13,15.0,0
2024-01-01 03:40:00,12,Compressor,1.25,45.61,5.64,46.0,760.0,idle,401.18,9.8,0
2024-01-01 03:44:00,12,Compressor,1.06,50.38,6.74,45.6,854.3,idle,401.24,8.3,0
2024-01-01 04:05:00,12,Compressor,2.32,53.03,13.99,103.5,1716.7,normal,401.59,12.7,0
2024-01-01 04:09:00,12,Compressor,2.43,61.82,13.56,102.9,1751.2,normal,401.66,9.5,0
2024-01-01 04:35:00,12,Compressor,0.92,49.51,5.77,48.8,744.1,idle,402.09,16.2,0
2024-01-01 04:59:00,12,Compressor,0.94,49.34,6.33,43.4,769.6,idle,402.49,12.4,0
2024-01-01 05:13:00,12,Compressor,2.33,52.74,14.99,98.3,1814.6,normal,402.73,10.9,0
2024-01-01 05:15:00,12,Compressor,0.99,49.83,6.18,43.5,765.5,idle,402.76,15.4,0
2024-01-01 05:22:00,12,Compressor,0.96,49.46,5.89,43.9,747.5,idle,402.88,14.3,0
2024-01-01 05:44:00,12,Compressor,1.06,48.91,5.6,47.9,854.3,idle,403.24,16.6,0
2024-01-01 06:04:00,12,Compressor,2.41,50.21,14.39,104.3,1663.9,normal,403.58,11.3,0
2024-01-01 06:28:00,12,Compressor,2.52,62.2,14.68,99.8,1762.8,normal,403.98,17.7,0
2024-01-01 06:53:00,12,Compressor,2.22,62.38,13.83,98.9,1804.1,normal,404.39,8.7,0
2024-01-01 07:12:00,12,Compressor,0.92,50.09,5.65,47.5,726.6,idle,404.71,11.7,0
2024-01-01 07:42:00,12,Compressor,2.35,53.38,15.17,105.0,1652.6,normal,405.21,17.8,0
2024-01-01 08:00:00,12,Compressor,2.41,58.01,15.15,105.8,1719.9,normal,405.51,11.3,0
2024-01-01 08:09:00,12,Compressor,2.33,65.48,14.47,111.7,1772.5,normal,405.66,10.2,0
2024-01-01 08:35:00,12,Compressor,1.09,50.7,6.89,44.8,732.9,idle,406.09,16.6,0
2024-01-01 09:01:00,12,Compressor,1.25,72.16,21.32,158.0,2412.6,peak,406.53,14.5,0
2024-01-01 09:15:00,12,Compressor,2.26,63.22,13.62,110.6,1742.3,normal,406.76,11.3,0
2024-01-01 09:28:00,12,Compressor,2.23,66.82,13.64,117.4,1742.0,normal,406.98,9.1,0
2024-01-01 09:33:00,12,Compressor,2.15,65.01,14.98,115.8,1758.5,normal,407.06,8.1,0
2024-01-01 09:58:00,12,Compressor,2.46,66.33,13.32,97.1,1671.3,normal,407.48,11.7,0
2024-01-01 10:15:00,12,Compressor,2.54,60.13,13.44,98.5,1725.7,normal,407.76,17.6,0
2024-01-01 10:22:00,12,Compressor,2.51,64.49,15.13,114.2,1660.5,normal,407.88,11.7,0
2024-01-01 10:41:00,12,Compressor,2.46,59.34,14.82,107.1,1732.2,normal,408.19,12.9,0
2024-01-01 11:08:00,12,Compressor,2.16,66.29,13.94,109.6,1685.2,normal,408.64,8.9,0
2024-01-01 11:34:00,12,Compressor,2.28,65.67,13.52,100.2,1694.3,normal,409.08,17.3,0
2024-01-01 11:54:00,12,Compressor,2.39,59.37,13.44,112.3,1804.3,normal,409.41,16.5,0
2024-01-01 12:18:00,12,Compressor,2.2,62.11,14.47,103.2,1755.0,normal,409.81,12.3,0
2024-01-01 12:25:00,12,Compressor,3.13,71.68,18.09,156.3,2463.8,peak,409.93,11.2,0
2024-01-01 12:39:00,12,Compressor,2.54,58.99,15.01,118.1,1706.8,normal,410.16,16.7,0
2024-01-01 12:48:00,12,Compressor,2.54,63.07,13.27,97.6,1789.0,normal,410.31,8.2,0
2024-01-01 13:02:00,12,Compressor,2.33,58.91,15.23,117.6,1669.2,normal,410.54,11.3,0
2024-01-01 13:15:00,12,Compressor,2.29,66.11,15.05,113.0,1667.3,normal,410.76,8.9,0
2024-01-01 13:42:00,12,Compressor,1.02,48.65,5.75,48.2,738.7,idle,411.21,13.9,0
2024-01-01 14:08:00,12,Compressor,2.41,56.51,13.21,108.1,1702.1,normal,411.64,17.5,0
2024-01-01 14:12:00,12,Compressor,0.91,45.59,6.43,42.8,725.2,idle,411.71,10.0,0
2024-01-01 14:42:00,12,Compressor,2.57,51.94,13.94,98.3,1809.7,normal,412.21,13.9,0
2024-01-01 14:50:00,12,Compressor,2.34,52.0,14.92,114.5,1803.2,normal,412.34,17.8,0
2024-01-01 15:06:00,12,Compressor,1.04,44.44,6.33,45.1,764.9,idle,412.61,10.7,0
2024-01-01 15:35:00,12,Compressor,2.4,63.05,13.45,105.9,1723.5,normal,413.09,16.7,0
2024-01-01 15:53:00,12,Compressor,2.59,50.34,15.04,97.4,1663.7,normal,413.39,14.7,0
2024-01-01 16:14:00,12,Compressor,3.2,50.21,20.71,157.6,2554.9,peak,413.74,12.2,0
2024-01-01 16:21:00,12,Compressor,2.22,61.41,14.6,111.4,1751.1,normal,413.86,17.4,0
2024-01-01 16:36:00,12,Compressor,0.94,51.31,6.96,47.5,746.6,idle,414.11,12.0,0
2024-01-01 16:59:00,12,Compressor,2.37,51.95,13.91,119.4,1743.1,normal,414.49,11.2,0
2024-01-01 17:23:00,12,Compressor,1.01,51.63,6.83,46.5,736.1,idle,414.89,12.3,0
2024-01-01 17:35:00,12,Compressor,2.16,65.55,15.3,107.4,1666.1,normal,415.09,16.1,0
2024-01-01 17:41:00,12,Compressor,1.02,46.94,5.74,49.4,734.4,idle,415.19,15.9,0
2024-01-01 18:11:00,12,Compressor,1.04,47.44,6.74,47.6,727.4,idle,415.69,12.5,0
2024-01-01 18:36:00,12,Compressor,0.99,46.08,6.57,46.4,740.4,idle,416.11,8.9,0
2024-01-01 18:38:00,12,Compressor,2.26,52.06,13.53,112.8,1753.7,normal,416.14,13.3,0
2024-01-01 18:43:00,12,Compressor,2.28,65.05,14.21,114.9,1782.8,normal,416.23,15.2,0
2024-01-01 18:47:00,12,Compressor,2.52,65.3,14.7,113.7,1782.1,normal,416.29,13.4,0
2024-01-01 18:50:00,12,Compressor,0.93,46.4,5.66,43.5,766.7,idle,416.34,13.6,0
2024-01-01 19:20:00,12,Compressor,3.57,68.47,21.54,151.4,2569.2,peak,416.84,10.5,0
2024-01-01 19:36:00,12,Compressor,0.97,51.15,6.7,49.9,769.6,idle,417.11,17.5,0
2024-01-01 19:55:00,12,Compressor,0.98,44.88,6.81,46.6,771.5,idle,417.43,17.2,0
2024-01-01 20:17:00,12,Compressor,0.98,44.23,5.58,47.4,854.3,idle,417.79,15.3,0
2024-01-01 20:22:00,12,Compressor,1.05,47.36,6.34,48.4,735.2,idle,417.88,16.9,0
2024-01-01 20:40:00,12,Compressor,2.31,63.13,15.3,102.3,1755.9,normal,418.18,15.5,0
2024-01-01 21:01:00,12,Compressor,2.58,61.68,15.23,118.5,1808.0,normal,418.53,15.3,0
2024-01-01 21:19:00,12,Compressor,1.05,48.42,5.65,43.8,735.4,idle,418.83,11.2,0
2024-01-01 21:38:00,12,Compressor,0.91,44.82,5.94,42.7,730.2,idle,419.14,14.1,0
2024-01-01 21:40:00,12,Compressor,2.13,57.5,15.05,115.3,1803.8,normal,419.18,14.5,0
2024-01-01 21:58:00,12,Compressor,2.47,54.4,14.76,113.8,1742.3,normal,419.48,9.2,0
2024-01-01 22:00:00,12,Compressor,1.06,44.57,6.39,45.8,768.3,idle,419.51,10.8,0
2024-01-01 22:28:00,12,Compressor,0.93,45.7,6.34,49.6,725.0,idle,419.98,17.9,0
2024-01-01 22:47:00,12,Compressor,1.05,45.64,5.66,45.2,755.0,idle,420.29,9.1,0
2024-01-01 23:12:00,12,Compressor,2.51,61.42,14.23,102.1,1699.7,normal,420.71,11.4,0
2024-01-01 23:36:00,12,Compressor,1.05,44.91,5.72,47.8,777.7,idle,421.11,17.6,0
2024-01-01 23:54:00,12,Compressor,0.92,48.88,5.86,42.2,769.9,idle,421.41,14.6,0
2024-01-02 00:21:00,12,Compressor,1.0,44.19,6.84,46.3,764.2,idle,421.86,13.9,0
2024-01-02 00:43:00,12,Compressor,0.98,45.48,6.2,44.3,737.8,idle,422.23,9.1,0
2024-01-02 00:52:00,12,Compressor,2.42,51.69,13.99,108.7,1770.7,normal,422.38,9.0,0
2024-01-02 01:16:00,12,Compressor,1.03,51.09,6.99,49.5,765.9,idle,422.78,11.0,0
2024-01-02 01:18:00,12,Compressor,2.44,50.64,14.33,111.6,1720.2,normal,422.81,17.6,0
2024-01-02 01:22:00,12,Compressor,0.98,48.34,6.86,44.1,743.9,idle,422.88,17.6,0
2024-01-02 01:33:00,12,Compressor,2.43,53.35,15.09,111.7,1709.9,normal,423.06,17.6,0
2024-01-02 02:01:00,12,Compressor,1.04,46.23,6.66,42.6,745.6,idle,423.53,10.6,0
2024-01-02 02:19:00,12,Compressor,0.95,50.53,6.63,48.7,759.1,idle,423.83,15.1,0
2024-01-02 02:44:00,12,Compressor,1.06,47.51,6.52,42.2,772.8,idle,424.24,13.7,0
2024-01-02 03:13:00,12,Compressor,1.04,51.03,6.67,44.3,736.1,idle,424.73,15.8,0
2024-01-02 03:16:00,12,Compressor,1.06,45.61,5.68,42.1,737.5,idle,424.78,16.1,0
2024-01-02 03:37:00,12,Compressor,0.92,50.8,6.26,44.0,754.9,idle,425.13,13.6,0
2024-01-02 04:05:00,12,Compressor,0.92,50.54,6.3,42.0,736.8,idle,425.59,17.0,0
2024-01-02 04:30:00,12,Compressor,1.06,46.53,7.02,49.2,763.3,idle,426.01,8.7,0
2024-01-02 04:37:00,12,Compressor,0.93,47.95,6.03,43.1,776.2,idle,426.13,16.6,0
2024-01-02 04:43:00,12,Compressor,0.94,47.71,6.91,43.2,744.3,idle,426.23,10.2,0
2024-01-02 05:08:00,12,Compressor,1.11,47.48,6.66,42.6,751.2,idle,426.64,15.5,0
2024-01-02 05:21:00,12,Compressor,0.98,51.25,6.27,44.4,747.4,idle,426.86,14.9,0
2024-01-02 05:38:00,12,Compressor,0.94,52.38,6.77,46.4,736.1,idle,427.14,16.7,0
2024-01-02 06:04:00,12,Compressor,2.61,63.6,14.05,115.2,1741.6,normal,427.58,11.5,0
2024-01-02 06:33:00,12,Compressor,0.95,47.44,7.11,44.3,751.6,idle,428.06,13.1,0
2024-01-02 06:38:00,12,Compressor,2.17,62.61,13.98,98.5,1761.7,normal,428.14,10.9,0
2024-01-02 06:58:00,12,Compressor,2.56,65.7,13.45,102.1,1690.6,normal,428.48,16.5,0
2024-01-02 07:09:00,12,Compressor,2.51,66.57,15.06,114.7,1700.7,normal,428.66,13.0,0
2024-01-02 07:32:00,12,Compressor,1.04,47.76,6.37,45.5,746.2,idle,429.04,10.9,0
2024-01-02 07:37:00,12,Compressor,2.35,57.6,14.1,98.3,1744.1,normal,429.13,11.5,0
2024-01-02 07:55:00,12,Compressor,2.48,63.95,14.91,104.2,1753.8,normal,429.43,16.8,0
2024-01-02 08:19:00,12,Compressor,3.67,67.62,20.5,148.2,2492.7,peak,429.83,16.8,0
2024-01-02 08:27:00,12,Compressor,1.04,55.81,6.67,44.3,741.1,idle,429.96,9.3,0
2024-01-02 08:33:00,12,Compressor,1.14,53.78,5.95,44.8,725.3,idle,430.06,8.2,0
2024-01-02 08:39:00,12,Compressor,3.63,71.28,22.23,148.5,2536.7,peak,430.16,16.9,0
2024-01-02 08:58:00,12,Compressor,3.14,66.79,18.95,148.7,2544.8,peak,430.48,11.9,0
2024-01-02 09:03:00,12,Compressor,3.16,62.26,22.78,159.2,2435.1,peak,430.56,12.1,0
2024-01-02 09:33:00,12,Compressor,2.22,68.85,15.0,103.1,854.3,normal,431.06,16.7,0
2024-01-02 09:46:00,12,Compressor,1.04,53.28,7.1,48.2,750.0,idle,431.28,17.3,0
2024-01-02 09:59:00,12,Compressor,2.57,68.67,15.53,116.7,1707.1,normal,431.49,11.2,0
2024-01-02 10:13:00,12,Compressor,1.25,67.82,6.38,46.0,1768.8,normal,431.73,15.5,0
2024-01-02 10:37:00,12,Compressor,2.36,66.49,13.9,114.2,1704.1,normal,432.13,13.0,0
2024-01-02 10:57:00,12,Compressor,2.56,58.31,16.0,101.4,1723.0,normal,432.46,16.8,0
2024-01-02 11:00:00,12,Compressor,2.52,67.54,14.0,113.5,1741.0,normal,432.51,11.7,0
2024-01-02 11:22:00,12,Compressor,1.04,53.31,6.42,49.4,745.5,idle,432.88,10.8,0
2024-01-02 11:28:00,12,Compressor,1.09,57.51,6.38,47.0,741.2,idle,432.98,12.7,0
2024-01-02 11:46:00,12,Compressor,1.25,64.02,15.01,97.1,854.3,normal,433.28,13.5,0
2024-01-02 12:04:00,12,Compressor,2.49,59.63,14.17,119.1,1760.9,normal,433.58,9.7,0
2024-01-02 12:19:00,12,Compressor,2.39,70.95,16.35,106.6,1639.3,normal,433.83,11.7,0
2024-01-02 12:40:00,12,Compressor,2.29,59.52,16.19,104.6,1715.0,normal,434.18,11.7,0
2024-01-02 13:01:00,12,Compressor,2.52,64.34,14.41,103.3,1737.2,normal,434.53,9.4,0
2024-01-02 13:17:00,12,Compressor,2.67,57.95,14.48,46.0,854.3,normal,434.79,9.6,0
2024-01-02 13:26:00,12,Compressor,2.58,67.68,6.38,96.3,1749.8,normal,434.94,10.4,0
2024-01-02 13:53:00,12,Compressor,2.25,58.02,14.79,119.8,1606.2,normal,435.39,11.4,0
2024-01-02 14:23:00,12,Compressor,2.72,61.1,14.52,114.5,1730.6,normal,435.89,13.3,0
2024-01-02 14:44:00,12,Compressor,1.14,54.43,7.48,42.6,854.3,idle,436.24,15.0,0
2024-01-02 14:57:00,12,Compressor,3.52,65.0,22.33,156.2,2502.1,peak,436.46,14.3,0
2024-01-02 15:14:00,12,Compressor,1.1,56.04,7.37,44.7,723.4,idle,436.74,16.2,0
2024-01-02 15:40:00,12,Compressor,3.27,70.63,22.22,159.1,2324.7,peak,437.18,9.6,0
2024-01-02 16:07:00,12,Compressor,3.76,50.21,21.2,160.3,2336.8,peak,437.63,16.5,0
2024-01-02 16:13:00,12,Compressor,1.08,59.96,6.75,42.2,721.5,idle,437.73,8.2,0
2024-01-02 16:42:00,12,Compressor,2.73,61.88,14.55,115.2,1623.3,normal,438.21,8.8,0
2024-01-02 16:44:00,12,Compressor,2.47,61.52,14.75,110.4,1669.5,normal,438.24,13.6,0
2024-01-02 16:57:00,12,Compressor,1.04,57.73,6.78,47.6,738.3,idle,438.46,8.2,0
2024-01-02 17:22:00,12,Compressor,2.7,60.5,14.83,105.7,1714.7,normal,438.88,15.6,0
2024-01-02 17:33:00,12,Compressor,2.42,76.37,14.88,96.8,1723.7,normal,439.06,10.2,0
2024-01-02 17:46:00,12,Compressor,1.02,58.42,6.72,43.2,723.2,idle,439.28,10.8,0
2024-01-02 18:16:00,12,Compressor,1.19,60.33,6.79,47.7,694.0,idle,439.78,10.8,0
2024-01-02 18:25:00,12,Compressor,2.62,69.63,15.68,113.5,1590.1,normal,439.93,8.3,0
2024-01-02 18:33:00,12,Compressor,2.6,76.66,15.24,46.0,1677.1,normal,440.06,10.4,0
2024-01-02 18:57:00,12,Compressor,2.74,66.67,15.74,113.5,1614.3,normal,440.46,13.3,0
2024-01-02 19:25:00,12,Compressor,1.14,57.18,6.95,47.5,709.4,idle,440.93,12.3,0
2024-01-02 19:41:00,12,Compressor,0.99,59.35,6.75,42.8,683.2,idle,441.19,14.4,0
2024-01-02 20:11:00,12,Compressor,2.35,79.56,16.99,118.5,1580.3,normal,441.69,14.4,0
2024-01-02 20:36:00,12,Compressor,2.65,64.27,14.98,106.7,1663.5,normal,442.11,12.8,0
2024-01-02 20:58:00,12,Compressor,2.37,69.61,15.2,104.0,1633.5,normal,442.48,8.5,0
2024-01-02 21:03:00,12,Compressor,2.52,73.47,16.63,103.3,1619.9,normal,442.56,16.7,0
2024-01-02 21:14:00,12,Compressor,2.58,69.99,17.15,98.5,1693.8,normal,442.74,10.3,0
2024-01-02 21:24:00,12,Compressor,2.53,76.39,17.53,117.2,1628.0,normal,442.91,12.7,0
2024-01-02 21:43:00,12,Compressor,2.49,74.49,15.55,114.8,1667.8,normal,443.23,8.2,0
2024-01-02 21:47:00,12,Compressor,2.79,71.44,16.63,97.6,1663.6,normal,443.29,12.5,0
2024-01-02 22:11:00,12,Compressor,1.12,62.0,7.85,48.2,707.2,idle,443.69,14.2,0
2024-01-02 22:24:00,12,Compressor,1.09,61.66,7.0,43.2,712.9,idle,443.91,9.9,0
2024-01-02 22:49:00,12,Compressor,2.75,81.87,16.47,119.9,1578.1,normal,444.33,9.4,0
2024-01-02 23:01:00,12,Compressor,1.16,66.5,7.53,45.6,704.1,idle,444.53,10.3,0
2024-01-02 23:22:00,12,Compressor,1.21,66.3,7.22,48.2,726.8,idle,444.88,10.6,0
2024-01-02 23:35:00,12,Compressor,2.53,73.83,18.14,103.8,1642.9,normal,445.09,12.9,0
2024-01-02 23:51:00,12,Compressor,1.16,60.37,7.87,45.3,701.3,idle,445.36,12.6,0
2024-01-03 00:01:00,12,Compressor,1.16,62.54,7.03,46.4,692.3,idle,445.53,14.7,0
2024-01-03 00:04:00,12,Compressor,1.12,60.17,7.95,45.3,677.4,idle,445.58,9.1,0
2024-01-03 00:31:00,12,Compressor,1.25,59.79,7.54,46.0,682.5,idle,446.03,16.8,0
2024-01-03 00:38:00,12,Compressor,1.06,60.62,8.25,48.0,689.0,idle,446.14,17.4,0
2024-01-03 00:49:00,12,Compressor,1.1,65.04,7.31,44.2,674.3,idle,446.33,12.3,0
2024-01-03 00:52:00,12,Compressor,1.2,66.99,6.86,42.5,677.6,idle,446.38,11.8,0
2024-01-03 01:10:00,12,Compressor,1.12,62.49,6.64,45.6,681.7,idle,446.68,16.3,0
2024-01-03 01:34:00,12,Compressor,1.04,65.65,7.55,48.6,686.3,idle,447.08,12.9,0
2024-01-03 02:02:00,12,Compressor,1.06,63.61,7.95,46.0,682.6,idle,447.54,11.0,0
2024-01-03 02:29:00,12,Compressor,1.07,68.95,8.31,47.3,679.3,idle,447.99,15.6,0
2024-01-03 02:56:00,12,Compressor,1.21,66.06,7.94,48.9,684.0,idle,448.44,12.6,0
2024-01-03 03:26:00,12,Compressor,1.24,68.95,7.6,47.5,688.0,idle,448.94,14.9,1
2024-01-03 03:52:00,12,Compressor,1.19,66.46,7.22,44.6,700.3,idle,449.38,11.7,1
2024-01-03 04:19:00,12,Compressor,1.26,50.21,7.37,48.5,670.0,idle,449.83,12.5,1
2024-01-03 04:22:00,12,Compressor,3.01,80.65,18.5,116.0,1641.3,normal,449.88,13.8,1
2024-01-03 04:45:00,12,Compressor,1.06,65.97,7.04,49.0,699.8,idle,450.26,13.3,1
2024-01-03 04:51:00,12,Compressor,1.07,65.67,6.8,47.9,685.1,idle,450.36,8.5,1
2024-01-03 05:02:00,12,Compressor,1.1,67.06,6.76,44.1,671.3,idle,450.54,16.5,1
2024-01-03 05:22:00,12,Compressor,2.99,75.96,17.63,107.6,1617.3,normal,450.88,12.1,1
2024-01-03 05:44:00,12,Compressor,1.12,64.4,6.87,46.0,686.6,idle,451.24,14.6,1
2024-01-03 06:02:00,12,Compressor,3.67,83.33,22.19,157.6,2358.7,peak,451.54,13.7,1
2024-01-03 06:10:00,12,Compressor,1.06,65.49,7.33,44.3,661.3,idle,451.68,15.5,1
2024-01-03 06:39:00,12,Compressor,1.25,86.52,18.18,119.0,1576.3,normal,452.16,13.7,1
2024-01-03 07:05:00,12,Compressor,2.98,85.12,18.73,96.0,1606.8,normal,452.59,17.8,1
2024-01-03 07:11:00,12,Compressor,1.19,68.85,7.73,46.0,709.8,idle,452.69,8.6,1
2024-01-03 07:23:00,12,Compressor,1.26,71.6,7.7,47.5,679.0,idle,452.89,9.7,1
2024-01-03 07:45:00,12,Compressor,2.69,87.02,18.91,112.1,1631.9,normal,453.26,14.2,1
2024-01-03 07:53:00,12,Compressor,2.69,78.81,18.66,105.0,1507.7,normal,453.39,13.7,1
2024-01-03 08:07:00,12,Compressor,1.15,68.36,7.12,44.8,705.7,idle,453.63,13.1,1
2024-01-03 08:21:00,12,Compressor,1.27,68.91,8.16,43.2,695.2,idle,453.86,11.5,1
2024-01-03 08:42:00,12,Compressor,1.19,71.38,8.07,43.9,698.8,idle,454.21,14.8,1
2024-01-03 08:46:00,12,Compressor,1.2,71.91,7.04,46.0,669.1,idle,454.28,13.5,1
2024-01-03 09:13:00,12,Compressor,1.27,73.57,6.98,47.8,657.8,idle,454.73,9.4,1
2024-01-03 09:32:00,12,Compressor,1.27,67.2,7.26,44.0,691.0,idle,455.04,9.2,1
2024-01-03 09:37:00,12,Compressor,1.14,71.03,7.98,45.2,680.6,idle,455.13,9.8,1
2024-01-03 10:00:00,12,Compressor,2.58,88.31,17.0,117.0,1570.3,normal,455.51,8.6,1
2024-01-03 10:12:00,12,Compressor,2.88,77.32,17.08,107.3,1530.6,normal,455.71,12.9,1
2024-01-03 10:24:00,12,Compressor,2.76,80.76,17.25,102.3,1637.7,normal,455.91,16.7,1
2024-01-03 10:44:00,12,Compressor,1.22,73.73,7.04,46.0,676.9,idle,456.24,12.5,1
2024-01-03 11:07:00,12,Compressor,3.01,50.21,18.43,98.5,1634.5,normal,456.63,8.0,1
2024-01-03 11:29:00,12,Compressor,3.99,80.68,24.97,146.4,2232.2,peak,456.99,13.1,1
2024-01-03 11:59:00,12,Compressor,2.97,79.81,17.56,107.9,1556.4,normal,457.49,9.6,1
2024-01-03 12:16:00,12,Compressor,1.2,72.33,7.11,45.8,854.3,idle,457.78,17.0,1
2024-01-03 12:46:00,12,Compressor,4.19,85.31,26.52,151.6,2181.6,peak,458.28,14.9,1
2024-01-03 13:01:00,12,Compressor,3.02,78.51,19.43,104.5,1590.0,normal,458.53,14.6,1
2024-01-03 13:29:00,12,Compressor,2.71,86.83,17.41,95.5,1596.2,normal,458.99,16.5,1
2024-01-03 13:34:00,12,Compressor,3.08,90.99,16.85,114.0,1599.0,normal,459.08,13.9,1
2024-01-03 13:59:00,12,Compressor,2.75,83.92,18.1,106.0,1598.3,normal,459.49,9.8,1
2024-01-03 14:28:00,12,Compressor,3.97,86.85,23.98,158.5,2149.6,peak,459.98,10.1,1
2024-01-03 14:40:00,12,Compressor,2.6,88.22,19.11,100.0,1611.1,normal,460.18,12.3,1
2024-01-03 15:03:00,12,Compressor,3.05,88.59,19.35,105.3,854.3,normal,460.56,12.8,1
2024-01-03 15:11:00,12,Compressor,3.11,76.78,19.53,106.2,1533.8,normal,460.69,15.2,1
2024-01-03 15:25:00,12,Compressor,1.19,75.35,8.48,43.3,668.3,idle,460.93,15.7,1
2024-01-03 15:54:00,12,Compressor,2.87,90.92,18.77,105.7,1539.7,normal,461.41,8.5,1
2024-01-03 15:56:00,12,Compressor,2.89,50.21,18.01,95.9,1559.6,normal,461.44,14.5,1
2024-01-03 16:17:00,12,Compressor,2.96,93.51,17.41,46.0,1480.8,normal,461.79,8.0,1
2024-01-03 16:21:00,12,Compressor,2.87,91.56,19.84,115.8,1540.1,normal,461.86,14.9,1
2024-01-03 16:50:00,12,Compressor,2.99,87.46,18.93,117.1,1486.7,normal,462.34,17.6,1
2024-01-03 16:54:00,12,Compressor,4.03,94.78,27.7,160.2,2137.0,peak,462.41,17.9,1
2024-01-03 16:57:00,12,Compressor,2.73,94.02,18.27,95.1,1484.7,normal,462.46,10.6,1
2024-01-03 17:11:00,12,Compressor,1.35,74.26,8.46,47.8,668.4,idle,462.69,17.8,1
2024-01-03 17:37:00,12,Compressor,2.84,85.85,19.94,111.6,1454.8,normal,463.13,14.7,1
2024-01-03 17:43:00,12,Compressor,1.17,74.46,8.0,46.6,652.4,idle,463.23,17.0,1
2024-01-03 17:59:00,12,Compressor,3.12,86.9,18.88,105.7,1495.8,normal,463.49,17.4,1
2024-01-03 18:25:00,12,Compressor,3.06,82.81,19.54,108.2,1462.4,normal,463.93,11.9,1
2024-01-03 18:48:00,12,Compressor,1.25,50.21,8.84,46.0,672.9,idle,464.31,15.8,1
2024-01-03 18:56:00,12,Compressor,2.94,79.65,20.14,118.4,1455.6,normal,464.44,15.6,1
2024-01-03 19:25:00,12,Compressor,3.92,95.0,29.38,162.5,2114.8,peak,464.93,11.7,1
2024-01-03 19:55:00,12,Compressor,3.01,91.74,19.54,109.2,1482.8,normal,465.43,13.3,1
2024-01-03 20:12:00,12,Compressor,3.05,93.09,19.39,107.4,1470.4,normal,465.71,15.3,1
2024-01-03 20:31:00,12,Compressor,1.27,75.24,7.55,48.2,662.1,idle,466.03,15.5,1
2024-01-03 20:38:00,12,Compressor,3.05,95.0,18.78,105.0,1497.0,normal,466.14,10.2,1
2024-01-03 20:49:00,12,Compressor,1.25,78.53,8.99,43.7,648.8,idle,466.33,16.4,1
2024-01-03 21:14:00,12,Compressor,2.97,83.77,19.93,96.4,1519.1,normal,466.74,14.8,1
2024-01-03 21:21:00,12,Compressor,1.19,74.89,8.07,45.4,667.5,idle,466.86,8.9,1
2024-01-03 21:45:00,12,Compressor,2.91,95.0,20.48,99.8,1452.9,normal,467.26,14.1,1
2024-01-03 22:08:00,12,Compressor,2.82,87.86,19.65,98.1,1506.3,normal,467.64,9.1,1
2024-01-03 22:22:00,12,Compressor,1.3,80.85,8.61,48.6,655.9,idle,467.88,17.6,1
2024-01-03 22:34:00,12,Compressor,1.37,81.32,8.38,46.0,622.7,idle,468.08,11.0,1
2024-01-03 22:54:00,12,Compressor,2.74,85.36,18.48,113.5,1480.7,normal,468.41,8.4,1
2024-01-03 22:58:00,12,Compressor,1.22,76.42,8.62,46.9,666.7,idle,468.48,16.4,1
2024-01-03 23:28:00,12,Compressor,3.0,82.5,18.03,101.8,1441.5,normal,468.98,10.2,1
2024-01-03 23:31:00,12,Compressor,1.34,77.26,7.87,47.3,632.4,idle,469.03,10.0,1
2024-01-03 23:55:00,12,Compressor,3.3,95.0,20.41,103.6,1427.1,normal,469.43,15.9,1
2024-01-04 00:08:00,12,Compressor,1.24,79.86,7.83,43.0,653.1,idle,469.64,11.9,1
2024-01-04 00:24:00,12,Compressor,1.22,82.46,8.71,49.2,659.1,idle,469.91,16.7,1
2024-01-04 00:53:00,12,Compressor,1.2,82.28,8.95,48.9,649.9,idle,470.39,17.1,1
2024-01-04 00:57:00,12,Compressor,1.2,79.51,8.93,49.3,662.6,idle,470.46,14.5,1
2024-01-04 01:26:00,12,Compressor,2.94,95.0,19.8,106.6,1462.0,normal,470.94,15.3,1
2024-01-04 01:47:00,12,Compressor,1.34,82.85,8.42,48.1,634.4,idle,471.29,17.3,1
2024-01-04 02:09:00,12,Compressor,3.09,91.38,6.38,99.0,1502.5,normal,471.66,15.7,1
2024-01-04 02:21:00,12,Compressor,1.37,82.22,8.35,44.7,644.2,idle,471.86,13.4,1
2024-01-04 02:37:00,12,Compressor,1.28,78.67,9.3,43.1,647.5,idle,472.13,8.6,1
2024-01-04 02:48:00,12,Compressor,1.26,83.41,9.48,43.2,652.3,idle,472.31,13.8,1
2024-01-04 11:47:09,12,Compressor,2.12,66.58,13.5,114.9,1661.4,normal,0.0,14.1,0
2024-01-04 12:08:09,12,Compressor,3.2,67.67,20.64,159.0,2470.2,peak,0.35,11.3,0
2024-01-04 12:32:09,12,Compressor,2.43,57.71,14.41,108.7,1678.6,normal,0.75,17.7,0
2024-01-04 12:49:09,12,Compressor,2.52,65.61,13.51,105.4,1729.0,normal,1.03,14.6,0
2024-01-04 13:09:09,12,Compressor,2.37,50.4,14.9,116.5,1674.2,normal,1.37,15.8,0
2024-01-04 13:37:09,12,Compressor,2.55,65.32,14.36,101.9,1685.3,normal,1.83,17.8,0
2024-01-04 13:51:09,12,Compressor,2.34,59.13,14.63,115.0,1808.9,normal,2.07,10.0,0
2024-01-04 14:19:09,12,Compressor,2.5,66.36,14.25,96.0,1658.8,normal,2.53,8.2,0
2024-01-04 14:23:09,12,Compressor,2.23,61.05,13.84,99.2,1794.6,normal,2.6,15.6,0
2024-01-04 14:52:09,12,Compressor,2.59,50.21,13.22,46.0,1707.4,normal,3.08,8.8,0
2024-01-04 15:09:09,12,Compressor,2.49,61.78,13.17,108.6,854.3,normal,3.37,14.9,0
2024-01-04 15:34:09,12,Compressor,2.58,58.56,15.32,95.8,1667.6,normal,3.78,8.7,0
2024-01-04 15:44:09,12,Compressor,2.29,65.97,14.36,115.6,1698.2,normal,3.95,14.3,0
2024-01-04 15:57:09,12,Compressor,2.16,54.43,14.61,116.8,1727.3,normal,4.17,13.9,0
2024-01-04 16:24:09,12,Compressor,2.2,61.48,13.49,109.3,1667.4,normal,4.62,8.8,0
2024-01-04 16:39:09,12,Compressor,1.06,50.44,6.38,46.0,736.8,idle,4.87,17.1,0
2024-01-04 16:51:09,12,Compressor,2.17,59.42,13.25,116.7,1794.5,normal,5.07,9.6,0
2024-01-04 17:00:09,12,Compressor,0.93,49.56,6.54,45.2,729.2,idle,5.22,11.6,0
2024-01-04 17:06:09,12,Compressor,1.25,49.92,5.83,46.8,772.0,idle,5.32,11.2,0
2024-01-04 17:23:09,12,Compressor,1.02,51.79,6.47,44.5,771.1,idle,5.6,16.7,0
2024-01-04 17:53:09,12,Compressor,2.26,67.49,14.19,118.8,1681.2,normal,6.1,8.1,0
2024-01-04 18:16:09,12,Compressor,2.11,53.53,13.25,113.3,1695.0,normal,6.48,9.5,0
2024-01-04 18:42:09,12,Compressor,1.03,49.35,6.53,48.7,728.9,idle,6.92,9.8,0
2024-01-04 18:51:09,12,Compressor,0.91,44.24,5.66,45.0,778.0,idle,7.07,11.6,0
2024-01-04 18:57:09,12,Compressor,2.28,58.15,15.04,118.0,1815.2,normal,7.17,12.4,0
2024-01-04 19:18:09,12,Compressor,2.51,59.05,13.57,110.0,1683.5,normal,7.52,11.7,0
2024-01-04 19:48:09,12,Compressor,2.13,66.55,14.21,107.7,1753.6,normal,8.02,16.0,0
2024-01-04 20:09:09,12,Compressor,2.33,58.0,15.29,115.4,1686.1,normal,8.37,11.0,0
2024-01-04 20:16:09,12,Compressor,2.25,61.89,14.43,114.2,1773.7,normal,8.48,14.6,0
2024-01-04 20:45:09,12,Compressor,1.04,51.04,6.65,43.9,772.4,idle,8.97,10.7,0
2024-01-04 20:55:09,12,Compressor,0.97,51.29,6.74,42.6,766.3,idle,9.13,11.2,0
2024-01-04 21:11:09,12,Compressor,1.0,51.82,6.19,42.5,737.6,idle,9.4,17.0,0
2024-01-04 21:20:09,12,Compressor,2.32,60.65,13.38,107.9,1732.2,normal,9.55,8.1,0
2024-01-04 21:25:09,12,Compressor,1.25,61.05,6.38,152.8,2526.4,peak,9.63,17.5,0
2024-01-04 21:50:09,12,Compressor,1.07,49.4,6.2,47.1,739.3,idle,10.05,13.3,0
2024-01-04 21:53:09,12,Compressor,3.09,61.39,19.77,153.8,2547.5,peak,10.1,12.8,0
2024-01-04 22:07:09,12,Compressor,1.09,47.11,6.38,42.3,720.2,idle,10.33,16.2,0
2024-01-04 22:20:09,12,Compressor,1.09,51.97,5.58,44.9,760.2,idle,10.55,15.5,0
2024-01-04 22:32:09,12,Compressor,0.94,48.76,6.72,48.9,762.4,idle,10.75,14.5,0
2024-01-04 22:44:09,12,Compressor,0.92,46.79,6.95,43.5,747.2,idle,10.95,9.1,0
2024-01-04 23:03:09,12,Compressor,2.27,50.21,13.81,99.7,1799.1,normal,11.27,13.6,0
2024-01-04 23:26:09,12,Compressor,0.93,48.99,6.91,49.6,756.0,idle,11.65,12.9,0
2024-01-04 23:43:09,12,Compressor,0.95,45.98,6.38,49.9,724.7,idle,11.93,10.6,0
2024-01-05 00:00:09,12,Compressor,1.06,44.98,5.95,46.5,737.8,idle,12.22,13.9,0
2024-01-05 00:16:09,12,Compressor,1.03,47.34,5.83,46.2,721.4,idle,12.48,15.7,0
2024-01-05 00:35:09,12,Compressor,2.47,59.4,15.37,97.6,1774.5,normal,12.8,11.8,0
2024-01-05 01:03:09,12,Compressor,0.96,46.99,6.02,44.9,745.9,idle,13.27,14.3,0
2024-01-05 01:17:09,12,Compressor,0.9,65.52,6.82,42.3,854.3,idle,13.5,10.4,0
2024-01-05 01:26:09,12,Compressor,0.91,50.46,6.42,44.5,756.8,idle,13.65,16.2,0
2024-01-05 01:42:09,12,Compressor,1.0,49.09,6.21,48.2,722.7,idle,13.92,13.7,0
2024-01-05 01:51:09,12,Compressor,0.97,50.21,6.38,43.4,724.5,idle,14.07,12.8,0
2024-01-05 02:21:09,12,Compressor,2.11,57.43,13.83,109.2,1726.4,normal,14.57,9.6,0
2024-01-05 02:50:09,12,Compressor,2.3,65.18,14.55,111.2,1714.9,normal,15.05,12.3,0
2024-01-05 03:20:09,12,Compressor,1.25,45.22,6.1,42.4,726.9,idle,15.55,9.1,0
2024-01-05 03:24:09,12,Compressor,0.92,47.53,6.55,44.5,721.6,idle,15.62,9.8,0
2024-01-05 03:41:09,12,Compressor,1.04,45.66,6.58,42.1,854.3,idle,15.9,13.5,0
2024-01-05 04:03:09,12,Compressor,1.02,50.97,6.63,45.6,763.1,idle,16.27,10.9,0
2024-01-05 04:15:09,12,Compressor,1.01,50.51,6.66,49.8,726.3,idle,16.47,17.6,0
2024-01-05 04:20:09,12,Compressor,0.97,45.54,6.45,47.3,732.2,idle,16.55,8.1,0
2024-01-05 04:42:09,12,Compressor,0.98,48.82,6.49,42.8,775.3,idle,16.92,12.7,0
2024-01-05 05:08:09,12,Compressor,0.91,51.78,5.97,44.5,746.8,idle,17.35,14.2,0
2024-01-05 05:37:09,12,Compressor,2.45,50.21,13.64,119.0,1799.1,normal,17.83,13.6,0
2024-01-05 05:44:09,12,Compressor,0.94,48.58,5.81,46.4,742.0,idle,17.95,10.7,0
2024-01-05 06:04:09,12,Compressor,2.28,61.43,13.63,105.1,1807.3,normal,18.28,10.4,0
2024-01-05 06:19:09,12,Compressor,2.48,56.9,13.58,111.5,1787.3,normal,18.53,13.7,0
2024-01-05 06:45:09,12,Compressor,1.07,48.51,6.28,47.8,730.5,idle,18.97,11.2,0
2024-01-05 06:50:09,12,Compressor,2.53,50.21,14.51,109.7,1702.8,normal,19.05,8.9,0
2024-01-05 07:16:09,12,Compressor,2.12,62.92,13.06,99.5,1742.5,normal,19.48,17.8,0
2024-01-05 07:25:09,12,Compressor,2.57,51.19,14.45,103.2,1763.8,normal,19.63,11.6,0
2024-01-05 07:46:09,12,Compressor,2.58,54.83,15.39,116.8,1753.2,normal,19.98,13.3,0
2024-01-05 07:59:09,12,Compressor,2.48,65.57,15.01,103.2,1788.1,normal,20.2,16.1,0
2024-01-05 08:17:09,12,Compressor,0.96,50.94,5.88,46.6,761.6,idle,20.5,14.8,0
2024-01-05 08:30:09,12,Compressor,1.25,70.66,21.7,148.7,2406.7,peak,20.72,16.7,0
2024-01-05 08:46:09,12,Compressor,2.41,60.84,13.85,114.6,1790.4,normal,20.98,9.1,0
2024-01-05 09:08:09,12,Compressor,2.27,62.28,14.61,103.6,1814.8,normal,21.35,10.5,0
2024-01-05 09:18:09,12,Compressor,2.27,61.17,13.95,95.3,1665.6,normal,21.52,15.9,0
2024-01-05 09:39:09,12,Compressor,3.14,71.24,19.77,156.8,2588.8,peak,21.87,8.6,0
2024-01-05 09:54:09,12,Compressor,2.17,65.51,13.95,103.4,1756.3,normal,22.12,13.6,0
2024-01-05 10:01:09,12,Compressor,2.55,50.21,14.9,95.5,1755.9,normal,22.23,10.5,0
2024-01-05 10:18:09,12,Compressor,2.42,60.01,15.34,118.5,1708.2,normal,22.52,10.4,0
2024-01-05 10:40:09,12,Compressor,2.33,64.26,15.11,105.5,1709.3,normal,22.88,9.4,0
2024-01-05 10:58:09,12,Compressor,2.51,56.78,14.01,98.4,1742.3,normal,23.18,12.6,0
2024-01-05 11:11:09,12,Compressor,2.26,60.63,14.12,113.7,1697.2,normal,23.4,16.1,0
2024-01-05 11:38:09,12,Compressor,0.93,49.62,6.08,46.5,776.5,idle,23.85,14.2,0
2024-01-05 11:57:09,12,Compressor,1.0,45.22,6.14,45.8,766.0,idle,24.17,16.3,0
2024-01-05 12:14:09,12,Compressor,2.2,56.24,13.13,112.5,1776.5,normal,24.45,12.9,0
2024-01-05 12:43:09,12,Compressor,0.99,48.31,6.62,44.1,756.4,idle,24.93,16.5,0
2024-01-05 12:52:09,12,Compressor,1.25,61.84,13.2,102.3,1738.2,normal,25.08,9.9,0
2024-01-05 13:13:09,12,Compressor,5.88,62.18,14.64,116.9,1735.0,normal,25.43,15.8,0
2024-01-05 13:16:09,12,Compressor,2.45,53.28,13.01,99.3,1660.6,normal,25.48,8.1,0
2024-01-05 13:27:09,12,Compressor,2.31,58.43,14.61,98.5,1686.5,normal,25.67,9.1,0
2024-01-05 13:36:09,12,Compressor,2.5,60.38,13.07,116.2,1757.1,normal,25.82,13.5,0
2024-01-05 13:47:09,12,Compressor,2.19,54.54,14.38,109.0,1786.9,normal,26.0,15.3,0
2024-01-05 13:51:09,12,Compressor,1.25,59.89,14.46,109.0,1662.4,normal,26.07,10.8,0
2024-01-05 13:58:09,12,Compressor,2.31,56.1,6.38,106.6,1724.0,normal,26.18,9.3,0
2024-01-05 14:21:09,12,Compressor,1.0,51.35,6.42,45.1,774.8,idle,26.57,12.7,0
2024-01-05 14:27:09,12,Compressor,2.56,54.76,13.98,119.2,1742.0,normal,26.67,10.3,0
2024-01-05 14:57:09,12,Compressor,3.26,58.91,19.54,157.6,2407.7,peak,27.17,15.7,0
2024-01-05 15:23:09,12,Compressor,2.14,50.1,13.55,99.6,1794.6,normal,27.6,10.4,0
2024-01-05 15:36:09,12,Compressor,2.52,49.29,5.68,46.8,746.1,idle,27.82,9.9,0
2024-01-05 16:00:09,12,Compressor,2.3,65.42,13.42,109.9,1789.7,normal,28.22,17.4,0
2024-01-05 16:12:09,12,Compressor,3.43,74.67,18.01,162.7,2522.7,peak,28.42,16.2,0
2024-01-05 16:35:09,12,Compressor,2.1,58.38,14.92,99.6,1765.3,normal,28.8,13.7,0
2024-01-05 17:02:09,12,Compressor,2.17,64.46,14.42,95.8,1665.5,normal,29.25,9.9,0
2024-01-05 17:26:09,12,Compressor,2.53,50.59,13.75,46.0,1686.3,normal,29.65,12.0,0
2024-01-05 17:28:09,12,Compressor,2.21,63.97,6.38,96.0,1772.6,normal,29.68,13.6,0
2024-01-05 17:54:09,12,Compressor,2.58,64.97,14.37,105.6,1807.3,normal,30.12,14.3,0
2024-01-05 18:12:09,12,Compressor,1.05,48.57,6.82,46.8,778.4,idle,30.42,13.5,0
2024-01-05 18:38:09,12,Compressor,1.07,48.4,6.88,44.7,762.1,idle,30.85,12.8,0
2024-01-05 18:46:09,12,Compressor,2.19,66.12,13.62,118.7,1652.9,normal,30.98,17.4,0
2024-01-05 18:55:09,12,Compressor,2.44,52.7,14.93,107.3,1804.6,normal,31.13,17.3,0
2024-01-05 19:11:09,12,Compressor,2.46,63.83,13.3,97.4,1794.6,normal,31.4,14.4,0
2024-01-05 19:29:09,12,Compressor,0.95,50.94,5.71,44.5,775.7,idle,31.7,16.7,0
2024-01-05 19:58:09,12,Compressor,2.52,50.98,14.12,117.8,1652.5,normal,32.18,8.3,0
2024-01-05 20:15:09,12,Compressor,0.92,50.21,5.66,45.6,750.5,idle,32.47,18.0,0
2024-01-05 20:33:09,12,Compressor,1.07,51.66,6.27,46.1,763.6,idle,32.77,17.3,0
2024-01-05 20:35:09,12,Compressor,0.94,51.53,5.5,42.0,757.5,idle,32.8,15.5,0
2024-01-05 20:58:09,12,Compressor,2.27,57.17,13.55,105.2,1790.8,normal,33.18,10.8,0
2024-01-05 21:11:09,12,Compressor,1.04,44.76,5.59,46.0,763.8,idle,33.4,12.4,0
2024-01-05 21:17:09,12,Compressor,2.43,65.55,13.33,110.1,1780.2,normal,33.5,9.6,0
2024-01-05 21:38:09,12,Compressor,1.09,44.81,5.86,46.0,752.5,idle,33.85,15.3,0
2024-01-05 22:04:09,12,Compressor,0.98,50.89,6.38,42.6,762.0,idle,34.28,14.9,0
2024-01-05 22:06:09,12,Compressor,2.16,66.16,13.36,119.8,1722.7,normal,34.32,14.1,0
2024-01-05 22:30:09,12,Compressor,0.98,48.69,6.09,43.9,757.8,idle,34.72,17.5,0
2024-01-05 22:44:09,12,Compressor,1.05,51.56,6.11,47.6,770.0,idle,34.95,12.5,0
2024-01-05 22:51:09,12,Compressor,1.07,44.27,6.03,42.1,753.5,idle,35.07,11.9,0
2024-01-05 22:53:09,12,Compressor,1.25,50.52,6.72,44.8,722.8,idle,35.1,11.0,0
2024-01-05 22:57:09,12,Compressor,0.93,49.37,5.7,43.0,741.2,idle,35.17,12.3,0
2024-01-05 23:02:09,12,Compressor,0.92,46.64,6.95,42.2,769.8,idle,35.25,12.4,0
2024-01-05 23:10:09,12,Compressor,1.1,47.49,6.91,44.1,778.9,idle,35.38,16.4,0
2024-01-05 23:35:09,12,Compressor,2.53,65.92,13.33,116.8,1810.1,normal,35.8,12.4,0
2024-01-05 23:45:09,12,Compressor,1.06,44.73,5.63,44.9,762.3,idle,35.97,11.2,0
2024-01-05 23:49:09,12,Compressor,0.9,51.61,6.29,44.9,753.7,idle,36.03,13.9,0
2024-01-06 00:18:09,12,Compressor,1.04,46.19,5.94,45.8,760.2,idle,36.52,12.6,0
2024-01-06 00:21:09,12,Compressor,2.45,55.83,13.81,107.2,1742.1,normal,36.57,14.7,0
2024-01-06 00:32:09,12,Compressor,1.03,48.94,6.06,44.4,738.5,idle,36.75,11.3,0
2024-01-06 00:44:09,12,Compressor,1.03,47.47,5.7,42.0,721.8,idle,36.95,14.9,0
2024-01-06 01:11:09,12,Compressor,1.07,47.66,6.49,49.4,727.6,idle,37.4,10.0,0
2024-01-06 01:25:09,12,Compressor,0.99,48.31,6.76,50.0,762.7,idle,37.63,14.3,0
2024-01-06 01:31:09,12,Compressor,1.03,51.36,6.76,48.9,720.2,idle,37.73,10.2,0
2024-01-06 01:52:09,12,Compressor,2.36,64.09,13.45,113.8,1651.6,normal,38.08,8.3,0
2024-01-06 02:08:09,12,Compressor,1.02,50.81,6.15,47.9,751.8,idle,38.35,17.7,0
2024-01-06 02:21:09,12,Compressor,1.03,48.13,6.21,48.7,725.6,idle,38.57,9.9,0
2024-01-06 02:24:09,12,Compressor,1.02,44.92,6.34,49.7,723.4,idle,38.62,12.2,0
2024-01-06 02:31:09,12,Compressor,0.98,50.42,6.05,46.2,726.9,idle,38.73,9.3,0
2024-01-06 02:36:09,12,Compressor,0.94,49.49,6.74,47.2,770.2,idle,38.82,13.5,0
2024-01-06 02:55:09,12,Compressor,1.02,50.48,6.97,42.7,748.8,idle,39.13,8.3,0
2024-01-06 03:02:09,12,Compressor,0.94,47.72,6.25,47.0,746.4,idle,39.25,17.4,0
2024-01-06 03:14:09,12,Compressor,0.96,50.21,5.55,43.4,746.9,idle,39.45,13.7,0
2024-01-06 03:42:09,12,Compressor,0.98,45.53,6.73,47.5,740.6,idle,39.92,9.6,0
2024-01-06 03:53:09,12,Compressor,2.5,67.81,13.61,104.1,1818.8,normal,40.1,15.3,0
2024-01-06 04:00:09,12,Compressor,0.93,50.21,6.28,45.8,724.7,idle,40.22,10.2,0
2024-01-06 04:05:09,12,Compressor,0.96,47.35,6.73,47.7,774.9,idle,40.3,8.0,0
2024-01-06 04:35:09,12,Compressor,0.97,46.48,6.19,46.0,732.4,idle,40.8,9.9,0
2024-01-06 04:38:09,12,Compressor,0.94,50.21,6.18,49.2,720.2,idle,40.85,13.3,0
2024-01-06 04:56:09,12,Compressor,1.03,51.03,5.66,49.3,769.1,idle,41.15,12.1,0
2024-01-06 05:06:09,12,Compressor,0.94,51.24,6.71,42.9,769.8,idle,41.32,13.0,0
2024-01-06 05:35:09,12,Compressor,1.01,50.53,6.43,45.1,756.1,idle,41.8,17.3,0
2024-01-06 05:53:09,12,Compressor,2.42,63.79,15.08,111.6,1818.2,normal,42.1,12.2,0
2024-01-06 06:00:09,12,Compressor,2.49,66.39,13.8,46.0,1711.6,normal,42.22,11.9,0
2024-01-06 06:12:09,12,Compressor,0.99,51.69,5.61,46.0,729.7,idle,42.42,8.5,0
2024-01-06 06:26:09,12,Compressor,2.51,50.56,14.14,104.9,1665.7,normal,42.65,11.7,0
2024-01-06 06:39:09,12,Compressor,1.25,64.56,6.38,46.0,1659.9,normal,42.87,12.5,0
2024-01-06 06:48:09,12,Compressor,0.96,50.21,6.04,45.8,731.2,idle,43.02,15.5,0
2024-01-06 07:00:09,12,Compressor,1.25,53.23,15.12,108.5,1743.2,normal,43.22,16.1,0
2024-01-06 07:12:09,12,Compressor,3.56,70.46,20.97,162.2,2418.4,peak,43.42,15.6,0
2024-01-06 07:35:09,12,Compressor,1.05,45.87,5.92,42.1,773.6,idle,43.8,12.8,0
2024-01-06 07:58:09,12,Compressor,2.47,52.51,13.82,107.0,1734.0,normal,44.18,17.8,0
2024-01-06 08:09:09,12,Compressor,2.4,58.5,14.62,117.1,1717.7,normal,44.37,11.3,0
2024-01-06 08:37:09,12,Compressor,1.08,45.76,5.68,43.9,732.4,idle,44.83,13.3,0
2024-01-06 08:58:09,12,Compressor,1.1,47.05,6.48,47.6,746.7,idle,45.18,13.5,0
2024-01-06 09:00:09,12,Compressor,2.21,57.89,14.18,118.8,1746.7,normal,45.22,17.1,0
2024-01-06 09:27:09,12,Compressor,2.58,60.38,13.36,104.6,1784.7,normal,45.67,12.5,0
2024-01-06 09:35:09,12,Compressor,2.31,51.8,13.24,100.9,1746.0,normal,45.8,13.0,0
2024-01-06 10:01:09,12,Compressor,2.52,59.61,14.87,111.1,1739.1,normal,46.23,12.7,0
2024-01-06 10:07:09,12,Compressor,2.21,65.9,13.69,101.3,1693.8,normal,46.33,8.2,0
2024-01-06 10:18:09,12,Compressor,3.06,64.97,19.31,155.4,2490.6,peak,46.52,8.2,0
2024-01-06 10:29:09,12,Compressor,2.36,55.36,15.04,108.3,1685.4,normal,46.7,8.6,0
2024-01-06 10:45:09,12,Compressor,1.08,44.88,6.6,47.4,724.4,idle,46.97,17.4,0
2024-01-06 10:56:09,12,Compressor,2.55,55.69,14.85,101.9,1739.4,normal,47.15,9.2,0
2024-01-06 11:10:09,12,Compressor,2.59,60.99,13.74,106.5,1764.9,normal,47.38,14.7,0
2024-01-06 11:25:09,12,Compressor,1.25,51.29,6.8,43.2,767.1,idle,47.63,16.2,0
2024-01-06 11:29:09,12,Compressor,2.57,55.7,13.6,95.2,1669.7,normal,47.7,11.7,0
2024-01-06 11:43:09,12,Compressor,3.58,62.82,19.55,150.3,2432.8,peak,47.93,8.9,0
2024-01-06 12:05:09,12,Compressor,2.35,63.02,14.38,95.9,1786.6,normal,48.3,15.0,0
2024-01-06 12:21:09,12,Compressor,1.09,47.52,6.05,43.8,738.1,idle,48.57,11.6,0
2024-01-06 12:24:09,12,Compressor,2.42,63.86,13.83,103.5,854.3,normal,48.62,16.3,0
2024-01-06 12:36:09,12,Compressor,2.19,66.69,14.76,105.8,1670.8,normal,48.82,8.3,0
2024-01-06 12:58:09,12,Compressor,2.52,58.71,14.99,95.8,1696.5,normal,49.18,9.4,0
2024-01-06 13:20:09,12,Compressor,2.41,58.78,13.74,100.0,854.3,normal,49.55,12.1,0
2024-01-06 13:50:09,12,Compressor,2.47,53.31,14.48,105.6,1779.7,normal,50.05,14.8,0
2024-01-06 14:12:09,12,Compressor,2.2,54.86,14.0,99.2,1728.4,normal,50.42,14.1,0
2024-01-06 14:23:09,12,Compressor,5.37,67.82,14.48,96.7,1728.2,normal,50.6,11.3,0
2024-01-06 14:45:09,12,Compressor,2.54,65.6,15.4,117.4,1680.0,normal,50.97,15.0,0
2024-01-06 15:15:09,12,Compressor,2.1,50.21,14.76,98.3,1678.4,normal,51.47,13.1,0
2024-01-06 15:18:09,12,Compressor,3.58,50.21,18.63,149.9,2578.4,peak,51.52,10.3,0
2024-01-06 15:40:09,12,Compressor,2.32,64.37,13.99,113.4,1717.5,normal,51.88,13.6,0
2024-01-06 15:54:09,12,Compressor,2.55,55.86,14.31,108.0,1760.3,normal,52.12,9.4,0
2024-01-06 16:01:09,12,Compressor,2.25,61.57,13.35,117.3,1674.5,normal,52.23,11.3,0
2024-01-06 16:19:09,12,Compressor,3.5,68.86,19.36,151.6,2593.2,peak,52.53,9.0,0
2024-01-06 16:22:09,12,Compressor,2.2,63.01,13.46,117.6,1776.1,normal,52.58,10.2,0
2024-01-06 16:35:09,12,Compressor,2.57,65.82,14.37,98.8,1687.7,normal,52.8,15.6,0
2024-01-06 16:46:09,12,Compressor,0.94,45.77,6.21,48.9,721.4,idle,52.98,14.7,0
2024-01-06 16:56:09,12,Compressor,2.22,60.74,15.16,102.4,1715.0,normal,53.15,14.4,0
2024-01-06 17:23:09,12,Compressor,2.29,55.29,14.75,111.4,1793.4,normal,53.6,16.3,0
2024-01-06 17:38:09,12,Compressor,2.56,66.21,14.35,99.6,1687.8,normal,53.85,10.5,0
2024-01-06 17:59:09,12,Compressor,2.4,66.53,14.33,118.4,1694.6,normal,54.2,8.4,0
2024-01-06 18:02:09,12,Compressor,2.14,64.33,15.2,106.2,1667.4,normal,54.25,10.1,0
2024-01-06 18:26:09,12,Compressor,2.12,51.13,14.1,100.9,1728.5,normal,54.65,10.7,0
2024-01-06 18:55:09,12,Compressor,3.29,64.16,20.48,158.6,2479.2,peak,55.13,13.5,0
2024-01-06 19:21:09,12,Compressor,2.27,56.63,13.18,103.0,1684.0,normal,55.57,15.4,0
2024-01-06 19:38:09,12,Compressor,2.25,50.21,15.47,118.1,854.3,normal,55.85,16.4,0
2024-01-06 19:43:09,12,Compressor,2.47,67.01,14.88,106.8,1752.2,normal,55.93,14.9,0
2024-01-06 19:57:09,12,Compressor,2.25,50.06,13.88,105.1,1774.6,normal,56.17,12.4,0
2024-01-06 20:17:09,12,Compressor,2.53,67.33,13.88,118.9,1785.9,normal,56.5,17.5,0
2024-01-06 20:25:09,12,Compressor,2.12,60.71,13.91,95.8,1740.4,normal,56.63,16.2,0
2024-01-06 20:45:09,12,Compressor,1.25,54.54,15.35,110.3,1679.9,normal,56.97,9.2,0
2024-01-06 20:59:09,12,Compressor,3.43,64.98,19.89,161.7,2427.6,peak,57.2,17.6,0
2024-01-06 21:18:09,12,Compressor,2.35,64.05,14.65,95.1,1783.9,normal,57.52,16.9,0
2024-01-06 21:27:09,12,Compressor,1.09,49.64,6.81,44.9,741.0,idle,57.67,13.5,0
2024-01-06 21:41:09,12,Compressor,2.26,63.23,15.36,117.1,1675.5,normal,57.9,14.8,0
2024-01-06 22:00:09,12,Compressor,1.03,51.97,5.94,47.1,774.4,idle,58.22,8.5,0
2024-01-06 22:14:09,12,Compressor,1.08,46.57,5.64,47.2,776.8,idle,58.45,10.6,0
2024-01-06 22:29:09,12,Compressor,1.0,47.66,6.8,45.4,760.9,idle,58.7,9.5,0
2024-01-06 22:45:09,12,Compressor,0.98,47.02,5.78,42.7,773.1,idle,58.97,9.5,0
2024-01-06 22:58:09,12,Compressor,0.94,50.21,6.37,46.4,754.1,idle,59.18,9.1,0
2024-01-06 23:14:09,12,Compressor,0.99,45.14,5.53,42.4,776.6,idle,59.45,13.0,0
2024-01-06 23:28:09,12,Compressor,1.01,47.2,6.12,47.2,742.6,idle,59.68,16.7,0
2024-01-06 23:55:09,12,Compressor,1.06,46.08,6.05,49.5,735.6,idle,60.13,16.9,0
2024-01-07 00:08:09,12,Compressor,2.43,56.56,14.18,96.1,854.3,normal,60.35,15.9,0
2024-01-07 00:30:09,12,Compressor,0.92,50.76,6.94,42.5,724.6,idle,60.72,11.1,0
2024-01-07 00:40:09,12,Compressor,1.01,48.03,6.48,47.9,767.8,idle,60.88,13.6,0
2024-01-07 01:02:09,12,Compressor,0.93,44.3,6.83,45.8,778.3,idle,61.25,13.1,0
2024-01-07 01:29:09,12,Compressor,1.01,48.08,6.43,43.4,735.2,idle,61.7,12.7,0
2024-01-07 01:38:09,12,Compressor,1.08,50.21,5.85,46.1,758.5,idle,61.85,8.9,0
2024-01-07 01:50:09,12,Compressor,0.9,47.65,6.1,48.9,770.4,idle,62.05,8.9,0
2024-01-07 02:05:09,12,Compressor,1.08,50.74,6.38,48.9,730.5,idle,62.3,10.8,0
2024-01-07 02:19:09,12,Compressor,2.27,62.31,15.31,111.7,1685.3,normal,62.53,16.3,0
2024-01-07 02:29:09,12,Compressor,1.09,50.08,6.57,48.1,759.5,idle,62.7,15.7,0
2024-01-07 02:45:09,12,Compressor,0.9,46.03,6.93,44.3,766.3,idle,62.97,12.2,0
2024-01-07 02:48:09,12,Compressor,0.98,51.26,6.34,47.1,734.4,idle,63.02,10.6,0
2024-01-07 02:53:09,12,Compressor,0.91,50.05,5.6,47.8,753.3,idle,63.1,12.3,0
2024-01-07 03:04:09,12,Compressor,2.51,53.7,14.35,110.3,1662.6,normal,63.28,14.8,0
2024-01-07 03:22:09,12,Compressor,1.05,47.11,6.38,45.1,725.9,idle,63.58,9.4,0
2024-01-07 03:52:09,12,Compressor,1.08,47.65,5.71,44.0,763.5,idle,64.08,15.4,0
2024-01-07 04:03:09,12,Compressor,1.06,44.33,5.59,49.3,739.9,idle,64.27,11.7,0
2024-01-07 04:07:09,12,Compressor,0.94,44.98,6.21,48.2,751.3,idle,64.33,16.4,0
2024-01-07 04:34:09,12,Compressor,2.11,58.71,13.78,112.1,1739.0,normal,64.78,16.4,0
2024-01-07 04:59:09,12,Compressor,1.09,48.79,6.45,46.2,738.7,idle,65.2,13.6,0
2024-01-07 05:09:09,12,Compressor,1.03,46.66,6.58,43.9,742.1,idle,65.37,12.9,0
2024-01-07 05:24:09,12,Compressor,1.02,49.03,6.5,47.6,739.1,idle,65.62,14.0,0
2024-01-07 05:51:09,12,Compressor,1.08,44.24,5.78,42.6,760.3,idle,66.07,9.9,0
2024-01-07 06:00:09,12,Compressor,2.24,53.58,14.2,110.5,1755.3,normal,66.22,17.3,0
2024-01-07 06:25:09,12,Compressor,2.38,67.86,15.15,101.0,1779.0,normal,66.63,17.0,0
2024-01-07 06:53:09,12,Compressor,2.38,51.27,13.12,115.0,1742.7,normal,67.1,12.2,0
2024-01-07 07:17:09,12,Compressor,1.01,46.69,6.9,47.7,775.7,idle,67.5,10.8,0
2024-01-07 07:40:09,12,Compressor,2.15,60.51,14.59,98.2,1708.9,normal,67.88,12.4,0
2024-01-07 08:09:09,12,Compressor,0.94,51.88,6.32,44.5,759.9,idle,68.37,10.7,0
2024-01-07 08:36:09,12,Compressor,2.43,56.25,15.48,115.2,1718.0,normal,68.82,14.9,0
2024-01-07 08:44:09,12,Compressor,2.43,62.79,13.43,117.0,1790.4,normal,68.95,10.8,0
2024-01-07 08:56:09,12,Compressor,2.48,54.01,13.34,99.5,854.3,normal,69.15,11.9,0
2024-01-07 09:15:09,12,Compressor,2.57,65.33,13.23,112.0,1691.8,normal,69.47,16.2,0
2024-01-07 09:30:09,12,Compressor,0.9,46.34,6.16,42.2,739.4,idle,69.72,16.3,0
2024-01-07 09:38:09,12,Compressor,2.45,54.11,14.21,117.2,1654.8,normal,69.85,17.4,0
2024-01-07 10:07:09,12,Compressor,1.06,47.07,6.31,43.9,754.7,idle,70.33,11.4,0
2024-01-07 10:35:09,12,Compressor,2.47,53.63,13.86,109.2,1720.8,normal,70.8,14.7,0
2024-01-07 10:45:09,12,Compressor,3.18,64.03,19.16,151.0,2522.1,peak,70.97,16.7,0
2024-01-07 11:07:09,12,Compressor,1.25,62.19,15.09,118.6,1675.7,normal,71.33,9.4,0
2024-01-07 11:24:09,12,Compressor,2.41,60.48,15.17,117.4,1779.3,normal,71.62,11.7,0
2024-01-07 11:54:09,12,Compressor,2.4,53.59,13.69,110.1,1673.7,normal,72.12,14.4,0
2024-01-07 12:12:09,12,Compressor,1.25,73.23,21.83,145.1,2572.5,peak,72.42,14.5,0
2024-01-07 12:30:09,12,Compressor,3.56,65.51,19.8,163.4,2401.5,peak,72.72,15.0,0
2024-01-07 12:46:09,12,Compressor,2.52,55.34,14.6,103.1,1738.9,normal,72.98,8.7,0
2024-01-07 13:00:09,12,Compressor,2.5,53.26,14.66,117.5,1803.2,normal,73.22,11.1,0
2024-01-07 13:24:09,12,Compressor,1.08,48.15,6.65,45.6,747.6,idle,73.62,14.6,0
2024-01-07 13:32:09,12,Compressor,2.24,71.56,13.09,108.3,1702.5,normal,73.75,17.4,0
2024-01-07 13:57:09,12,Compressor,1.25,44.97,6.02,49.2,751.0,idle,74.17,9.5,0
2024-01-07 14:14:09,12,Compressor,2.38,50.21,14.3,111.7,1675.6,normal,74.45,10.5,0
2024-01-07 14:20:09,12,Compressor,1.1,51.32,6.99,44.9,769.3,idle,74.55,9.3,0
2024-01-07 14:36:09,12,Compressor,3.2,69.98,21.79,148.1,854.3,peak,74.82,12.3,0
2024-01-07 14:47:09,12,Compressor,2.15,64.37,14.67,108.1,1781.6,normal,75.0,14.1,0
2024-01-07 15:05:09,12,Compressor,1.07,51.6,5.8,45.5,775.4,idle,75.3,16.6,0
2024-01-07 15:25:09,12,Compressor,2.33,58.78,15.36,113.4,1743.8,normal,75.63,10.9,0
2024-01-07 15:39:09,12,Compressor,2.28,66.48,13.02,46.0,1810.8,normal,75.87,12.5,0
2024-01-07 16:03:09,12,Compressor,1.25,61.23,14.33,104.9,1763.1,normal,76.27,10.9,0
2024-01-07 16:26:09,12,Compressor,2.48,56.56,14.48,97.1,1743.1,normal,76.65,13.8,0
2024-01-07 16:36:09,12,Compressor,2.47,60.53,15.2,102.2,1733.6,normal,76.82,9.9,0
2024-01-07 16:40:09,12,Compressor,2.14,62.6,14.11,108.3,1671.8,normal,76.88,12.9,0
2024-01-07 17:02:09,12,Compressor,1.1,50.21,6.1,46.6,757.1,idle,77.25,9.6,0
2024-01-07 17:31:09,12,Compressor,1.25,50.15,6.02,49.8,738.1,idle,77.73,15.5,0
2024-01-07 17:45:09,12,Compressor,2.39,62.61,13.68,118.9,1686.7,normal,77.97,10.6,0
2024-01-07 18:13:09,12,Compressor,2.32,53.24,15.19,100.5,1655.9,normal,78.43,16.8,0
2024-01-07 18:36:09,12,Compressor,2.12,57.45,14.31,96.0,1665.8,normal,78.82,12.0,0
2024-01-07 18:51:09,12,Compressor,0.92,49.35,5.95,46.5,724.4,idle,79.07,14.5,0
2024-01-07 18:59:09,12,Compressor,2.68,46.44,6.67,48.6,779.3,idle,79.2,8.3,0
2024-01-07 19:03:09,12,Compressor,2.47,57.97,13.38,96.2,1800.7,normal,79.27,17.0,0
2024-01-07 19:27:09,12,Compressor,1.25,50.0,6.24,49.0,765.0,idle,79.67,16.7,0
2024-01-07 19:44:09,12,Compressor,2.14,63.54,13.67,46.0,1811.2,normal,79.95,8.1,0
2024-01-07 19:53:09,12,Compressor,2.57,52.25,13.14,114.4,1770.7,normal,80.1,17.2,0
2024-01-07 20:12:09,12,Compressor,0.94,49.48,5.52,47.0,769.9,idle,80.42,10.2,0
2024-01-07 20:20:09,12,Compressor,2.42,51.18,15.48,103.9,1714.7,normal,80.55,11.2,0
2024-01-07 20:43:09,12,Compressor,3.05,58.34,19.08,161.0,2538.3,peak,80.93,15.3,0
2024-01-07 21:01:09,12,Compressor,2.39,65.55,15.49,104.6,1716.5,normal,81.23,12.0,0
2024-01-07 21:11:09,12,Compressor,2.47,61.6,13.03,111.4,1772.3,normal,81.4,8.1,0
2024-01-07 21:20:09,12,Compressor,1.25,60.56,14.71,114.7,1666.3,normal,81.55,13.4,0
2024-01-07 21:49:09,12,Compressor,2.47,59.84,13.25,111.8,1689.9,normal,82.03,14.0,0
2024-01-07 22:07:09,12,Compressor,1.01,46.25,5.66,44.0,746.3,idle,82.33,14.9,0
2024-01-07 22:28:09,12,Compressor,1.0,45.19,5.98,48.9,774.6,idle,82.68,11.7,0
2024-01-07 22:36:09,12,Compressor,1.01,47.92,6.37,43.7,779.6,idle,82.82,11.5,0
2024-01-07 23:02:09,12,Compressor,2.47,54.3,13.68,111.2,1704.9,normal,83.25,16.9,0
2024-01-07 23:22:09,12,Compressor,1.25,50.25,5.9,47.6,776.1,idle,83.58,17.1,0
2024-01-07 23:35:09,12,Compressor,1.25,45.15,6.91,46.0,721.2,idle,83.8,10.6,0
2024-01-07 23:39:09,12,Compressor,2.53,55.08,13.75,100.7,1806.0,normal,83.87,13.8,0
2024-01-07 23:43:09,12,Compressor,1.05,48.77,6.18,43.1,775.6,idle,83.93,11.8,0
2024-01-07 23:58:09,12,Compressor,1.05,46.23,6.92,49.5,759.6,idle,84.18,12.2,0
2024-01-08 00:05:09,12,Compressor,1.1,45.5,6.6,43.2,761.5,idle,84.3,11.8,0
2024-01-08 00:08:09,12,Compressor,1.08,48.29,6.64,43.1,758.0,idle,84.35,8.4,0
2024-01-08 00:14:09,12,Compressor,0.91,44.3,6.45,46.6,739.8,idle,84.45,17.9,0
2024-01-08 00:21:09,12,Compressor,1.0,49.47,6.47,42.6,760.7,idle,84.57,11.1,0
2024-01-08 00:38:09,12,Compressor,1.03,49.36,6.77,46.6,776.3,idle,84.85,14.1,0
2024-01-08 00:44:09,12,Compressor,2.59,63.53,13.9,98.6,1789.4,normal,84.95,17.6,0
2024-01-08 00:49:09,12,Compressor,0.93,45.17,6.88,46.5,737.6,idle,85.03,13.5,0
2024-01-08 01:13:09,12,Compressor,1.09,49.66,6.3,44.6,760.6,idle,85.43,17.6,0
2024-01-08 01:28:09,12,Compressor,2.47,62.82,13.49,112.4,1748.8,normal,85.68,9.0,0
2024-01-08 01:55:09,12,Compressor,1.07,49.0,5.72,44.5,764.6,idle,86.13,11.4,0
2024-01-08 02:10:09,12,Compressor,1.05,45.78,6.03,42.1,739.9,idle,86.38,8.6,0
2024-01-08 02:21:09,12,Compressor,0.91,50.98,6.5,49.8,773.5,idle,86.57,11.2,0
2024-01-08 02:38:09,12,Compressor,1.02,48.02,6.83,44.4,733.4,idle,86.85,16.9,0
2024-01-08 02:55:09,12,Compressor,2.31,50.96,13.75,97.1,1659.0,normal,87.13,8.2,0
2024-01-08 03:01:09,12,Compressor,1.01,49.67,6.38,42.6,743.7,idle,87.23,16.8,0
2024-01-08 03:05:09,12,Compressor,0.92,49.2,6.74,42.9,724.0,idle,87.3,18.0,0
2024-01-08 03:22:09,12,Compressor,0.98,46.43,5.89,43.7,739.0,idle,87.58,9.8,0
2024-01-08 03:37:09,12,Compressor,1.09,50.86,6.4,48.4,720.9,idle,87.83,12.2,0
2024-01-08 03:50:09,12,Compressor,0.92,46.34,6.47,49.1,733.9,idle,88.05,13.3,0
2024-01-08 04:05:09,12,Compressor,0.93,50.78,6.11,47.6,752.9,idle,88.3,15.6,0
2024-01-08 04:24:09,12,Compressor,2.19,62.61,14.05,102.2,1803.5,normal,88.62,14.7,0
2024-01-08 04:31:09,12,Compressor,0.9,47.24,5.95,42.4,724.8,idle,88.73,8.4,0
2024-01-08 04:40:09,12,Compressor,0.93,48.04,5.92,48.7,734.4,idle,88.88,10.0,0
2024-01-08 04:58:09,12,Compressor,1.04,45.68,5.56,44.1,770.2,idle,89.18,12.5,0
2024-01-08 05:08:09,12,Compressor,0.92,46.76,5.51,47.0,776.6,idle,89.35,13.8,0
2024-01-08 05:16:09,12,Compressor,1.25,48.62,6.18,49.8,764.2,idle,89.48,14.0,0
2024-01-08 05:22:09,12,Compressor,0.91,44.87,6.21,47.0,854.3,idle,89.58,8.5,0
2024-01-08 05:51:09,12,Compressor,1.03,48.61,6.15,46.7,775.0,idle,90.07,14.6,0
2024-01-08 05:58:09,12,Compressor,0.95,50.33,5.52,42.7,777.0,idle,90.18,8.4,0
2024-01-08 06:00:09,12,Compressor,2.45,61.4,13.84,99.6,1714.6,normal,90.22,17.8,0
2024-01-08 06:11:09,12,Compressor,2.4,61.42,13.42,106.1,1746.3,normal,90.4,13.1,0
2024-01-08 06:23:09,12,Compressor,1.09,48.4,6.37,48.1,745.1,idle,90.6,12.5,0
2024-01-08 06:41:09,12,Compressor,0.98,48.73,6.67,47.1,731.2,idle,90.9,16.4,0
2024-01-08 07:02:09,12,Compressor,2.3,59.23,14.31,103.5,1738.8,normal,91.25,10.3,0
2024-01-08 07:18:09,12,Compressor,2.44,58.42,14.13,115.0,1778.7,normal,91.52,9.2,0
2024-01-08 07:30:09,12,Compressor,3.25,74.92,18.27,151.5,2407.4,peak,91.72,9.5,0
2024-01-08 07:57:09,12,Compressor,1.07,50.05,6.53,43.7,762.5,idle,92.17,9.7,0
2024-01-08 08:17:09,12,Compressor,2.28,65.63,13.5,100.5,1813.3,normal,92.5,14.8,0
2024-01-08 08:43:09,12,Compressor,2.36,58.03,13.88,115.8,1710.0,normal,92.93,8.4,0
2024-01-08 08:54:09,12,Compressor,2.28,52.22,14.3,118.1,1812.8,normal,93.12,16.5,0
2024-01-08 09:03:09,12,Compressor,2.6,58.52,14.94,108.8,1743.2,normal,93.27,17.5,0
2024-01-08 09:33:09,12,Compressor,2.5,65.04,13.05,118.6,1789.9,normal,93.77,15.7,0
2024-01-08 09:46:09,12,Compressor,2.46,65.34,14.34,114.3,1751.8,normal,93.98,14.4,0
2024-01-08 10:04:09,12,Compressor,2.37,53.81,15.12,117.1,1815.1,normal,94.28,15.9,0
2024-01-08 10:17:09,12,Compressor,2.16,55.25,14.71,116.4,1777.7,normal,94.5,12.5,0
2024-01-08 10:20:09,12,Compressor,2.33,63.07,13.18,111.6,1651.4,normal,94.55,16.1,0
2024-01-08 10:48:09,12,Compressor,0.91,50.06,6.22,42.5,748.9,idle,95.02,9.7,0
2024-01-08 10:58:09,12,Compressor,0.91,46.77,5.74,43.8,731.7,idle,95.18,10.2,0
2024-01-08 11:13:09,12,Compressor,3.22,50.21,20.11,153.1,2568.0,peak,95.43,16.4,0
2024-01-08 11:22:09,12,Compressor,2.51,64.84,14.17,102.3,1720.6,normal,95.58,11.5,0
2024-01-08 11:44:09,12,Compressor,2.44,59.54,14.56,112.3,1806.1,normal,95.95,14.5,0
2024-01-08 11:54:09,12,Compressor,1.09,50.72,5.6,49.8,762.2,idle,96.12,11.4,0
2024-01-08 12:03:09,12,Compressor,2.45,50.42,14.2,110.7,1697.3,normal,96.27,11.6,0
2024-01-08 12:05:09,12,Compressor,0.92,48.26,6.17,42.4,751.2,idle,96.3,13.0,0
2024-01-08 12:21:09,12,Compressor,3.06,63.49,19.08,164.4,2406.9,peak,96.57,14.2,0
2024-01-08 12:24:09,12,Compressor,1.01,45.22,5.98,43.5,779.7,idle,96.62,9.2,0
2024-01-08 12:51:09,12,Compressor,2.12,59.74,14.52,114.3,1756.4,normal,97.07,14.3,0
2024-01-08 12:55:09,12,Compressor,0.95,48.78,6.96,48.8,747.2,idle,97.13,15.7,0
2024-01-08 13:15:09,12,Compressor,1.0,45.06,6.35,44.2,726.5,idle,97.47,8.0,0
2024-01-08 13:23:09,12,Compressor,2.34,50.81,13.3,100.5,1818.4,normal,97.6,9.1,0
2024-01-08 13:49:09,12,Compressor,2.5,59.75,13.58,46.0,1760.3,normal,98.03,12.2,0
2024-01-08 14:04:09,12,Compressor,2.1,67.78,14.57,119.7,1729.7,normal,98.28,9.2,0
2024-01-08 14:08:09,12,Compressor,2.41,58.31,13.02,116.2,1726.3,normal,98.35,8.3,0
2024-01-08 14:38:09,12,Compressor,2.34,56.48,14.08,113.1,1769.1,normal,98.85,10.0,0
2024-01-08 14:46:09,12,Compressor,2.5,67.54,13.98,103.5,1733.9,normal,98.98,8.1,0
2024-01-08 15:01:09,12,Compressor,1.25,63.64,6.38,100.3,1796.9,normal,99.23,9.7,0
2024-01-08 15:15:09,12,Compressor,1.25,50.61,13.49,46.0,1714.8,normal,99.47,13.7,0
2024-01-08 15:19:09,12,Compressor,3.59,50.21,18.83,156.9,2420.5,peak,99.53,15.4,0
2024-01-08 15:25:09,12,Compressor,1.06,49.02,6.95,47.5,854.3,idle,99.63,12.0,0
2024-01-08 15:34:09,12,Compressor,2.34,59.56,15.29,46.0,1750.9,normal,99.78,11.8,0
2024-01-08 15:45:09,12,Compressor,2.19,54.4,14.37,112.4,1724.0,normal,99.97,13.5,0
2024-01-08 15:51:09,12,Compressor,2.32,54.61,14.75,95.1,1737.2,normal,100.07,8.1,0
2024-01-08 16:08:09,12,Compressor,2.1,60.68,13.08,118.5,1731.2,normal,100.35,12.5,0
2024-01-08 16:29:09,12,Compressor,1.04,50.83,5.85,46.3,771.8,idle,100.7,11.0,0
2024-01-08 16:45:09,12,Compressor,3.32,62.86,19.48,152.7,2523.1,peak,100.97,10.5,0
2024-01-08 16:57:09,12,Compressor,0.91,47.32,6.34,48.3,751.8,idle,101.17,14.0,0
2024-01-08 17:19:09,12,Compressor,2.56,57.99,14.63,95.4,1690.5,normal,101.53,8.3,0
2024-01-08 17:23:09,12,Compressor,2.51,60.55,15.37,113.8,1726.4,normal,101.6,15.1,0
2024-01-08 17:25:09,12,Compressor,1.06,47.74,6.0,42.4,771.9,idle,101.63,15.6,0
2024-01-08 17:37:09,12,Compressor,2.31,62.33,13.38,115.7,1790.1,normal,101.83,12.4,0
2024-01-08 18:04:09,12,Compressor,2.34,62.1,14.3,108.8,1801.1,normal,102.28,11.6,0
2024-01-08 18:31:09,12,Compressor,2.58,56.61,13.83,102.6,1781.0,normal,102.73,10.3,0
2024-01-08 18:52:09,12,Compressor,2.46,50.79,13.22,111.2,1696.7,normal,103.08,12.7,0
2024-01-08 19:07:09,12,Compressor,2.15,50.21,15.19,104.2,1768.3,normal,103.33,9.8,0
2024-01-08 19:12:09,12,Compressor,2.55,53.05,14.52,117.7,1682.9,normal,103.42,17.5,0
2024-01-08 19:18:09,12,Compressor,1.1,46.92,5.83,48.7,748.1,idle,103.52,16.1,0
2024-01-08 19:36:09,12,Compressor,1.03,47.92,6.47,42.3,741.0,idle,103.82,11.8,0
2024-01-08 19:41:09,12,Compressor,2.43,56.31,14.94,119.0,1656.4,normal,103.9,12.1,0
2024-01-08 20:06:09,12,Compressor,2.53,53.04,15.29,118.7,1746.8,normal,104.32,9.7,0
2024-01-08 20:26:09,12,Compressor,2.34,63.65,15.3,100.8,1715.0,normal,104.65,9.9,0
2024-01-08 20:56:09,12,Compressor,2.31,65.22,13.34,110.6,1709.7,normal,105.15,12.4,0
2024-01-08 21:00:09,12,Compressor,1.08,46.72,6.97,42.1,734.4,idle,105.22,13.8,0
2024-01-08 21:13:09,12,Compressor,2.33,54.61,14.84,115.4,1768.6,normal,105.43,13.0,0
2024-01-08 21:21:09,12,Compressor,2.59,58.21,15.45,98.1,1793.8,normal,105.57,15.1,0
2024-01-08 21:50:09,12,Compressor,0.91,48.26,6.23,48.9,762.0,idle,106.05,17.3,0
2024-01-08 22:19:09,12,Compressor,0.99,50.21,6.83,42.2,772.3,idle,106.53,14.9,0
2024-01-08 22:42:09,12,Compressor,1.01,50.71,5.77,43.2,763.3,idle,106.92,9.6,0
2024-01-08 22:47:09,12,Compressor,0.96,50.21,6.53,46.9,761.9,idle,107.0,12.6,0
2024-01-08 23:05:09,12,Compressor,1.02,47.03,5.64,48.8,770.8,idle,107.3,17.1,0
2024-01-08 23:23:09,12,Compressor,0.9,50.73,6.38,44.7,744.8,idle,107.6,15.1,0
2024-01-08 23:37:09,12,Compressor,1.04,44.74,6.74,49.5,777.2,idle,107.83,13.5,0
2024-01-08 23:46:09,12,Compressor,0.92,51.36,6.35,47.8,775.8,idle,107.98,17.7,0
2024-01-08 23:58:09,12,Compressor,2.43,58.22,14.31,112.1,1810.6,normal,108.18,9.1,0
2024-01-09 00:02:09,12,Compressor,1.08,48.62,5.82,44.8,741.7,idle,108.25,15.2,0
2024-01-09 00:07:09,12,Compressor,0.96,49.97,6.75,44.6,770.8,idle,108.33,15.0,0
2024-01-09 00:25:09,12,Compressor,1.05,47.53,6.55,48.1,753.7,idle,108.63,11.6,0
2024-01-09 00:36:09,12,Compressor,2.32,51.83,13.0,118.4,1695.5,normal,108.82,12.4,0
2024-01-09 00:40:09,12,Compressor,2.43,66.98,15.05,98.1,1786.3,normal,108.88,17.4,0
2024-01-09 00:56:09,12,Compressor,1.05,46.64,6.53,48.6,737.5,idle,109.15,15.4,0
2024-01-09 01:26:09,12,Compressor,1.07,44.63,6.29,43.9,763.7,idle,109.65,15.1,0
2024-01-09 01:30:09,12,Compressor,0.93,46.73,5.69,48.5,727.9,idle,109.72,17.2,0
2024-01-09 01:53:09,12,Compressor,1.04,49.66,6.38,46.5,749.8,idle,110.1,14.0,0
2024-01-09 02:04:09,12,Compressor,2.4,66.87,13.2,115.5,1796.6,normal,110.28,11.2,0
2024-01-09 02:07:09,12,Compressor,0.93,49.25,6.55,46.4,750.2,idle,110.33,12.8,0
2024-01-09 02:35:09,12,Compressor,0.96,49.51,5.93,45.7,771.4,idle,110.8,10.5,0
2024-01-09 03:05:09,12,Compressor,0.92,48.23,6.23,45.0,755.9,idle,111.3,17.8,0
2024-01-09 03:09:09,12,Compressor,2.11,58.86,14.21,107.9,1686.1,normal,111.37,12.0,0
2024-01-09 03:13:09,12,Compressor,0.94,49.18,5.64,44.5,769.9,idle,111.43,11.9,0
2024-01-09 03:21:09,12,Compressor,0.92,47.74,6.5,43.1,738.8,idle,111.57,8.4,0
2024-01-09 03:26:09,12,Compressor,1.01,46.62,5.66,43.9,726.6,idle,111.65,12.5,0
2024-01-09 03:45:09,12,Compressor,1.1,45.91,6.3,45.4,754.1,idle,111.97,8.9,0
2024-01-09 04:03:09,12,Compressor,1.01,49.93,6.82,44.3,730.8,idle,112.27,14.5,0
2024-01-09 04:19:09,12,Compressor,1.12,51.12,6.07,46.0,759.7,idle,112.53,17.4,0
2024-01-09 04:31:09,12,Compressor,1.02,51.25,6.53,48.6,744.4,idle,112.73,11.8,0
2024-01-09 04:59:09,12,Compressor,1.1,47.34,6.64,45.5,743.3,idle,113.2,8.1,0
2024-01-09 05:03:09,12,Compressor,1.1,45.42,6.93,46.0,757.1,idle,113.27,14.7,0
2024-01-09 05:32:09,12,Compressor,1.25,49.74,6.61,49.0,769.8,idle,113.75,15.4,0
2024-01-09 05:44:09,12,Compressor,1.03,49.57,6.73,48.1,771.8,idle,113.95,9.3,0
2024-01-09 05:58:09,12,Compressor,1.15,50.45,6.68,48.5,768.4,idle,114.18,15.1,0
2024-01-09 06:27:09,12,Compressor,2.48,64.93,15.55,100.8,1653.4,normal,114.67,16.2,0
2024-01-09 06:33:09,12,Compressor,0.99,46.62,6.96,43.0,762.6,idle,114.77,8.8,0
2024-01-09 06:48:09,12,Compressor,1.17,51.99,6.21,46.0,737.0,idle,115.02,10.1,0
2024-01-09 07:14:09,12,Compressor,1.03,46.8,5.78,45.3,727.5,idle,115.45,11.0,0
2024-01-09 07:37:09,12,Compressor,1.1,52.03,6.38,47.3,765.6,idle,115.83,16.4,0
2024-01-09 08:05:09,12,Compressor,2.41,65.67,13.74,103.7,1694.6,normal,116.3,16.8,0
2024-01-09 08:22:09,12,Compressor,2.46,54.59,15.69,110.0,1722.2,normal,116.58,10.9,0
2024-01-09 08:36:09,12,Compressor,3.98,72.8,18.82,159.8,2573.3,peak,116.82,9.4,0
2024-01-09 09:02:09,12,Compressor,2.79,62.72,15.52,112.0,1809.1,normal,117.25,9.3,0
2024-01-09 09:30:09,12,Compressor,2.65,67.03,14.88,104.1,1789.2,normal,117.72,12.3,0
2024-01-09 10:00:09,12,Compressor,3.11,53.01,6.38,100.1,1673.8,normal,118.22,15.4,0
2024-01-09 10:27:09,12,Compressor,2.57,68.71,15.32,96.3,1745.3,normal,118.67,17.2,0
2024-01-09 10:37:09,12,Compressor,2.63,65.69,14.42,96.3,1778.1,normal,118.83,10.2,0
2024-01-09 11:04:09,12,Compressor,4.11,72.76,21.34,153.7,2520.2,peak,119.28,14.0,0
2024-01-09 11:17:09,12,Compressor,2.61,58.49,15.41,114.1,1786.6,normal,119.5,15.0,0
2024-01-09 11:38:09,12,Compressor,1.25,69.44,14.87,107.5,854.3,normal,119.85,10.8,0
2024-01-09 12:02:09,12,Compressor,3.14,65.06,14.64,97.2,1656.9,normal,120.25,11.2,0
2024-01-09 12:06:09,12,Compressor,1.16,49.63,5.94,48.9,767.2,idle,120.32,13.0,0
2024-01-09 12:21:09,12,Compressor,3.21,63.66,15.01,117.3,1703.6,normal,120.57,9.9,0
2024-01-09 12:30:09,12,Compressor,2.72,61.22,14.91,108.7,854.3,normal,120.72,12.3,0
2024-01-09 12:59:09,12,Compressor,3.21,66.08,14.1,108.8,1767.1,normal,121.2,15.9,0
2024-01-09 13:01:09,12,Compressor,2.71,57.86,14.73,116.1,1768.5,normal,121.23,15.8,0
2024-01-09 13:23:09,12,Compressor,1.21,50.73,6.2,45.2,744.8,idle,121.6,9.0,0
2024-01-09 13:47:09,12,Compressor,1.32,48.28,5.92,43.0,762.4,idle,122.0,12.8,0
2024-01-09 14:09:09,12,Compressor,2.8,56.91,16.06,96.7,1638.1,normal,122.37,10.2,0
2024-01-09 14:32:09,12,Compressor,3.07,56.11,15.06,103.5,1666.5,normal,122.75,12.3,0
2024-01-09 15:02:09,12,Compressor,1.49,50.27,6.77,49.0,766.2,idle,123.25,14.3,0
2024-01-09 15:28:09,12,Compressor,1.34,55.49,6.91,46.7,752.3,idle,123.68,17.5,0
2024-01-09 15:47:09,12,Compressor,3.14,61.42,15.2,103.2,1758.3,normal,124.0,14.8,0
2024-01-09 16:09:09,12,Compressor,3.1,68.23,14.07,100.4,1755.0,normal,124.37,12.3,0
2024-01-09 16:37:09,12,Compressor,1.33,54.4,7.04,44.1,714.6,idle,124.83,11.2,0
2024-01-09 17:02:09,12,Compressor,3.09,67.72,15.96,104.6,1654.6,normal,125.25,9.1,0
2024-01-09 17:29:09,12,Compressor,1.32,50.04,6.38,43.4,714.8,idle,125.7,10.3,0
2024-01-09 17:31:09,12,Compressor,3.57,65.4,15.17,106.2,1743.8,normal,125.73,15.0,0
2024-01-09 17:43:09,12,Compressor,1.25,62.02,6.38,46.0,854.3,normal,125.93,17.7,0
2024-01-09 18:05:09,12,Compressor,3.44,66.97,15.48,110.5,854.3,normal,126.3,11.1,0
2024-01-09 18:22:09,12,Compressor,3.7,61.16,15.46,112.4,1723.6,normal,126.58,10.7,0
2024-01-09 18:31:09,12,Compressor,3.73,66.42,14.93,116.1,1706.5,normal,126.73,14.5,0
2024-01-09 18:53:09,12,Compressor,1.49,53.41,6.36,47.8,714.4,idle,127.1,12.7,0
2024-01-09 19:08:09,12,Compressor,1.59,54.86,6.42,43.8,731.3,idle,127.35,12.8,0
2024-01-09 19:13:09,12,Compressor,1.57,49.1,6.6,44.0,760.0,idle,127.43,13.0,0
2024-01-09 19:26:09,12,Compressor,3.45,67.48,14.8,103.2,1677.4,normal,127.65,17.5,0
2024-01-09 19:54:09,12,Compressor,3.68,72.42,14.43,111.1,1666.5,normal,128.12,14.7,0
2024-01-09 20:22:09,12,Compressor,1.54,53.54,6.61,46.0,759.4,idle,128.58,16.0,0
2024-01-09 20:34:09,12,Compressor,3.27,70.22,15.16,103.3,1650.6,normal,128.78,17.8,0
2024-01-09 21:01:09,12,Compressor,3.87,66.07,15.89,102.9,1685.8,normal,129.23,12.7,0
2024-01-09 21:05:09,12,Compressor,5.48,79.65,22.48,160.0,2492.9,peak,129.3,9.2,0
2024-01-09 21:17:09,12,Compressor,3.7,66.21,16.54,113.8,1729.1,normal,129.5,13.6,0
2024-01-09 21:41:09,12,Compressor,3.42,73.21,15.37,118.6,1738.1,normal,129.9,14.4,0
2024-01-09 22:06:09,12,Compressor,1.43,54.06,7.36,42.4,757.2,idle,130.32,9.7,0
2024-01-09 22:08:09,12,Compressor,1.61,50.12,6.53,42.2,706.3,idle,130.35,15.9,0
2024-01-09 22:21:09,12,Compressor,1.71,55.82,6.39,42.9,709.2,idle,130.57,11.5,0
2024-01-09 22:41:09,12,Compressor,1.72,54.93,6.38,47.5,764.5,idle,130.9,8.7,0
2024-01-09 22:51:09,12,Compressor,1.25,67.32,7.26,48.0,710.8,idle,131.07,9.5,0
2024-01-09 23:05:09,12,Compressor,1.75,57.13,6.91,46.1,718.8,idle,131.3,12.0,0
2024-01-09 23:13:09,12,Compressor,1.72,53.56,6.89,46.0,717.9,idle,131.43,14.1,0
2024-01-09 23:35:09,12,Compressor,4.2,65.1,6.38,46.0,1779.2,normal,131.8,10.9,0
2024-01-09 23:50:09,12,Compressor,4.22,64.52,16.67,104.1,1716.5,normal,132.05,8.9,0
2024-01-10 00:11:09,12,Compressor,1.74,57.71,6.83,45.3,747.4,idle,132.4,10.7,0
2024-01-10 00:38:09,12,Compressor,1.64,55.91,7.3,48.7,719.2,idle,132.85,15.2,0
2024-01-10 01:08:09,12,Compressor,1.69,50.9,7.3,43.0,755.1,idle,133.35,17.3,0
2024-01-10 01:22:09,12,Compressor,1.64,52.11,7.29,43.6,726.9,idle,133.58,12.9,0
2024-01-10 01:44:09,12,Compressor,4.02,63.37,6.38,105.2,1636.1,normal,133.95,14.1,0
2024-01-10 02:02:09,12,Compressor,4.18,50.21,15.53,109.0,1768.5,normal,134.25,18.0,0
2024-01-10 02:27:09,12,Compressor,1.57,58.55,6.36,46.0,708.2,idle,134.67,11.9,0
2024-01-10 02:54:09,12,Compressor,1.9,57.71,6.13,43.7,734.7,idle,135.12,15.6,0
2024-01-10 03:00:09,12,Compressor,4.08,68.61,15.53,113.3,1667.8,normal,135.22,16.2,0
2024-01-10 03:16:09,12,Compressor,3.8,57.98,15.17,105.7,1718.8,normal,135.48,11.3,0
2024-01-10 03:22:09,12,Compressor,4.35,61.72,15.63,100.8,1767.0,normal,135.58,9.5,0
2024-01-10 03:50:09,12,Compressor,4.25,69.74,6.38,102.0,1641.7,normal,136.05,10.1,1
2024-01-10 03:57:09,12,Compressor,1.81,58.95,6.41,46.0,732.8,idle,136.17,12.9,1
2024-01-10 04:10:09,12,Compressor,1.82,56.35,6.51,47.5,717.6,idle,136.38,14.9,1
2024-01-10 04:28:09,12,Compressor,4.31,63.14,14.57,98.2,1745.6,normal,136.68,17.4,1
2024-01-10 04:33:09,12,Compressor,1.63,65.01,6.54,42.5,736.4,idle,136.77,14.9,1
2024-01-10 04:43:09,12,Compressor,1.89,59.76,7.62,42.4,716.3,idle,136.93,10.8,1
2024-01-10 05:00:09,12,Compressor,1.75,58.91,6.68,46.6,739.6,idle,137.22,12.9,1
2024-01-10 05:08:09,12,Compressor,1.72,56.61,6.17,45.8,723.0,idle,137.35,12.9,1
2024-01-10 05:37:09,12,Compressor,1.76,53.98,7.46,46.0,752.4,idle,137.83,17.1,1
2024-01-10 06:00:09,12,Compressor,1.79,54.29,6.27,47.4,719.5,idle,138.22,15.2,1
2024-01-10 06:21:09,12,Compressor,4.11,65.02,15.99,99.0,1763.1,normal,138.57,8.3,1
2024-01-10 06:30:09,12,Compressor,1.25,52.75,6.63,42.4,713.3,idle,138.72,10.6,1
2024-01-10 06:52:09,12,Compressor,4.14,71.41,16.48,96.1,1700.5,normal,139.08,8.7,1
2024-01-10 06:58:09,12,Compressor,4.78,69.83,17.15,104.5,1679.1,normal,139.18,17.8,1
2024-01-10 07:18:09,12,Compressor,4.38,75.26,15.55,119.6,1692.2,normal,139.52,17.6,1
2024-01-10 07:27:09,12,Compressor,5.84,65.74,20.85,145.8,2465.1,peak,139.67,17.0,1
2024-01-10 07:56:09,12,Compressor,1.88,58.72,7.45,49.5,705.6,idle,140.15,11.6,1
2024-01-10 08:13:09,12,Compressor,4.14,68.78,14.9,97.3,1710.9,normal,140.43,16.0,1
2024-01-10 08:22:09,12,Compressor,4.66,74.14,17.12,106.1,1762.3,normal,140.58,14.7,1
2024-01-10 08:39:09,12,Compressor,4.04,74.71,15.46,118.0,1636.9,normal,140.87,13.8,1
2024-01-10 08:45:09,12,Compressor,4.71,66.74,15.64,96.5,1716.4,normal,140.97,15.2,1
2024-01-10 09:00:09,12,Compressor,5.96,73.42,20.84,157.1,2371.5,peak,141.22,15.8,1
2024-01-10 09:06:09,12,Compressor,4.61,76.23,17.17,100.0,1615.8,normal,141.32,8.9,1
2024-01-10 09:11:09,12,Compressor,4.07,74.12,15.29,102.1,1636.6,normal,141.4,16.9,1
2024-01-10 09:20:09,12,Compressor,2.06,61.09,7.45,48.6,733.9,idle,141.55,8.5,1
2024-01-10 09:37:09,12,Compressor,4.57,72.34,14.72,96.5,1711.8,normal,141.83,11.7,1
2024-01-10 09:44:09,12,Compressor,1.88,57.3,7.5,46.6,744.3,idle,141.95,12.1,1
2024-01-10 09:54:09,12,Compressor,6.32,70.19,6.38,147.6,2331.6,peak,142.12,16.3,1
2024-01-10 10:18:09,12,Compressor,1.78,55.73,6.67,45.0,731.4,idle,142.52,9.0,1
2024-01-10 10:24:09,12,Compressor,2.06,55.17,7.49,43.1,754.4,idle,142.62,9.3,1
2024-01-10 10:53:09,12,Compressor,4.42,74.82,15.23,118.8,1732.4,normal,143.1,8.3,1
2024-01-10 11:20:09,12,Compressor,4.53,67.48,14.72,101.3,1643.2,normal,143.55,15.5,1
2024-01-10 11:23:09,12,Compressor,6.51,67.68,22.55,158.4,2392.6,peak,143.6,15.6,1
2024-01-10 11:34:09,12,Compressor,4.43,69.82,14.81,103.5,1681.9,normal,143.78,16.3,1
2024-01-10 11:43:09,12,Compressor,4.54,66.23,17.14,118.3,1730.9,normal,143.93,17.8,1
2024-01-10 12:02:09,12,Compressor,1.85,56.42,7.46,49.8,709.8,idle,144.25,17.6,1
2024-01-10 12:19:09,12,Compressor,5.15,73.49,17.56,97.3,1658.8,normal,144.53,9.2,1
2024-01-10 12:34:09,12,Compressor,2.03,59.65,7.37,49.2,743.9,idle,144.78,15.4,1
2024-01-10 12:40:09,12,Compressor,4.32,69.06,15.95,119.9,1663.5,normal,144.88,8.5,1
2024-01-10 13:01:09,12,Compressor,6.96,71.1,23.3,149.1,2433.2,peak,145.23,14.0,1
2024-01-10 13:05:09,12,Compressor,5.17,60.78,16.24,119.6,1618.7,normal,145.3,14.2,1
2024-01-10 13:21:09,12,Compressor,1.93,58.29,7.76,46.5,724.2,idle,145.57,11.0,1
2024-01-10 13:40:09,12,Compressor,4.41,77.94,15.83,101.3,1659.1,normal,145.88,15.7,1
2024-01-10 13:59:09,12,Compressor,4.78,68.96,16.82,116.7,1600.5,normal,146.2,12.4,1
2024-01-10 14:21:09,12,Compressor,4.89,68.28,14.91,115.4,1607.5,normal,146.57,15.4,1
2024-01-10 14:40:09,12,Compressor,4.52,61.8,15.47,99.4,1646.9,normal,146.88,10.2,1
2024-01-10 14:56:09,12,Compressor,5.11,61.99,17.37,103.2,1688.8,normal,147.15,10.5,1
2024-01-10 15:10:09,12,Compressor,4.45,67.66,14.93,99.1,1662.4,normal,147.38,16.4,1
2024-01-10 15:21:09,12,Compressor,5.01,63.89,17.07,99.7,1607.7,normal,147.57,16.6,1
2024-01-10 15:23:09,12,Compressor,4.8,71.08,17.77,105.5,1658.4,normal,147.6,10.3,1
2024-01-10 15:35:09,12,Compressor,1.93,61.34,6.63,48.0,745.7,idle,147.8,13.1,1
2024-01-10 16:04:09,12,Compressor,5.3,72.93,16.71,106.3,1611.1,normal,148.28,10.6,1
2024-01-10 16:27:09,12,Compressor,5.35,70.08,16.79,104.3,1619.6,normal,148.67,13.1,1
2024-01-10 16:54:09,12,Compressor,5.41,67.79,17.52,119.1,1721.7,normal,149.12,14.5,1
2024-01-10 17:12:09,12,Compressor,6.69,83.82,23.22,149.8,2324.1,peak,149.42,8.6,1
2024-01-10 17:37:09,12,Compressor,6.93,69.6,20.96,164.8,2464.9,peak,149.83,10.8,1
2024-01-10 17:57:09,12,Compressor,7.55,70.81,21.0,154.7,2446.8,peak,150.17,15.6,1
2024-01-10 18:15:09,12,Compressor,5.69,77.24,17.68,101.0,1609.1,normal,150.47,11.5,1
2024-01-10 18:19:09,12,Compressor,6.95,69.84,24.6,163.1,2362.5,peak,150.53,12.3,1
2024-01-10 18:24:09,12,Compressor,5.61,63.08,17.06,108.2,1628.6,normal,150.62,16.5,1
2024-01-10 18:32:09,12,Compressor,2.32,57.84,7.11,46.0,710.3,idle,150.75,12.5,1
2024-01-10 18:46:09,12,Compressor,5.62,77.79,15.71,106.0,1653.3,normal,150.98,14.8,1
2024-01-10 18:49:09,12,Compressor,5.13,71.26,15.34,116.8,1630.0,normal,151.03,14.6,1
2024-01-10 18:57:09,12,Compressor,2.0,61.75,7.54,49.9,731.9,idle,151.17,10.3,1
2024-01-10 19:17:09,12,Compressor,2.17,50.21,7.05,48.6,709.6,idle,151.5,8.7,1
2024-01-10 19:41:09,12,Compressor,4.77,75.71,16.19,103.5,1697.9,normal,151.9,9.0,1
2024-01-10 19:53:09,12,Compressor,5.1,64.68,16.36,115.6,1602.1,normal,152.1,10.2,1
2024-01-10 20:02:09,12,Compressor,5.38,64.98,15.33,104.5,1687.8,normal,152.25,15.3,1
2024-01-10 20:12:09,12,Compressor,2.15,60.23,7.29,48.7,736.7,idle,152.42,10.3,1
2024-01-10 20:33:09,12,Compressor,4.78,70.22,6.38,116.3,1587.7,normal,152.77,12.7,1
2024-01-10 20:50:09,12,Compressor,5.51,78.01,15.98,100.1,1655.4,normal,153.05,14.5,1
2024-01-10 21:05:09,12,Compressor,5.92,75.4,16.48,95.5,1669.4,normal,153.3,13.4,1
2024-01-10 21:35:09,12,Compressor,5.24,66.43,16.74,46.0,1584.3,normal,153.8,8.1,1
2024-01-10 21:53:09,12,Compressor,5.7,76.37,17.11,116.0,1610.5,normal,154.1,12.8,1
2024-01-10 22:07:09,12,Compressor,2.23,60.93,6.58,49.1,716.3,idle,154.33,10.7,1
2024-01-10 22:13:09,12,Compressor,2.24,50.21,7.05,44.3,713.8,idle,154.43,13.6,1
2024-01-10 22:22:09,12,Compressor,2.33,60.8,7.44,48.3,691.3,idle,154.58,16.8,1
2024-01-10 22:25:09,12,Compressor,2.48,59.18,6.93,46.8,743.9,idle,154.63,17.5,1
2024-01-10 22:45:09,12,Compressor,2.11,62.84,7.72,46.6,688.3,idle,154.97,8.2,1
2024-01-10 22:59:09,12,Compressor,2.4,58.45,6.63,47.6,727.7,idle,155.2,17.4,1
2024-01-10 23:05:09,12,Compressor,2.54,57.59,7.17,42.1,708.4,idle,155.3,12.5,1
2024-01-10 23:35:09,12,Compressor,2.37,61.95,7.13,47.8,710.9,idle,155.8,8.3,1
2024-01-10 23:52:09,12,Compressor,2.38,64.2,6.82,44.6,716.7,idle,156.08,14.6,1
2024-01-10 23:54:09,12,Compressor,2.5,61.21,6.64,49.9,854.3,idle,156.12,11.1,1
2024-01-10 23:56:09,12,Compressor,5.86,72.19,17.02,119.8,1670.5,normal,156.15,13.4,1
2024-01-11 00:17:09,12,Compressor,6.57,65.65,7.48,42.2,719.4,idle,156.5,15.9,1
2024-01-11 00:36:09,12,Compressor,5.14,73.53,17.88,108.5,1633.3,normal,156.82,17.4,1
2024-01-11 00:46:09,12,Compressor,2.6,65.5,7.15,46.0,742.4,idle,156.98,11.3,1
2024-01-11 01:11:09,12,Compressor,2.28,60.6,7.3,46.0,701.4,idle,157.4,13.4,1
2024-01-11 01:39:09,12,Compressor,2.46,50.21,7.78,46.0,690.7,idle,157.87,10.6,1
2024-01-11 01:42:09,12,Compressor,6.05,74.59,17.95,104.0,1574.1,normal,157.92,10.6,1
2024-01-11 02:12:09,12,Compressor,2.23,64.89,7.31,49.8,732.5,idle,158.42,16.9,1
2024-01-11 02:36:09,12,Compressor,2.22,65.62,6.96,45.9,713.7,idle,158.82,12.2,1
2024-01-11 02:38:09,12,Compressor,2.24,59.68,7.33,47.1,699.9,idle,158.85,9.7,1
2024-01-11 03:03:09,12,Compressor,2.5,61.83,7.72,45.4,733.1,idle,159.27,13.0,1
2024-01-11 03:24:09,12,Compressor,2.74,66.21,6.89,45.7,710.4,idle,159.62,14.8,1
2024-01-11 03:26:09,12,Compressor,2.67,61.78,7.58,46.9,690.6,idle,159.65,16.8,1
2024-01-11 03:37:09,12,Compressor,5.94,69.41,16.22,101.3,1583.7,normal,159.83,11.5,1
2024-01-11 03:40:09,12,Compressor,1.25,64.16,8.29,47.5,701.8,idle,159.88,12.8,1
2024-01-11 09:54:36,12,Compressor,2.27,59.75,15.17,100.1,1729.7,normal,0.0,11.1,0
2024-01-11 10:04:36,12,Compressor,2.35,66.76,6.38,114.5,1664.9,normal,0.17,8.5,0
2024-01-11 10:07:36,12,Compressor,0.97,48.89,6.52,49.1,755.4,idle,0.22,8.4,0
2024-01-11 10:18:36,12,Compressor,0.96,48.31,6.57,48.3,776.7,idle,0.4,10.5,0
2024-01-11 10:31:36,12,Compressor,2.2,61.9,13.5,103.0,1674.3,normal,0.62,12.6,0
2024-01-11 10:49:36,12,Compressor,1.05,51.31,5.54,48.5,734.5,idle,0.92,11.0,0
2024-01-11 11:08:36,12,Compressor,1.25,49.99,6.26,46.0,854.3,idle,1.23,11.5,0
2024-01-11 11:21:36,12,Compressor,2.4,66.76,15.12,116.9,1711.5,normal,1.45,10.8,0
2024-01-11 11:51:36,12,Compressor,2.59,65.34,13.84,117.4,1778.4,normal,1.95,14.1,0
2024-01-11 12:20:36,12,Compressor,2.46,50.11,13.06,112.4,1697.4,normal,2.43,12.2,0
2024-01-11 12:32:36,12,Compressor,2.13,55.15,15.09,106.8,1754.7,normal,2.63,8.6,0
2024-01-11 12:40:36,12,Compressor,2.5,55.82,13.03,103.1,1812.6,normal,2.77,15.0,0
2024-01-11 13:01:36,12,Compressor,2.34,60.26,14.9,97.9,1774.8,normal,3.12,8.8,0
2024-01-11 13:19:36,12,Compressor,2.25,56.99,13.67,98.8,1711.5,normal,3.42,14.7,0
2024-01-11 13:24:36,12,Compressor,0.92,50.76,5.96,47.2,737.8,idle,3.5,11.8,0
2024-01-11 13:31:36,12,Compressor,0.94,49.71,6.44,43.7,756.7,idle,3.62,11.7,0
2024-01-11 13:50:36,12,Compressor,0.9,45.42,6.59,45.3,732.2,idle,3.93,11.7,0
2024-01-11 14:02:36,12,Compressor,2.35,58.37,14.58,96.8,1789.3,normal,4.13,11.1,0
2024-01-11 14:07:36,12,Compressor,2.13,58.17,14.78,103.6,1804.7,normal,4.22,8.2,0
2024-01-11 14:36:36,12,Compressor,1.25,47.41,5.78,42.4,768.1,idle,4.7,16.5,0
2024-01-11 15:02:36,12,Compressor,2.2,54.85,13.03,95.5,1689.2,normal,5.13,8.7,0
2024-01-11 15:17:36,12,Compressor,1.07,50.25,6.65,48.6,731.2,idle,5.38,12.8,0
2024-01-11 15:44:36,12,Compressor,2.59,54.18,13.37,46.0,1740.2,normal,5.83,15.7,0
2024-01-11 16:09:36,12,Compressor,0.92,49.91,6.06,46.5,764.0,idle,6.25,16.8,0
2024-01-11 16:37:36,12,Compressor,1.08,50.55,6.31,49.9,751.8,idle,6.72,16.1,0
2024-01-11 16:59:36,12,Compressor,2.37,52.85,13.37,99.2,1750.6,normal,7.08,17.6,0
2024-01-11 17:08:36,12,Compressor,1.25,47.09,5.69,45.0,742.7,idle,7.23,9.6,0
2024-01-11 17:17:36,12,Compressor,2.41,56.99,14.05,101.8,1672.4,normal,7.38,12.6,0
2024-01-11 17:34:36,12,Compressor,2.25,50.77,13.51,103.1,1674.8,normal,7.67,11.6,0
2024-01-11 17:48:36,12,Compressor,2.43,55.05,14.54,111.1,1726.0,normal,7.9,13.1,0
2024-01-11 17:59:36,12,Compressor,2.32,60.47,13.66,95.5,1759.7,normal,8.08,13.9,0
2024-01-11 18:10:36,12,Compressor,2.4,58.57,15.19,107.7,1701.6,normal,8.27,17.5,0
2024-01-11 18:28:36,12,Compressor,2.46,67.32,14.84,117.7,854.3,normal,8.57,15.6,0
2024-01-11 18:38:36,12,Compressor,0.92,50.21,6.55,45.1,748.7,idle,8.73,8.8,0
2024-01-11 19:01:36,12,Compressor,2.23,63.25,15.11,99.0,1682.8,normal,9.12,9.9,0
2024-01-11 19:31:36,12,Compressor,0.97,46.24,6.3,48.0,767.6,idle,9.62,16.7,0
2024-01-11 20:00:36,12,Compressor,0.94,50.21,6.05,43.2,725.5,idle,10.1,10.4,0
2024-01-11 20:16:36,12,Compressor,2.22,57.09,14.47,113.1,1687.9,normal,10.37,10.7,0
2024-01-11 20:41:36,12,Compressor,1.06,44.27,6.17,47.1,737.5,idle,10.78,10.8,0
2024-01-11 20:58:36,12,Compressor,3.41,72.34,18.36,155.2,2403.8,peak,11.07,14.0,0
2024-01-11 21:22:36,12,Compressor,2.24,52.46,14.56,101.2,1698.0,normal,11.47,13.8,0
2024-01-11 21:47:36,12,Compressor,0.94,57.95,5.84,47.6,777.4,idle,11.88,17.8,0
2024-01-11 21:51:36,12,Compressor,1.0,48.8,6.73,45.8,738.1,idle,11.95,10.7,0
2024-01-11 22:19:36,12,Compressor,1.09,51.25,5.83,47.6,758.8,idle,12.42,13.3,0
2024-01-11 22:39:36,12,Compressor,2.42,64.95,14.69,108.0,1793.8,normal,12.75,8.2,0
2024-01-11 22:41:36,12,Compressor,0.95,49.43,6.55,49.0,779.9,idle,12.78,11.1,0
2024-01-11 22:53:36,12,Compressor,2.38,58.72,14.5,111.5,1771.2,normal,12.98,16.6,0
2024-01-11 23:03:36,12,Compressor,2.24,58.77,13.93,96.0,1753.6,normal,13.15,10.3,0
2024-01-11 23:30:36,12,Compressor,1.07,51.37,6.28,48.1,762.7,idle,13.6,14.4,0
2024-01-11 23:41:36,12,Compressor,0.95,44.5,6.62,44.3,753.0,idle,13.78,16.4,0
2024-01-11 23:59:36,12,Compressor,1.0,50.54,6.47,46.0,765.1,idle,14.08,8.2,0
2024-01-12 00:16:36,12,Compressor,1.1,50.91,5.82,49.7,740.4,idle,14.37,12.8,0
2024-01-12 00:39:36,12,Compressor,1.02,51.53,5.82,48.9,854.3,idle,14.75,16.1,0
2024-01-12 00:54:36,12,Compressor,1.07,50.55,5.9,45.3,765.6,idle,15.0,16.5,0
2024-01-12 01:11:36,12,Compressor,2.16,65.99,13.53,109.1,1667.9,normal,15.28,12.5,0
2024-01-12 01:14:36,12,Compressor,0.94,48.68,6.45,44.2,727.1,idle,15.33,10.7,0
2024-01-12 01:20:36,12,Compressor,1.01,50.73,5.8,47.5,743.1,idle,15.43,13.6,0
2024-01-12 01:49:36,12,Compressor,1.09,44.66,5.56,43.0,767.0,idle,15.92,9.2,0
2024-01-12 01:55:36,12,Compressor,1.08,50.58,6.58,42.5,732.8,idle,16.02,13.7,0
2024-01-12 02:06:36,12,Compressor,1.09,48.98,6.2,47.2,730.7,idle,16.2,16.1,0
2024-01-12 02:21:36,12,Compressor,1.25,49.25,6.21,45.7,769.3,idle,16.45,17.5,0
2024-01-12 02:47:36,12,Compressor,0.96,45.1,5.78,42.6,750.5,idle,16.88,14.1,0
2024-01-12 03:07:36,12,Compressor,1.04,51.47,6.63,46.7,771.8,idle,17.22,9.9,0
2024-01-12 03:20:36,12,Compressor,1.08,49.7,5.58,44.3,740.2,idle,17.43,16.4,0
2024-01-12 03:26:36,12,Compressor,1.1,47.71,6.64,48.5,759.2,idle,17.53,14.6,0
2024-01-12 03:47:36,12,Compressor,0.9,44.15,6.73,47.9,752.2,idle,17.88,12.5,0
2024-01-12 04:16:36,12,Compressor,0.95,44.69,5.75,46.6,752.8,idle,18.37,16.5,0
2024-01-12 04:45:36,12,Compressor,1.09,51.66,6.36,48.7,768.7,idle,18.85,15.9,0
2024-01-12 05:00:36,12,Compressor,1.05,47.5,6.08,44.1,776.2,idle,19.1,12.5,0
2024-01-12 05:20:36,12,Compressor,1.07,45.42,5.88,46.6,744.8,idle,19.43,14.3,0
2024-01-12 05:49:36,12,Compressor,0.94,50.33,5.5,44.8,775.8,idle,19.92,15.3,0
2024-01-12 05:57:36,12,Compressor,1.05,47.21,6.89,49.2,723.2,idle,20.05,15.3,0
2024-01-12 06:19:36,12,Compressor,0.93,47.1,6.89,48.8,722.9,idle,20.42,17.8,0
2024-01-12 06:36:36,12,Compressor,2.36,62.96,13.69,113.1,1712.8,normal,20.7,11.0,0
2024-01-12 06:46:36,12,Compressor,0.95,47.14,6.93,49.2,774.8,idle,20.87,12.8,0
2024-01-12 07:03:36,12,Compressor,3.55,58.57,21.58,149.2,2567.6,peak,21.15,17.9,0
2024-01-12 07:13:36,12,Compressor,2.37,54.32,14.0,105.8,1774.6,normal,21.32,16.0,0
2024-01-12 07:42:36,12,Compressor,1.02,50.53,6.1,48.0,767.6,idle,21.8,17.4,0
2024-01-12 07:45:36,12,Compressor,2.13,56.76,15.21,112.6,1721.1,normal,21.85,11.7,0
2024-01-12 08:10:36,12,Compressor,2.19,51.74,13.57,101.1,1713.0,normal,22.27,8.9,0
2024-01-12 08:23:36,12,Compressor,3.11,57.92,21.38,150.0,2512.3,peak,22.48,10.6,0
2024-01-12 08:34:36,12,Compressor,2.2,58.85,13.69,97.2,1817.0,normal,22.67,16.3,0
2024-01-12 08:55:36,12,Compressor,0.99,47.14,5.8,46.0,758.1,idle,23.02,16.8,0
2024-01-12 09:07:36,12,Compressor,2.25,58.65,13.59,46.0,1783.8,normal,23.22,11.2,0
2024-01-12 09:20:36,12,Compressor,2.13,59.32,14.0,96.8,1809.9,normal,23.43,14.3,0
2024-01-12 09:37:36,12,Compressor,2.23,60.16,13.93,101.8,1739.6,normal,23.72,17.1,0
2024-01-12 10:02:36,12,Compressor,2.44,64.14,14.58,108.2,1782.1,normal,24.13,11.6,0
2024-01-12 10:27:36,12,Compressor,2.36,67.54,14.32,102.9,1725.9,normal,24.55,14.7,0
2024-01-12 10:44:36,12,Compressor,2.34,55.1,13.4,105.8,1802.5,normal,24.83,16.3,0
2024-01-12 11:10:36,12,Compressor,0.95,46.89,6.64,42.7,769.5,idle,25.27,10.1,0
2024-01-12 11:38:36,12,Compressor,2.46,59.9,13.52,97.3,1689.4,normal,25.73,10.7,0
2024-01-12 11:45:36,12,Compressor,2.48,50.21,14.84,108.2,1811.6,normal,25.85,17.0,0
2024-01-12 11:57:36,12,Compressor,6.61,61.81,13.09,102.2,1702.4,normal,26.05,13.7,0
2024-01-12 12:09:36,12,Compressor,3.21,62.79,21.76,159.8,2538.4,peak,26.25,15.8,0
2024-01-12 12:32:36,12,Compressor,2.31,56.08,13.3,106.3,1684.9,normal,26.63,12.7,0
2024-01-12 12:57:36,12,Compressor,2.3,52.82,13.86,96.1,1651.0,normal,27.05,13.3,0
2024-01-12 13:21:36,12,Compressor,1.07,49.13,6.38,46.1,763.6,idle,27.45,9.4,0
2024-01-12 13:35:36,12,Compressor,2.47,50.21,13.61,114.6,1818.5,normal,27.68,14.7,0
2024-01-12 14:05:36,12,Compressor,2.11,56.73,14.09,115.5,1652.3,normal,28.18,8.6,0
2024-01-12 14:29:36,12,Compressor,2.4,66.07,13.37,46.0,1820.0,normal,28.58,17.9,0
2024-01-12 14:57:36,12,Compressor,3.5,68.95,19.6,162.1,2584.6,peak,29.05,9.6,0
2024-01-12 15:27:36,12,Compressor,2.47,57.17,14.46,97.5,1676.9,normal,29.55,12.3,0
2024-01-12 15:41:36,12,Compressor,2.49,50.53,13.12,107.7,1679.0,normal,29.78,12.1,0
2024-01-12 15:56:36,12,Compressor,0.96,47.19,6.28,44.3,749.0,idle,30.03,13.4,0
2024-01-12 16:23:36,12,Compressor,2.29,51.46,15.17,102.0,1753.6,normal,30.48,15.8,0
2024-01-12 16:38:36,12,Compressor,1.01,50.21,5.54,48.9,854.3,idle,30.73,11.1,0
2024-01-12 16:57:36,12,Compressor,2.31,63.73,13.08,114.1,1719.5,normal,31.05,17.0,0
2024-01-12 17:18:36,12,Compressor,3.33,70.05,20.19,146.2,2545.7,peak,31.4,16.0,0
2024-01-12 17:29:36,12,Compressor,2.49,58.31,14.1,101.3,1759.5,normal,31.58,11.6,0
2024-01-12 17:32:36,12,Compressor,1.25,68.12,21.09,161.8,2445.2,peak,31.63,14.0,0
2024-01-12 17:46:36,12,Compressor,0.98,47.49,6.34,42.4,755.3,idle,31.87,12.3,0
2024-01-12 17:55:36,12,Compressor,2.14,64.52,15.41,102.2,1736.1,normal,32.02,16.7,0
2024-01-12 18:11:36,12,Compressor,1.06,46.52,5.74,47.9,761.9,idle,32.28,10.6,0
2024-01-12 18:21:36,12,Compressor,2.38,50.21,15.39,116.5,1699.8,normal,32.45,12.2,0
2024-01-12 18:32:36,12,Compressor,1.25,65.04,14.63,104.9,1719.7,normal,32.63,8.6,0
2024-01-12 18:37:36,12,Compressor,2.53,52.94,15.36,110.8,1784.5,normal,32.72,17.4,0
2024-01-12 18:52:36,12,Compressor,2.29,60.56,14.87,105.9,1733.0,normal,32.97,8.2,0
2024-01-12 19:20:36,12,Compressor,1.02,44.51,6.79,48.9,736.9,idle,33.43,16.0,0
2024-01-12 19:32:36,12,Compressor,2.54,63.41,14.21,103.7,1717.9,normal,33.63,11.4,0
2024-01-12 19:37:36,12,Compressor,2.37,57.43,14.05,100.1,1770.3,normal,33.72,8.7,0
2024-01-12 19:52:36,12,Compressor,2.4,67.85,13.35,97.8,1737.7,normal,33.97,13.3,0
2024-01-12 20:09:36,12,Compressor,2.18,60.99,13.49,107.1,1753.9,normal,34.25,9.4,0
2024-01-12 20:12:36,12,Compressor,2.33,55.76,14.96,116.4,1697.3,normal,34.3,8.5,0
2024-01-12 20:30:36,12,Compressor,2.51,57.05,14.22,100.8,1756.4,normal,34.6,10.2,0
2024-01-12 20:59:36,12,Compressor,0.92,48.73,6.98,48.0,773.7,idle,35.08,16.2,0
2024-01-12 21:19:36,12,Compressor,2.33,52.56,13.72,96.2,1735.3,normal,35.42,10.1,0
2024-01-12 21:45:36,12,Compressor,2.42,57.64,14.41,103.0,1664.6,normal,35.85,10.3,0
2024-01-12 22:13:36,12,Compressor,2.32,50.21,15.46,103.7,1765.2,normal,36.32,13.7,0
2024-01-12 22:37:36,12,Compressor,1.06,46.68,6.89,44.7,778.2,idle,36.72,15.8,0
2024-01-12 22:58:36,12,Compressor,0.9,49.07,6.68,44.2,727.0,idle,37.07,13.5,0
2024-01-12 23:02:36,12,Compressor,0.9,44.6,6.31,48.7,723.8,idle,37.13,14.7,0
2024-01-12 23:24:36,12,Compressor,0.92,44.04,5.92,49.4,736.6,idle,37.5,14.1,0
2024-01-12 23:29:36,12,Compressor,0.99,45.43,5.67,43.5,732.6,idle,37.58,14.9,0
2024-01-12 23:49:36,12,Compressor,0.93,50.33,6.22,46.3,742.5,idle,37.92,12.2,0
2024-01-12 23:59:36,12,Compressor,0.94,44.75,5.61,43.5,854.3,idle,38.08,8.7,0
2024-01-13 00:04:36,12,Compressor,0.94,46.84,6.36,46.1,760.0,idle,38.17,13.5,0
2024-01-13 00:25:36,12,Compressor,2.2,59.43,14.92,104.7,1815.2,normal,38.52,10.6,0
2024-01-13 00:38:36,12,Compressor,1.02,49.4,6.19,48.9,747.1,idle,38.73,9.0,0
2024-01-13 00:42:36,12,Compressor,1.09,46.46,6.8,47.1,767.9,idle,38.8,8.3,0
2024-01-13 00:50:36,12,Compressor,0.91,46.22,6.77,44.5,762.8,idle,38.93,13.6,0
2024-01-13 01:20:36,12,Compressor,1.1,45.42,6.13,43.3,729.3,idle,39.43,8.6,0
2024-01-13 01:33:36,12,Compressor,1.03,45.53,6.22,49.8,740.0,idle,39.65,11.8,0
2024-01-13 01:48:36,12,Compressor,1.07,47.17,5.89,44.7,727.7,idle,39.9,14.5,0
2024-01-13 01:58:36,12,Compressor,1.04,48.07,6.42,44.4,759.2,idle,40.07,13.7,0
2024-01-13 02:09:36,12,Compressor,0.93,49.22,5.62,45.2,756.6,idle,40.25,13.6,0
2024-01-13 02:17:36,12,Compressor,1.07,50.5,6.29,49.1,750.4,idle,40.38,11.6,0
2024-01-13 02:46:36,12,Compressor,1.25,49.76,6.82,46.8,776.6,idle,40.87,16.9,0
2024-01-13 02:57:36,12,Compressor,2.22,66.64,13.55,108.2,1785.3,normal,41.05,13.3,0
2024-01-13 03:08:36,12,Compressor,1.06,46.23,6.98,42.6,722.1,idle,41.23,12.7,0
2024-01-13 03:25:36,12,Compressor,1.07,50.55,6.57,48.8,728.2,idle,41.52,14.3,0
2024-01-13 03:47:36,12,Compressor,0.92,51.76,6.44,49.4,774.4,idle,41.88,8.5,0
2024-01-13 03:56:36,12,Compressor,1.03,49.03,6.04,43.2,761.2,idle,42.03,17.8,0
2024-01-13 04:03:36,12,Compressor,2.51,59.8,13.13,98.6,1667.3,normal,42.15,12.7,0
2024-01-13 04:09:36,12,Compressor,1.03,48.52,6.2,46.4,736.6,idle,42.25,8.8,0
2024-01-13 04:25:36,12,Compressor,1.06,46.63,6.47,45.1,724.3,idle,42.52,16.1,0
2024-01-13 04:39:36,12,Compressor,0.95,51.72,5.79,42.8,737.5,idle,42.75,8.5,0
2024-01-13 05:07:36,12,Compressor,1.08,46.45,6.13,44.5,779.3,idle,43.22,10.0,0
2024-01-13 05:22:36,12,Compressor,1.1,47.86,6.68,43.8,742.5,idle,43.47,14.1,0
2024-01-13 05:32:36,12,Compressor,2.44,55.15,13.56,118.1,1691.5,normal,43.63,14.5,0
2024-01-13 05:43:36,12,Compressor,0.91,50.01,5.86,45.6,726.7,idle,43.82,15.0,0
2024-01-13 05:52:36,12,Compressor,0.91,47.68,6.01,46.0,778.0,idle,43.97,9.4,0
2024-01-13 06:11:36,12,Compressor,0.98,48.82,5.65,49.1,768.4,idle,44.28,15.6,0
2024-01-13 06:28:36,12,Compressor,2.36,53.3,14.06,102.4,1819.1,normal,44.57,10.4,0
2024-01-13 06:46:36,12,Compressor,1.0,47.38,5.75,43.9,762.7,idle,44.87,13.3,0
2024-01-13 07:14:36,12,Compressor,2.37,56.44,13.74,100.0,1655.8,normal,45.33,13.9,0
2024-01-13 07:41:36,12,Compressor,2.59,63.56,15.32,105.3,1797.8,normal,45.78,13.3,0
2024-01-13 07:56:36,12,Compressor,2.23,59.18,13.51,114.3,1734.6,normal,46.03,13.1,0
2024-01-13 08:13:36,12,Compressor,2.37,65.47,14.85,119.2,1718.9,normal,46.32,15.9,0
2024-01-13 08:27:36,12,Compressor,1.25,67.31,19.81,153.4,2468.1,peak,46.55,8.8,0
2024-01-13 08:38:36,12,Compressor,2.52,59.6,14.52,100.1,1692.8,normal,46.73,11.8,0
2024-01-13 09:07:36,12,Compressor,0.97,47.72,5.57,49.1,774.2,idle,47.22,9.7,0
2024-01-13 09:21:36,12,Compressor,1.03,46.53,6.08,47.9,737.2,idle,47.45,17.6,0
2024-01-13 09:35:36,12,Compressor,2.4,66.31,14.03,109.7,1807.9,normal,47.68,16.3,0
2024-01-13 09:46:36,12,Compressor,1.25,63.67,14.89,118.2,1796.0,normal,47.87,11.2,0
2024-01-13 09:55:36,12,Compressor,2.47,61.46,13.6,111.8,1697.0,normal,48.02,13.1,0
2024-01-13 10:01:36,12,Compressor,2.32,62.77,14.69,105.0,1681.0,normal,48.12,8.2,0
2024-01-13 10:05:36,12,Compressor,1.0,46.16,5.88,44.6,762.4,idle,48.18,8.1,0
2024-01-13 10:32:36,12,Compressor,2.35,56.72,15.25,112.7,1734.1,normal,48.63,8.7,0
2024-01-13 10:53:36,12,Compressor,0.98,50.55,5.76,47.3,721.3,idle,48.98,10.8,0
2024-01-13 11:20:36,12,Compressor,0.9,51.45,6.27,44.5,767.7,idle,49.43,12.6,0
2024-01-13 11:27:36,12,Compressor,1.25,50.62,13.09,116.4,1744.6,normal,49.55,12.4,0
2024-01-13 11:32:36,12,Compressor,2.54,62.5,14.18,99.0,1716.3,normal,49.63,12.0,0
2024-01-13 11:59:36,12,Compressor,2.49,54.21,14.78,101.2,1728.8,normal,50.08,8.3,0
2024-01-13 12:19:36,12,Compressor,2.14,58.19,14.53,109.1,1719.1,normal,50.42,10.1,0
2024-01-13 12:23:36,12,Compressor,0.97,46.2,6.65,48.3,749.0,idle,50.48,8.3,0
2024-01-13 12:28:36,12,Compressor,1.25,49.1,6.34,47.3,738.4,idle,50.57,13.1,0
2024-01-13 12:41:36,12,Compressor,2.49,55.7,14.05,98.3,1795.4,normal,50.78,16.4,0
2024-01-13 13:11:36,12,Compressor,2.42,54.24,15.13,112.6,1725.2,normal,51.28,10.2,0
2024-01-13 13:14:36,12,Compressor,1.1,50.21,5.65,47.9,765.4,idle,51.33,15.2,0
2024-01-13 13:38:36,12,Compressor,2.13,64.75,14.94,118.2,1670.2,normal,51.73,14.6,0
2024-01-13 13:54:36,12,Compressor,2.4,53.95,14.0,101.6,1726.4,normal,52.0,9.9,0
2024-01-13 14:24:36,12,Compressor,3.07,61.07,18.28,154.8,2459.3,peak,52.5,11.6,0
2024-01-13 14:26:36,12,Compressor,1.02,47.65,5.87,42.8,765.2,idle,52.53,18.0,0
2024-01-13 14:28:36,12,Compressor,2.42,50.21,6.38,46.0,854.3,normal,52.57,9.0,0
2024-01-13 14:52:36,12,Compressor,3.5,72.64,20.29,162.7,2405.8,peak,52.97,16.5,0
2024-01-13 15:08:36,12,Compressor,2.57,51.03,14.61,103.7,1656.7,normal,53.23,10.1,0
2024-01-13 15:36:36,12,Compressor,2.56,52.44,15.13,103.3,1776.0,normal,53.7,16.1,0
2024-01-13 15:59:36,12,Compressor,2.23,60.5,15.0,109.2,1702.1,normal,54.08,16.4,0
2024-01-13 16:28:36,12,Compressor,2.22,53.15,15.1,110.3,1736.5,normal,54.57,14.6,0
2024-01-13 16:39:36,12,Compressor,2.22,57.81,14.55,96.8,1711.3,normal,54.75,12.1,0
2024-01-13 16:43:36,12,Compressor,0.95,49.17,6.41,44.4,722.5,idle,54.82,17.8,0
2024-01-13 17:04:36,12,Compressor,0.94,45.28,6.35,43.4,748.9,idle,55.17,17.2,0
2024-01-13 17:11:36,12,Compressor,3.37,72.59,18.98,148.7,2434.7,peak,55.28,14.8,0
2024-01-13 17:21:36,12,Compressor,2.28,61.69,14.68,100.3,1672.3,normal,55.45,8.0,0
2024-01-13 17:25:36,12,Compressor,2.32,52.54,15.03,97.1,1777.9,normal,55.52,11.8,0
2024-01-13 17:35:36,12,Compressor,0.91,50.46,6.44,44.6,744.3,idle,55.68,13.9,0
2024-01-13 17:49:36,12,Compressor,2.44,53.34,15.23,107.1,1779.2,normal,55.92,17.2,0
2024-01-13 18:01:36,12,Compressor,1.0,47.62,6.2,44.9,764.0,idle,56.12,17.8,0
2024-01-13 18:11:36,12,Compressor,2.52,65.38,13.3,114.0,1684.0,normal,56.28,13.4,0
2024-01-13 18:14:36,12,Compressor,0.9,46.2,5.94,48.5,764.5,idle,56.33,16.3,0
2024-01-13 18:18:36,12,Compressor,2.14,55.87,13.63,109.9,1742.1,normal,56.4,13.6,0
2024-01-13 18:47:36,12,Compressor,2.44,66.39,14.05,111.4,1806.1,normal,56.88,15.9,0
2024-01-13 18:58:36,12,Compressor,2.37,55.55,14.01,113.9,1772.4,normal,57.07,8.8,0
2024-01-13 19:10:36,12,Compressor,1.05,49.95,6.88,48.1,771.3,idle,57.27,17.2,0
2024-01-13 19:34:36,12,Compressor,2.39,50.21,15.42,116.8,1782.2,normal,57.67,17.4,0
2024-01-13 19:55:36,12,Compressor,3.41,62.17,20.19,146.1,2483.2,peak,58.02,16.9,0
2024-01-13 20:23:36,12,Compressor,2.16,63.12,15.23,99.3,1691.8,normal,58.48,8.6,0
2024-01-13 20:29:36,12,Compressor,2.53,60.54,14.47,109.1,1687.1,normal,58.58,14.0,0
2024-01-13 20:37:36,12,Compressor,0.95,51.6,6.59,42.7,733.4,idle,58.72,15.0,0
2024-01-13 20:47:36,12,Compressor,1.03,46.27,5.88,43.6,731.1,idle,58.88,17.8,0
2024-01-13 21:04:36,12,Compressor,3.37,73.12,19.44,147.4,2424.9,peak,59.17,14.1,0
2024-01-13 21:19:36,12,Compressor,2.57,59.52,14.17,117.3,1736.2,normal,59.42,11.3,0
2024-01-13 21:37:36,12,Compressor,1.0,51.41,6.21,45.1,754.9,idle,59.72,11.3,0
2024-01-13 21:43:36,12,Compressor,2.59,67.35,14.94,107.5,1799.8,normal,59.82,11.5,0
2024-01-13 22:11:36,12,Compressor,0.98,49.12,5.77,47.3,736.6,idle,60.28,9.8,0
2024-01-13 22:25:36,12,Compressor,2.49,57.45,14.0,113.7,1722.3,normal,60.52,15.6,0
2024-01-13 22:39:36,12,Compressor,1.04,50.84,5.71,45.8,776.7,idle,60.75,10.6,0
2024-01-13 23:04:36,12,Compressor,1.06,51.79,6.79,44.5,730.8,idle,61.17,12.2,0
2024-01-13 23:09:36,12,Compressor,0.94,45.74,5.61,49.2,750.1,idle,61.25,15.6,0
2024-01-13 23:21:36,12,Compressor,2.15,63.73,13.81,96.8,1682.3,normal,61.45,16.8,0
2024-01-13 23:46:36,12,Compressor,1.03,50.35,5.88,46.6,720.0,idle,61.87,13.0,0
2024-01-01 00:00:00,20,Robotic Arm,0.37,30.07,2.42,17.5,149.8,idle,244.18,12.3,0
2024-01-01 00:06:00,20,Robotic Arm,0.4,32.04,2.31,14.3,146.6,idle,244.28,17.6,0
2024-01-01 00:33:00,20,Robotic Arm,0.41,34.45,2.38,17.1,145.6,idle,244.73,17.2,0
2024-01-01 00:52:00,20,Robotic Arm,0.45,34.01,2.4,46.0,151.6,idle,245.05,14.9,0
2024-01-01 01:08:00,20,Robotic Arm,0.4,32.78,2.33,19.3,148.2,idle,245.31,11.0,0
2024-01-01 01:23:00,20,Robotic Arm,0.45,34.49,2.34,18.0,152.4,idle,245.56,17.2,0
2024-01-01 01:36:00,20,Robotic Arm,0.41,29.21,2.5,17.1,146.6,idle,245.78,16.9,0
2024-01-01 01:39:00,20,Robotic Arm,0.43,34.31,2.2,18.8,153.5,idle,245.83,17.5,0
2024-01-01 01:56:00,20,Robotic Arm,0.36,31.12,2.37,15.2,150.4,idle,246.11,12.5,0
2024-01-01 02:07:00,20,Robotic Arm,0.4,31.84,2.26,17.5,148.8,idle,246.3,17.8,0
2024-01-01 02:17:00,20,Robotic Arm,0.94,39.3,5.71,47.6,364.7,normal,246.46,13.4,0
2024-01-01 02:29:00,20,Robotic Arm,0.44,29.52,2.38,16.7,151.9,idle,246.66,16.0,0
2024-01-01 02:45:00,20,Robotic Arm,0.37,33.9,2.33,16.9,150.4,idle,246.93,10.9,0
2024-01-01 03:12:00,20,Robotic Arm,0.38,32.3,2.6,19.3,158.9,idle,247.38,13.6,0
2024-01-01 03:19:00,20,Robotic Arm,0.39,29.33,2.21,14.3,155.9,idle,247.5,9.1,0
2024-01-01 03:36:00,20,Robotic Arm,0.39,32.57,2.42,19.9,155.7,idle,247.78,13.1,0
2024-01-01 03:49:00,20,Robotic Arm,1.25,50.21,6.38,43.1,854.3,normal,248.0,16.6,0
2024-01-01 04:14:00,20,Robotic Arm,0.4,33.96,2.49,15.1,153.8,idle,248.41,13.2,0
2024-01-01 04:23:00,20,Robotic Arm,0.37,30.95,2.56,14.4,159.4,idle,248.56,14.8,0
2024-01-01 04:30:00,20,Robotic Arm,0.97,37.28,5.58,47.0,345.6,normal,248.68,8.5,0
2024-01-01 04:41:00,20,Robotic Arm,0.35,30.93,2.43,18.5,854.3,idle,248.86,11.7,0
2024-01-01 05:11:00,20,Robotic Arm,0.4,29.17,2.37,19.8,159.7,idle,249.36,8.7,0
2024-01-01 05:28:00,20,Robotic Arm,0.45,30.54,2.48,19.2,152.6,idle,249.65,17.8,0
2024-01-01 05:55:00,20,Robotic Arm,0.4,33.06,2.4,46.0,151.8,idle,250.1,12.8,0
2024-01-01 06:09:00,20,Robotic Arm,0.42,33.95,2.38,16.9,158.8,idle,250.33,12.5,0
2024-01-01 06:28:00,20,Robotic Arm,1.16,41.17,5.98,38.7,358.7,normal,250.65,8.4,0
2024-01-01 06:57:00,20,Robotic Arm,0.86,40.84,5.46,42.4,367.1,normal,251.13,15.2,0
2024-01-01 07:00:00,20,Robotic Arm,1.13,42.59,5.46,47.9,369.2,normal,251.18,10.7,0
2024-01-01 07:08:00,20,Robotic Arm,3.21,44.21,5.54,39.3,367.3,normal,251.31,15.9,0
2024-01-01 07:24:00,20,Robotic Arm,1.14,42.3,5.28,45.9,356.6,normal,251.58,8.2,0
2024-01-01 07:26:00,20,Robotic Arm,0.99,37.23,5.69,46.6,355.8,normal,251.61,9.3,0
2024-01-01 07:30:00,20,Robotic Arm,0.44,29.31,2.42,16.6,149.8,idle,251.68,16.8,0
2024-01-01 07:37:00,20,Robotic Arm,0.91,37.68,5.91,46.0,365.7,normal,251.8,13.4,0
2024-01-01 07:40:00,20,Robotic Arm,0.43,30.13,2.39,16.7,158.5,idle,251.85,14.1,0
2024-01-01 07:53:00,20,Robotic Arm,1.19,40.69,5.62,46.4,349.2,normal,252.06,17.3,0
2024-01-01 08:08:00,20,Robotic Arm,0.39,28.91,2.43,19.8,150.2,idle,252.31,12.9,0
2024-01-01 08:27:00,20,Robotic Arm,1.37,45.46,5.83,45.4,362.8,normal,252.63,11.8,0
2024-01-01 08:31:00,20,Robotic Arm,1.04,45.82,5.98,39.0,343.8,normal,252.7,11.7,0
2024-01-01 08:41:00,20,Robotic Arm,0.35,32.91,2.23,17.1,155.3,idle,252.86,8.5,0
2024-01-01 08:55:00,20,Robotic Arm,1.18,50.21,5.97,46.0,358.6,normal,253.1,15.3,0
2024-01-01 09:05:00,20,Robotic Arm,0.41,29.93,2.32,18.4,149.7,idle,253.26,12.3,0
2024-01-01 09:27:00,20,Robotic Arm,0.98,47.79,5.27,41.1,365.2,normal,253.63,14.8,0
2024-01-01 09:30:00,20,Robotic Arm,0.37,29.8,2.26,17.5,145.0,idle,253.68,17.8,0
2024-01-01 09:54:00,20,Robotic Arm,1.33,39.88,5.6,40.5,341.3,normal,254.08,8.6,0
2024-01-01 10:07:00,20,Robotic Arm,1.38,46.45,5.42,39.0,353.5,normal,254.3,18.0,0
2024-01-01 10:19:00,20,Robotic Arm,0.41,31.99,2.57,18.0,154.2,idle,254.5,10.5,0
2024-01-01 10:36:00,20,Robotic Arm,0.36,31.67,2.42,17.8,147.4,idle,254.78,12.8,0
2024-01-01 10:46:00,20,Robotic Arm,1.38,42.44,5.53,44.6,344.3,normal,254.95,14.5,0
2024-01-01 11:13:00,20,Robotic Arm,1.09,44.37,5.95,42.5,358.9,normal,255.4,11.6,0
2024-01-01 11:22:00,20,Robotic Arm,1.09,41.81,5.6,45.0,359.6,normal,255.55,12.4,0
2024-01-01 11:49:00,20,Robotic Arm,0.35,28.58,2.5,15.0,156.5,idle,256.0,12.9,0
2024-01-01 11:52:00,20,Robotic Arm,0.43,34.54,2.53,17.2,148.2,idle,256.05,8.1,0
2024-01-01 12:10:00,20,Robotic Arm,0.92,46.36,5.51,38.5,350.4,normal,256.35,17.1,0
2024-01-01 12:13:00,20,Robotic Arm,1.33,42.31,5.71,40.5,340.6,normal,256.4,14.0,0
2024-01-01 12:40:00,20,Robotic Arm,1.35,35.96,6.0,46.7,343.5,normal,256.85,12.7,0
2024-01-01 12:49:00,20,Robotic Arm,0.45,33.66,2.54,18.9,158.9,idle,257.0,13.1,0
2024-01-01 13:11:00,20,Robotic Arm,1.25,41.84,5.2,40.8,358.0,normal,257.36,9.9,0
2024-01-01 13:23:00,20,Robotic Arm,0.38,30.87,2.24,19.9,146.7,idle,257.56,17.5,0
2024-01-01 13:31:00,20,Robotic Arm,1.52,49.6,8.12,60.2,494.1,peak,257.7,14.5,0
2024-01-01 13:46:00,20,Robotic Arm,1.36,39.46,5.45,47.5,366.6,normal,257.95,11.9,0
2024-01-01 13:48:00,20,Robotic Arm,1.11,50.21,5.3,46.0,361.8,normal,257.98,17.8,0
2024-01-01 13:51:00,20,Robotic Arm,0.91,44.63,5.92,38.6,352.3,normal,258.03,16.0,0
2024-01-01 14:13:00,20,Robotic Arm,1.25,45.53,5.3,39.5,351.5,normal,258.4,12.5,0
2024-01-01 14:30:00,20,Robotic Arm,1.32,47.83,5.64,39.6,367.1,normal,258.68,12.0,0
2024-01-01 14:58:00,20,Robotic Arm,0.94,39.78,5.79,38.6,354.5,normal,259.15,10.4,0
2024-01-01 15:13:00,20,Robotic Arm,0.39,34.62,2.42,19.3,146.3,idle,259.4,14.4,0
2024-01-01 15:28:00,20,Robotic Arm,1.16,44.0,5.32,46.5,366.4,normal,259.65,15.1,0
2024-01-01 15:30:00,20,Robotic Arm,1.22,41.76,5.76,40.9,343.3,normal,259.68,11.8,0
2024-01-01 15:45:00,20,Robotic Arm,1.15,41.27,5.54,39.9,345.7,normal,259.93,11.4,0
2024-01-01 16:05:00,20,Robotic Arm,0.45,34.49,2.3,14.4,149.9,idle,260.26,15.4,0
2024-01-01 16:25:00,20,Robotic Arm,1.31,37.9,5.99,40.0,356.7,normal,260.6,13.7,0
2024-01-01 16:33:00,20,Robotic Arm,1.8,43.69,7.7,60.9,511.6,peak,260.73,10.7,0
2024-01-01 16:57:00,20,Robotic Arm,1.24,42.66,5.54,45.9,344.2,normal,261.13,14.5,0
2024-01-01 17:11:00,20,Robotic Arm,0.98,45.26,5.42,39.4,365.3,normal,261.36,14.2,0
2024-01-01 17:18:00,20,Robotic Arm,0.43,32.47,2.46,18.0,156.0,idle,261.48,12.4,0
2024-01-01 17:42:00,20,Robotic Arm,1.02,46.25,5.41,42.1,355.3,normal,261.88,9.5,0
2024-01-01 18:04:00,20,Robotic Arm,1.29,40.63,5.61,46.5,370.0,normal,262.25,17.4,0
2024-01-01 18:16:00,20,Robotic Arm,1.74,45.92,7.61,62.0,507.5,peak,262.45,12.5,0
2024-01-01 18:27:00,20,Robotic Arm,0.4,33.07,2.23,20.0,152.3,idle,262.63,9.1,0
2024-01-01 18:37:00,20,Robotic Arm,0.41,31.73,2.42,18.7,146.1,idle,262.8,18.0,0
2024-01-01 19:06:00,20,Robotic Arm,1.36,39.46,5.7,38.6,354.7,normal,263.28,14.3,0
2024-01-01 19:27:00,20,Robotic Arm,1.3,39.07,5.49,44.4,342.1,normal,263.63,11.8,0
2024-01-01 19:36:00,20,Robotic Arm,1.06,45.16,5.74,43.5,357.6,normal,263.78,10.7,0
2024-01-01 19:56:00,20,Robotic Arm,0.99,47.31,6.0,39.6,342.3,normal,264.11,15.1,0
2024-01-01 20:10:00,20,Robotic Arm,0.37,30.21,2.48,46.0,145.8,idle,264.35,8.8,0
2024-01-01 20:25:00,20,Robotic Arm,1.13,42.75,5.31,38.9,352.6,normal,264.6,9.2,0
2024-01-01 20:55:00,20,Robotic Arm,0.43,29.16,2.25,19.0,148.8,idle,265.1,10.5,0
2024-01-01 21:03:00,20,Robotic Arm,0.92,46.78,5.51,42.2,369.1,normal,265.23,15.9,0
2024-01-01 21:10:00,20,Robotic Arm,1.24,46.85,5.44,44.1,354.0,normal,265.35,10.7,0
2024-01-01 21:19:00,20,Robotic Arm,1.4,41.31,5.75,40.0,344.2,normal,265.5,15.4,0
2024-01-01 21:33:00,20,Robotic Arm,0.9,42.44,5.9,46.7,342.1,normal,265.73,10.7,0
2024-01-01 21:46:00,20,Robotic Arm,0.43,34.16,2.52,14.2,155.6,idle,265.95,9.0,0
2024-01-01 21:57:00,20,Robotic Arm,1.25,50.21,6.38,44.7,854.3,normal,266.13,10.7,0
2024-01-01 22:02:00,20,Robotic Arm,0.36,34.45,2.49,19.7,157.1,idle,266.21,16.8,0
2024-01-01 22:24:00,20,Robotic Arm,0.37,32.9,2.42,15.7,158.0,idle,266.58,13.5,0
2024-01-01 22:36:00,20,Robotic Arm,1.28,36.67,5.66,45.7,344.8,normal,266.78,14.1,0
2024-01-01 22:49:00,20,Robotic Arm,0.45,32.23,2.54,17.3,149.6,idle,267.0,11.0,0
2024-01-01 23:15:00,20,Robotic Arm,0.43,31.13,2.43,17.4,145.9,idle,267.43,12.9,0
2024-01-01 23:43:00,20,Robotic Arm,0.38,30.33,2.22,14.6,153.6,idle,267.9,13.7,0
2024-01-01 23:59:00,20,Robotic Arm,0.38,31.51,2.39,17.9,157.7,idle,268.16,16.9,0
2024-01-02 00:23:00,20,Robotic Arm,0.37,30.53,2.42,18.4,150.8,idle,268.56,8.2,0
2024-01-02 00:48:00,20,Robotic Arm,1.0,43.78,5.73,45.6,354.9,normal,268.98,17.8,0
2024-01-02 00:53:00,20,Robotic Arm,0.36,32.12,2.33,20.0,153.7,idle,269.06,12.4,0
2024-01-02 00:56:00,20,Robotic Arm,0.39,33.33,2.59,17.0,150.0,idle,269.11,9.6,0
2024-01-02 01:17:00,20,Robotic Arm,0.4,32.86,2.47,18.5,154.3,idle,269.46,9.7,0
2024-01-02 01:23:00,20,Robotic Arm,0.45,30.55,2.2,14.9,145.7,idle,269.56,13.5,0
2024-01-02 01:53:00,20,Robotic Arm,0.37,29.5,2.31,14.2,149.2,idle,270.06,8.7,0
2024-01-02 02:10:00,20,Robotic Arm,0.36,28.6,2.43,15.2,146.2,idle,270.35,12.1,0
2024-01-02 02:23:00,20,Robotic Arm,0.37,34.08,2.41,17.2,149.1,idle,270.56,16.2,0
2024-01-02 02:26:00,20,Robotic Arm,1.13,44.57,5.68,43.4,350.9,normal,270.61,16.1,0
2024-01-02 02:52:00,20,Robotic Arm,0.41,34.0,2.28,18.9,152.3,idle,271.05,8.2,0
2024-01-02 03:20:00,20,Robotic Arm,0.45,50.21,2.24,14.5,854.3,idle,271.51,13.7,0
2024-01-02 03:36:00,20,Robotic Arm,1.25,39.26,5.72,37.8,362.5,normal,271.78,15.5,0
2024-01-02 04:03:00,20,Robotic Arm,0.38,34.32,2.27,16.6,147.5,idle,272.23,8.1,0
2024-01-02 04:22:00,20,Robotic Arm,0.35,28.67,2.54,16.2,149.4,idle,272.55,8.3,0
2024-01-02 04:36:00,20,Robotic Arm,0.42,30.95,2.54,17.5,151.5,idle,272.78,11.1,0
2024-01-02 04:48:00,20,Robotic Arm,0.36,31.99,2.36,13.0,146.9,idle,272.98,13.8,0
2024-01-02 05:17:00,20,Robotic Arm,0.43,29.89,2.6,22.3,147.1,idle,273.46,12.2,0
2024-01-02 05:23:00,20,Robotic Arm,0.41,31.65,2.53,14.8,148.7,idle,273.56,14.3,0
2024-01-02 05:28:00,20,Robotic Arm,0.4,28.91,2.44,16.0,854.3,idle,273.65,16.2,0
2024-01-02 05:34:00,20,Robotic Arm,0.45,29.47,2.57,15.5,157.9,idle,273.75,17.2,0
2024-01-02 05:51:00,20,Robotic Arm,0.39,29.34,2.61,18.7,152.1,idle,274.03,13.9,0
2024-01-02 06:21:00,20,Robotic Arm,1.11,38.99,5.72,43.2,352.8,normal,274.53,12.2,0
2024-01-02 06:42:00,20,Robotic Arm,1.14,44.1,5.98,33.9,362.3,normal,274.88,15.8,0
2024-01-02 06:52:00,20,Robotic Arm,1.04,39.0,6.38,59.4,353.8,normal,275.05,11.8,0
2024-01-02 07:15:00,20,Robotic Arm,0.95,47.11,5.85,29.3,355.8,normal,275.43,8.4,0
2024-01-02 07:37:00,20,Robotic Arm,1.02,41.47,5.44,46.0,345.8,normal,275.8,17.3,0
2024-01-02 08:05:00,20,Robotic Arm,0.99,36.8,5.77,33.5,342.3,normal,276.26,8.9,0
2024-01-02 08:10:00,20,Robotic Arm,0.89,37.82,5.5,34.9,362.7,normal,276.35,9.1,0
2024-01-02 08:13:00,20,Robotic Arm,1.64,45.86,8.43,60.2,502.3,peak,276.4,11.5,0
2024-01-02 08:38:00,20,Robotic Arm,1.1,47.06,6.38,61.1,348.0,normal,276.81,8.7,0
2024-01-02 08:52:00,20,Robotic Arm,1.37,36.92,5.82,31.6,362.5,normal,277.05,15.2,0
2024-01-02 09:14:00,20,Robotic Arm,0.48,31.52,2.46,12.4,152.2,idle,277.41,15.0,0
2024-01-02 09:23:00,20,Robotic Arm,1.72,50.21,7.63,53.2,474.3,peak,277.56,11.0,0
2024-01-02 09:25:00,20,Robotic Arm,1.47,36.84,5.92,45.3,361.0,normal,277.6,8.7,0
2024-01-02 09:46:00,20,Robotic Arm,0.98,40.99,5.34,31.8,353.3,normal,277.95,16.9,0
2024-01-02 10:06:00,20,Robotic Arm,0.48,31.23,2.37,14.9,143.3,idle,278.28,13.4,0
2024-01-02 10:12:00,20,Robotic Arm,1.32,38.11,5.99,32.6,360.8,normal,278.38,14.2,0
2024-01-02 10:16:00,20,Robotic Arm,1.34,46.62,5.58,38.5,351.5,normal,278.45,9.9,0
2024-01-02 10:20:00,20,Robotic Arm,1.01,48.1,5.61,46.5,351.9,normal,278.51,17.8,0
2024-01-02 10:50:00,20,Robotic Arm,0.95,46.81,5.3,44.3,344.5,normal,279.01,12.5,0
2024-01-02 11:18:00,20,Robotic Arm,1.3,42.26,5.61,48.2,338.0,normal,279.48,16.7,0
2024-01-02 11:41:00,20,Robotic Arm,1.34,39.39,5.65,48.0,361.3,normal,279.86,13.3,0
2024-01-02 12:04:00,20,Robotic Arm,1.89,55.38,8.34,76.9,480.8,peak,280.25,8.8,0
2024-01-02 12:11:00,20,Robotic Arm,1.2,40.62,5.33,35.9,341.1,normal,280.36,14.6,0
2024-01-02 12:20:00,20,Robotic Arm,1.35,41.37,5.47,46.0,345.2,normal,280.51,16.7,0
2024-01-02 12:46:00,20,Robotic Arm,0.47,34.4,2.61,15.1,142.8,idle,280.95,17.0,0
2024-01-02 13:14:00,20,Robotic Arm,1.25,42.57,6.38,53.5,340.6,normal,281.41,17.3,0
2024-01-02 13:37:00,20,Robotic Arm,0.47,36.01,2.27,17.9,153.5,idle,281.8,10.1,0
2024-01-02 13:55:00,20,Robotic Arm,1.79,56.62,8.52,43.0,484.6,peak,282.1,10.7,0
2024-01-02 14:11:00,20,Robotic Arm,1.51,48.12,6.38,40.9,334.3,normal,282.36,17.0,0
2024-01-02 14:29:00,20,Robotic Arm,0.98,43.03,6.07,35.0,854.3,normal,282.66,16.3,0
2024-01-02 14:37:00,20,Robotic Arm,1.05,46.97,5.59,35.8,344.4,normal,282.8,8.1,0
2024-01-02 15:05:00,20,Robotic Arm,0.43,36.48,2.42,18.9,143.6,idle,283.26,13.3,0
2024-01-02 15:08:00,20,Robotic Arm,1.25,34.16,2.28,17.4,148.0,idle,283.31,12.2,0
2024-01-02 15:33:00,20,Robotic Arm,1.4,46.55,6.07,49.5,337.6,normal,283.73,10.0,0
2024-01-02 15:39:00,20,Robotic Arm,0.49,31.64,2.53,14.0,144.0,idle,283.83,8.6,0
2024-01-02 15:46:00,20,Robotic Arm,1.25,31.94,6.38,14.3,854.3,idle,283.95,17.3,0
2024-01-02 16:01:00,20,Robotic Arm,1.29,38.42,5.5,53.7,337.7,normal,284.2,8.3,0
2024-01-02 16:10:00,20,Robotic Arm,1.73,56.28,7.94,47.9,854.3,peak,284.35,17.2,0
2024-01-02 16:30:00,20,Robotic Arm,1.41,42.42,5.84,48.5,334.1,normal,284.68,11.7,0
2024-01-02 16:55:00,20,Robotic Arm,1.53,42.46,6.0,32.4,335.6,normal,285.1,12.9,0
2024-01-02 17:23:00,20,Robotic Arm,1.21,39.08,5.58,38.4,337.9,normal,285.56,17.9,0
2024-01-02 17:53:00,20,Robotic Arm,1.49,39.12,5.89,37.4,343.6,normal,286.06,8.6,0
2024-01-02 18:06:00,20,Robotic Arm,1.25,37.79,2.55,19.5,147.6,idle,286.28,10.3,0
2024-01-02 18:08:00,20,Robotic Arm,1.09,49.95,5.75,43.0,333.8,normal,286.31,9.5,0
2024-01-02 18:25:00,20,Robotic Arm,1.3,40.75,5.95,33.0,345.6,normal,286.6,8.7,0
2024-01-02 18:41:00,20,Robotic Arm,1.38,50.56,6.14,44.5,355.0,normal,286.86,10.3,0
2024-01-02 19:01:00,20,Robotic Arm,2.1,56.75,7.8,48.1,468.3,peak,287.2,10.6,0
2024-01-02 19:05:00,20,Robotic Arm,0.49,33.78,2.36,14.6,145.6,idle,287.26,14.3,0
2024-01-02 19:33:00,20,Robotic Arm,1.38,47.27,5.4,48.3,329.5,normal,287.73,12.1,0
2024-01-02 20:03:00,20,Robotic Arm,1.64,42.03,6.12,37.6,342.0,normal,288.23,15.1,0
2024-01-02 20:32:00,20,Robotic Arm,1.49,47.27,6.07,35.2,337.4,normal,288.71,11.7,0
2024-01-02 20:41:00,20,Robotic Arm,1.28,40.47,5.63,41.8,340.0,normal,288.86,8.2,0
2024-01-02 20:51:00,20,Robotic Arm,1.47,42.73,5.99,44.9,350.2,normal,289.03,9.6,0
2024-01-02 21:06:00,20,Robotic Arm,0.46,38.5,2.36,16.7,141.9,idle,289.28,13.5,0
2024-01-02 21:28:00,20,Robotic Arm,1.18,45.57,5.54,45.6,351.5,normal,289.65,16.2,0
2024-01-02 21:33:00,20,Robotic Arm,1.25,48.09,5.79,52.2,334.5,normal,289.73,12.6,0
2024-01-02 21:37:00,20,Robotic Arm,0.43,35.51,2.54,15.6,150.6,idle,289.8,16.5,0
2024-01-02 22:05:00,20,Robotic Arm,0.53,37.06,2.7,19.0,148.7,idle,290.26,10.3,0
2024-01-02 22:29:00,20,Robotic Arm,0.46,33.76,2.4,15.6,142.5,idle,290.66,11.2,0
2024-01-02 22:56:00,20,Robotic Arm,0.46,32.73,2.29,15.3,141.6,idle,291.11,9.2,0
2024-01-02 23:08:00,20,Robotic Arm,0.45,39.04,2.35,11.6,150.8,idle,291.31,13.7,0
2024-01-02 23:12:00,20,Robotic Arm,0.46,35.71,2.64,20.2,151.8,idle,291.38,13.5,0
2024-01-02 23:16:00,20,Robotic Arm,0.51,36.51,2.6,19.7,141.4,idle,291.45,17.7,0
2024-01-02 23:45:00,20,Robotic Arm,0.52,38.6,2.36,19.3,141.2,idle,291.93,14.4,0
2024-01-03 00:07:00,20,Robotic Arm,0.43,35.87,2.55,19.8,149.9,idle,292.3,12.8,0
2024-01-03 00:14:00,20,Robotic Arm,0.45,38.84,2.54,19.4,145.1,idle,292.41,13.9,0
2024-01-03 00:28:00,20,Robotic Arm,1.19,43.13,5.89,50.7,328.9,normal,292.65,11.4,0
2024-01-03 00:33:00,20,Robotic Arm,0.49,32.67,2.37,17.2,142.5,idle,292.73,9.2,0
2024-01-03 00:56:00,20,Robotic Arm,1.24,46.44,5.75,49.2,337.6,normal,293.11,8.3,0
2024-01-03 01:17:00,20,Robotic Arm,0.54,32.68,2.64,14.9,150.7,idle,293.46,14.2,0
2024-01-03 01:24:00,20,Robotic Arm,1.69,51.16,6.18,44.1,351.3,normal,293.58,16.1,0
2024-01-03 01:39:00,20,Robotic Arm,0.44,33.47,2.42,13.1,140.6,idle,293.83,14.8,0
2024-01-03 01:47:00,20,Robotic Arm,1.64,43.11,6.21,29.2,327.9,normal,293.96,17.1,0
2024-01-03 02:03:00,20,Robotic Arm,1.56,40.44,6.1,58.5,330.4,normal,294.23,8.9,0
2024-01-03 02:07:00,20,Robotic Arm,0.53,39.22,2.44,15.9,139.5,idle,294.3,17.4,0
2024-01-03 02:19:00,20,Robotic Arm,0.55,36.09,2.41,17.3,141.7,idle,294.5,13.8,0
2024-01-03 02:40:00,20,Robotic Arm,0.54,35.16,2.34,13.2,141.6,idle,294.85,17.1,0
2024-01-03 02:58:00,20,Robotic Arm,0.5,37.42,2.52,16.3,147.5,idle,295.15,11.2,0
2024-01-03 03:08:00,20,Robotic Arm,1.46,48.86,6.18,29.5,346.7,normal,295.31,13.5,1
2024-01-03 03:22:00,20,Robotic Arm,0.49,35.19,2.68,21.0,138.5,idle,295.55,9.9,1
2024-01-03 03:24:00,20,Robotic Arm,0.46,39.61,2.48,14.6,140.5,idle,295.58,12.4,1
2024-01-03 03:50:00,20,Robotic Arm,1.46,52.74,5.58,36.6,336.6,normal,296.01,17.7,1
2024-01-03 04:08:00,20,Robotic Arm,0.47,40.21,2.48,17.0,140.6,idle,296.31,8.6,1
2024-01-03 04:33:00,20,Robotic Arm,0.54,36.56,2.59,18.4,139.2,idle,296.73,13.0,1
2024-01-03 04:41:00,20,Robotic Arm,0.52,50.87,2.54,18.9,143.6,idle,296.86,13.3,1
2024-01-03 05:05:00,20,Robotic Arm,0.44,37.85,2.42,16.9,140.5,idle,297.26,11.0,1
2024-01-03 05:18:00,20,Robotic Arm,0.56,33.58,2.73,11.6,148.2,idle,297.48,16.9,1
2024-01-03 05:24:00,20,Robotic Arm,1.41,45.29,6.3,60.4,338.5,normal,297.58,16.7,1
2024-01-03 05:48:00,20,Robotic Arm,0.56,39.08,2.48,15.7,142.0,idle,297.98,16.5,1
2024-01-03 06:04:00,20,Robotic Arm,2.28,54.32,8.7,64.9,480.7,peak,298.25,10.7,1
2024-01-03 06:11:00,20,Robotic Arm,1.99,59.2,8.79,65.7,854.3,peak,298.36,11.5,1
2024-01-03 06:24:00,20,Robotic Arm,1.5,46.35,5.51,47.1,342.4,normal,298.58,14.1,1
2024-01-03 06:34:00,20,Robotic Arm,1.72,48.56,5.78,46.6,344.0,normal,298.75,8.1,1
2024-01-03 06:53:00,20,Robotic Arm,1.24,42.75,5.59,37.1,334.1,normal,299.06,16.2,1
2024-01-03 07:13:00,20,Robotic Arm,0.54,40.08,2.57,13.5,142.0,idle,299.4,12.4,1
2024-01-03 07:25:00,20,Robotic Arm,0.49,34.12,2.64,14.7,147.2,idle,299.6,9.7,1
2024-01-03 07:35:00,20,Robotic Arm,1.61,53.77,5.53,32.9,322.2,normal,299.76,16.5,1
2024-01-03 08:00:00,20,Robotic Arm,1.77,47.7,6.32,29.4,328.8,normal,300.18,17.4,1
2024-01-03 08:30:00,20,Robotic Arm,2.21,51.7,8.94,48.5,473.7,peak,300.68,13.8,1
2024-01-03 08:35:00,20,Robotic Arm,2.1,50.86,8.81,81.2,481.2,peak,300.76,17.9,1
2024-01-03 08:38:00,20,Robotic Arm,1.35,52.26,5.8,35.3,327.5,normal,300.81,16.9,1
2024-01-03 08:43:00,20,Robotic Arm,1.43,41.52,5.73,45.2,343.0,normal,300.9,9.3,1
2024-01-03 08:46:00,20,Robotic Arm,0.55,36.02,2.5,15.3,144.4,idle,300.95,11.0,1
2024-01-03 09:14:00,20,Robotic Arm,0.55,41.07,2.61,20.4,141.3,idle,301.41,14.2,1
2024-01-03 09:21:00,20,Robotic Arm,2.01,49.61,8.38,51.9,474.4,peak,301.53,10.0,1
2024-01-03 09:49:00,20,Robotic Arm,1.45,50.84,5.62,46.5,343.6,normal,302.0,8.1,1
2024-01-03 09:51:00,20,Robotic Arm,0.46,39.0,2.57,12.6,137.6,idle,302.03,9.8,1
2024-01-03 09:55:00,20,Robotic Arm,0.5,35.13,2.5,19.2,146.0,idle,302.1,13.8,1
2024-01-03 10:20:00,20,Robotic Arm,1.39,52.97,6.28,38.3,336.8,normal,302.51,13.6,1
2024-01-03 10:26:00,20,Robotic Arm,1.33,49.24,5.86,50.1,335.4,normal,302.61,12.7,1
2024-01-03 10:42:00,20,Robotic Arm,1.24,48.12,5.68,44.5,338.5,normal,302.88,17.1,1
2024-01-03 10:48:00,20,Robotic Arm,1.8,47.34,6.19,54.2,342.1,normal,302.98,15.7,1
2024-01-03 10:55:00,20,Robotic Arm,1.81,52.49,6.33,44.9,325.6,normal,303.1,13.9,1
2024-01-03 11:12:00,20,Robotic Arm,1.56,52.09,5.62,48.7,326.4,normal,303.38,8.3,1
2024-01-03 11:37:00,20,Robotic Arm,1.25,51.46,6.11,48.2,331.6,normal,303.8,10.5,1
2024-01-03 11:44:00,20,Robotic Arm,1.15,44.49,6.24,39.2,332.2,normal,303.91,17.5,1
2024-01-03 11:58:00,20,Robotic Arm,1.76,47.58,5.79,46.7,325.2,normal,304.15,17.8,1
2024-01-03 12:06:00,20,Robotic Arm,1.77,50.49,6.1,32.2,330.0,normal,304.28,8.9,1
2024-01-03 12:31:00,20,Robotic Arm,1.43,54.01,5.57,40.9,327.8,normal,304.7,11.1,1
2024-01-03 12:43:00,20,Robotic Arm,1.74,52.85,6.38,34.6,321.9,normal,304.9,17.5,1
2024-01-03 12:48:00,20,Robotic Arm,1.69,52.72,5.88,31.9,320.8,normal,304.98,17.1,1
2024-01-03 13:02:00,20,Robotic Arm,1.64,43.63,6.17,35.7,338.6,normal,305.21,12.2,1
2024-01-03 13:25:00,20,Robotic Arm,0.56,50.21,2.6,14.0,145.7,idle,305.6,14.2,1
2024-01-03 13:40:00,20,Robotic Arm,1.28,43.41,6.4,39.8,338.6,normal,305.85,13.2,1
2024-01-03 13:51:00,20,Robotic Arm,1.84,48.31,6.33,46.7,324.8,normal,306.03,9.3,1
2024-01-03 14:20:00,20,Robotic Arm,0.52,35.59,2.44,14.1,140.8,idle,306.51,15.6,1
2024-01-03 14:41:00,20,Robotic Arm,1.62,50.41,5.77,55.2,318.7,normal,306.86,12.8,1
2024-01-03 15:02:00,20,Robotic Arm,2.06,52.91,8.61,48.3,472.7,peak,307.21,13.4,1
2024-01-03 15:14:00,20,Robotic Arm,2.15,61.93,8.83,63.2,464.2,peak,307.41,17.9,1
2024-01-03 15:18:00,20,Robotic Arm,1.58,55.21,5.69,43.6,316.3,normal,307.48,17.1,1
2024-01-03 15:34:00,20,Robotic Arm,1.92,50.79,5.67,52.3,338.9,normal,307.75,17.6,1
2024-01-03 15:38:00,20,Robotic Arm,0.5,37.53,2.58,16.2,136.9,idle,307.81,16.3,1
2024-01-03 15:41:00,20,Robotic Arm,0.59,38.02,2.37,22.5,140.7,idle,307.86,16.4,1
2024-01-03 16:09:00,20,Robotic Arm,1.54,51.47,6.16,48.4,322.8,normal,308.33,11.9,1
2024-01-03 16:31:00,20,Robotic Arm,0.57,41.93,2.76,17.2,136.9,idle,308.7,15.4,1
2024-01-03 16:51:00,20,Robotic Arm,1.24,54.01,5.75,48.6,335.7,normal,309.03,16.7,1
2024-01-03 16:59:00,20,Robotic Arm,1.78,48.54,6.2,38.5,338.9,normal,309.16,10.3,1
2024-01-03 17:26:00,20,Robotic Arm,0.63,42.58,2.65,13.6,141.9,idle,309.61,14.0,1
2024-01-03 17:46:00,20,Robotic Arm,1.51,48.19,5.64,44.8,336.3,normal,309.95,17.6,1
2024-01-03 18:02:00,20,Robotic Arm,1.45,55.82,5.74,43.6,329.6,normal,310.21,11.8,1
2024-01-03 18:07:00,20,Robotic Arm,0.56,42.86,2.63,22.4,136.4,idle,310.3,8.6,1
2024-01-03 18:22:00,20,Robotic Arm,0.49,37.66,2.81,46.0,144.7,idle,310.55,11.6,1
2024-01-03 18:38:00,20,Robotic Arm,1.74,45.24,5.73,55.4,337.9,normal,310.81,9.6,1
2024-01-03 19:05:00,20,Robotic Arm,1.3,49.85,6.29,44.1,322.9,normal,311.26,8.7,1
2024-01-03 19:09:00,20,Robotic Arm,0.57,37.11,2.67,19.8,141.7,idle,311.33,9.2,1
2024-01-03 19:39:00,20,Robotic Arm,1.25,36.49,2.73,20.4,140.5,idle,311.83,8.2,1
2024-01-03 19:55:00,20,Robotic Arm,1.92,50.77,5.86,41.8,324.4,normal,312.1,16.0,1
2024-01-03 20:15:00,20,Robotic Arm,1.74,48.14,6.37,37.1,325.8,normal,312.43,13.5,1
2024-01-03 20:32:00,20,Robotic Arm,1.82,44.7,6.42,47.7,319.8,normal,312.71,15.3,1
2024-01-03 21:01:00,20,Robotic Arm,1.29,49.85,5.95,41.2,315.2,normal,313.2,11.2,1
2024-01-03 21:07:00,20,Robotic Arm,1.34,44.58,5.84,43.4,312.5,normal,313.3,9.1,1
2024-01-03 21:35:00,20,Robotic Arm,1.99,49.07,6.45,29.7,331.2,normal,313.76,10.5,1
2024-01-03 21:45:00,20,Robotic Arm,1.78,45.99,6.06,47.1,320.9,normal,313.93,16.5,1
2024-01-03 22:02:00,20,Robotic Arm,0.55,41.26,2.72,17.9,132.7,idle,314.21,15.0,1
2024-01-03 22:27:00,20,Robotic Arm,0.61,37.92,2.78,22.3,144.2,idle,314.63,15.6,1
2024-01-03 22:46:00,20,Robotic Arm,0.52,40.48,2.62,14.5,145.0,idle,314.95,17.7,1
2024-01-03 23:07:00,20,Robotic Arm,0.51,41.72,2.42,21.3,143.3,idle,315.3,10.1,1
2024-01-03 23:11:00,20,Robotic Arm,0.6,43.13,2.69,21.4,142.5,idle,315.36,16.9,1
2024-01-03 23:26:00,20,Robotic Arm,0.61,42.44,2.65,16.4,138.0,idle,315.61,17.1,1
2024-01-03 23:38:00,20,Robotic Arm,0.53,42.52,2.73,11.6,135.0,idle,315.81,17.1,1
2024-01-03 23:42:00,20,Robotic Arm,1.44,51.99,6.17,29.0,320.4,normal,315.88,13.9,1
2024-01-04 00:00:00,20,Robotic Arm,0.51,38.45,2.44,15.1,132.3,idle,316.18,12.8,1
2024-01-04 00:08:00,20,Robotic Arm,0.66,41.76,2.75,18.5,144.3,idle,316.31,16.0,1
2024-01-04 00:23:00,20,Robotic Arm,0.63,39.62,2.46,14.0,138.8,idle,316.56,14.3,1
2024-01-04 00:38:00,20,Robotic Arm,0.59,44.06,2.72,21.8,140.9,idle,316.81,16.1,1
2024-01-04 00:53:00,20,Robotic Arm,1.25,50.21,2.79,46.0,854.3,idle,317.06,15.7,1
2024-01-04 00:57:00,20,Robotic Arm,0.56,38.71,2.71,46.0,137.4,idle,317.13,9.3,1
2024-01-04 01:14:00,20,Robotic Arm,0.64,43.57,2.67,14.1,131.9,idle,317.41,14.7,1
2024-01-04 01:30:00,20,Robotic Arm,0.62,42.64,2.51,21.1,134.1,idle,317.68,15.4,1
2024-01-04 01:56:00,20,Robotic Arm,1.25,38.78,2.81,14.0,139.0,idle,318.11,12.0,1
2024-01-04 02:20:00,20,Robotic Arm,1.43,55.92,6.56,46.0,312.1,normal,318.51,11.1,1
2024-01-04 02:34:00,20,Robotic Arm,0.6,44.59,2.76,16.7,142.5,idle,318.75,17.7,1
2024-01-04 02:48:00,20,Robotic Arm,0.63,39.22,2.8,12.8,136.7,idle,318.98,17.1,1
2024-01-04 12:04:21,20,Robotic Arm,1.13,47.53,5.21,45.5,362.9,normal,0.0,10.0,0
2024-01-04 12:29:21,20,Robotic Arm,0.9,47.56,5.6,45.1,352.8,normal,0.42,12.1,0
2024-01-04 12:50:21,20,Robotic Arm,1.02,42.41,5.91,44.4,359.6,normal,0.77,8.8,0
2024-01-04 13:00:21,20,Robotic Arm,0.38,29.64,2.45,14.9,151.7,idle,0.93,8.1,0
2024-01-04 13:19:21,20,Robotic Arm,0.99,44.17,5.63,39.0,356.8,normal,1.25,16.8,0
2024-01-04 13:41:21,20,Robotic Arm,1.18,38.78,5.46,46.0,343.4,normal,1.62,13.9,0
2024-01-04 14:06:21,20,Robotic Arm,1.38,37.78,5.39,41.9,368.4,normal,2.03,8.0,0
2024-01-04 14:14:21,20,Robotic Arm,1.34,44.71,5.84,43.2,367.1,normal,2.17,16.4,0
2024-01-04 14:37:21,20,Robotic Arm,0.36,31.79,2.53,17.4,157.2,idle,2.55,12.3,0
2024-01-04 14:46:21,20,Robotic Arm,0.94,35.5,5.65,45.0,356.7,normal,2.7,8.2,0
2024-01-04 15:11:21,20,Robotic Arm,0.39,33.06,2.57,17.4,147.6,idle,3.12,10.9,0
2024-01-04 15:17:21,20,Robotic Arm,1.66,51.76,7.7,59.4,506.7,peak,3.22,15.2,0
2024-01-04 15:19:21,20,Robotic Arm,1.52,44.66,8.22,58.1,483.7,peak,3.25,12.8,0
2024-01-04 15:29:21,20,Robotic Arm,0.42,29.46,2.24,17.8,158.7,idle,3.42,17.4,0
2024-01-04 15:36:21,20,Robotic Arm,1.11,37.91,5.67,44.4,368.1,normal,3.53,8.6,0
2024-01-04 16:06:21,20,Robotic Arm,0.45,30.4,2.49,19.2,154.6,idle,4.03,10.0,0
2024-01-04 16:22:21,20,Robotic Arm,0.44,31.65,2.44,14.6,150.7,idle,4.3,14.0,0
2024-01-04 16:32:21,20,Robotic Arm,0.35,50.21,2.36,19.4,146.6,idle,4.47,13.3,0
2024-01-04 17:01:21,20,Robotic Arm,0.35,30.63,2.59,19.8,155.2,idle,4.95,16.0,0
2024-01-04 17:09:21,20,Robotic Arm,0.38,31.36,2.59,18.8,155.0,idle,5.08,12.7,0
2024-01-04 17:36:21,20,Robotic Arm,1.36,50.21,5.44,43.6,348.0,normal,5.53,15.5,0
2024-01-04 17:50:21,20,Robotic Arm,1.16,47.5,5.6,43.1,348.5,normal,5.77,15.4,0
2024-01-04 18:05:21,20,Robotic Arm,0.97,36.43,5.73,43.7,355.4,normal,6.02,11.1,0
2024-01-04 18:18:21,20,Robotic Arm,1.37,43.34,5.49,40.6,354.3,normal,6.23,13.0,0
2024-01-04 18:30:21,20,Robotic Arm,0.38,30.37,2.48,15.7,145.2,idle,6.43,10.9,0
2024-01-04 18:32:21,20,Robotic Arm,1.04,47.12,5.73,43.2,353.2,normal,6.47,13.0,0
2024-01-04 18:42:21,20,Robotic Arm,0.43,28.87,2.32,17.4,155.0,idle,6.63,11.2,0
2024-01-04 19:11:21,20,Robotic Arm,0.38,33.64,2.33,14.2,152.6,idle,7.12,16.4,0
2024-01-04 19:24:21,20,Robotic Arm,1.8,46.43,7.83,59.9,486.9,peak,7.33,8.2,0
2024-01-04 19:36:21,20,Robotic Arm,1.18,40.76,5.54,45.0,345.2,normal,7.53,12.1,0
2024-01-04 19:47:21,20,Robotic Arm,1.4,42.53,5.37,46.0,362.0,normal,7.72,14.3,0
2024-01-04 20:16:21,20,Robotic Arm,0.37,33.94,2.51,46.0,145.9,idle,8.2,9.8,0
2024-01-04 20:27:21,20,Robotic Arm,1.16,44.96,5.4,45.8,354.2,normal,8.38,9.2,0
2024-01-04 20:41:21,20,Robotic Arm,1.07,40.79,5.56,45.8,367.1,normal,8.62,16.5,0
2024-01-04 21:05:21,20,Robotic Arm,0.42,30.9,2.28,14.5,152.6,idle,9.02,16.6,0
2024-01-04 21:31:21,20,Robotic Arm,1.36,42.01,5.42,42.5,361.2,normal,9.45,11.7,0
2024-01-04 21:56:21,20,Robotic Arm,1.3,42.14,5.71,44.3,352.4,normal,9.87,13.9,0
2024-01-04 22:00:21,20,Robotic Arm,0.38,35.45,2.44,16.1,147.9,idle,9.93,16.4,0
2024-01-04 22:03:21,20,Robotic Arm,0.45,32.15,2.54,15.8,147.4,idle,9.98,9.8,0
2024-01-04 22:09:21,20,Robotic Arm,0.4,36.74,2.59,15.7,149.1,idle,10.08,14.8,0
2024-01-04 22:21:21,20,Robotic Arm,1.2,42.84,6.05,43.5,362.3,normal,10.28,12.2,0
2024-01-04 22:51:21,20,Robotic Arm,0.39,35.44,2.44,14.6,149.0,idle,10.78,9.6,0
2024-01-04 23:05:21,20,Robotic Arm,1.25,33.07,6.38,46.0,854.3,idle,11.02,10.3,0
2024-01-04 23:15:21,20,Robotic Arm,0.99,44.54,5.8,38.4,340.9,normal,11.18,15.3,0
2024-01-04 23:20:21,20,Robotic Arm,1.24,42.6,5.66,46.0,347.1,normal,11.27,15.9,0
2024-01-04 23:43:21,20,Robotic Arm,0.37,33.26,2.33,19.0,145.9,idle,11.65,11.0,0
2024-01-05 00:06:21,20,Robotic Arm,0.37,37.5,2.55,19.7,152.0,idle,12.03,13.4,0
2024-01-05 00:30:21,20,Robotic Arm,1.26,43.55,6.38,43.8,339.1,normal,12.43,11.6,0
2024-01-05 00:55:21,20,Robotic Arm,0.38,36.65,2.42,17.3,145.3,idle,12.85,13.6,0
2024-01-05 01:00:21,20,Robotic Arm,0.4,38.25,2.6,16.9,149.6,idle,12.93,14.1,0
2024-01-05 01:23:21,20,Robotic Arm,1.1,47.97,5.62,41.4,353.4,normal,13.32,16.2,0
2024-01-05 01:28:21,20,Robotic Arm,0.44,38.75,2.44,19.1,154.3,idle,13.4,16.5,0
2024-01-05 01:37:21,20,Robotic Arm,0.36,37.37,2.64,14.0,149.4,idle,13.55,11.8,0
2024-01-05 01:53:21,20,Robotic Arm,0.47,39.54,2.64,19.0,146.5,idle,13.82,12.8,0
2024-01-05 01:57:21,20,Robotic Arm,0.42,39.88,2.66,14.3,142.8,idle,13.88,9.7,0
2024-01-05 02:15:21,20,Robotic Arm,0.43,35.74,2.42,15.9,155.9,idle,14.18,12.9,0
2024-01-05 02:38:21,20,Robotic Arm,0.4,50.21,2.53,15.0,147.3,idle,14.57,11.1,0
2024-01-05 02:55:21,20,Robotic Arm,0.43,35.42,2.61,15.5,153.0,idle,14.85,13.4,0
2024-01-05 03:15:21,20,Robotic Arm,0.46,36.97,2.76,18.0,151.8,idle,15.18,8.6,0
2024-01-05 03:45:21,20,Robotic Arm,0.42,35.81,2.76,19.8,153.4,idle,15.68,10.5,0
2024-01-05 04:04:21,20,Robotic Arm,0.42,35.65,2.41,17.0,145.4,idle,16.0,17.2,0
2024-01-05 04:10:21,20,Robotic Arm,0.46,38.33,2.76,18.4,147.5,idle,16.1,13.2,0
2024-01-05 04:37:21,20,Robotic Arm,0.44,41.63,2.62,15.9,146.2,idle,16.55,11.2,0
2024-01-05 05:01:21,20,Robotic Arm,0.44,50.21,2.59,18.2,143.2,idle,16.95,12.8,0
2024-01-05 05:12:21,20,Robotic Arm,0.44,40.42,2.57,17.8,143.8,idle,17.13,8.3,0
2024-01-05 05:20:21,20,Robotic Arm,1.17,53.1,5.81,38.9,349.5,normal,17.27,14.0,0
2024-01-05 05:45:21,20,Robotic Arm,0.41,39.1,2.78,15.0,151.4,idle,17.68,15.1,0
2024-01-05 05:51:21,20,Robotic Arm,0.43,36.08,2.47,17.0,143.4,idle,17.78,14.6,0
2024-01-05 06:19:21,20,Robotic Arm,1.12,52.1,6.42,42.4,343.0,normal,18.25,17.5,0
2024-01-05 06:27:21,20,Robotic Arm,1.25,45.4,6.21,46.1,354.0,normal,18.38,15.2,0
2024-01-05 06:38:21,20,Robotic Arm,1.03,54.46,6.46,45.6,351.6,normal,18.57,16.6,0
2024-01-05 06:53:21,20,Robotic Arm,1.17,56.13,6.33,40.6,328.5,normal,18.82,9.8,0
2024-01-05 07:16:21,20,Robotic Arm,1.02,53.48,6.48,38.9,346.1,normal,19.2,13.6,0
2024-01-05 07:28:21,20,Robotic Arm,1.13,51.57,6.48,42.3,332.4,normal,19.4,15.8,0
2024-01-05 07:54:21,20,Robotic Arm,0.98,57.23,6.42,46.0,331.5,normal,19.83,16.7,0
2024-01-05 08:15:21,20,Robotic Arm,1.33,50.0,6.32,43.6,330.7,normal,20.18,9.5,0
2024-01-05 08:34:21,20,Robotic Arm,1.18,50.21,6.17,42.8,354.3,normal,20.5,11.0,0
2024-01-05 08:38:21,20,Robotic Arm,0.49,40.25,2.77,15.4,153.2,idle,20.57,15.2,0
2024-01-05 09:00:21,20,Robotic Arm,1.17,52.64,6.13,39.6,329.8,normal,20.93,8.9,0
2024-01-05 09:03:21,20,Robotic Arm,1.49,52.26,6.67,42.0,338.9,normal,20.98,11.8,0
2024-01-05 09:07:21,20,Robotic Arm,0.4,38.86,2.8,46.0,150.0,idle,21.05,11.4,0
2024-01-05 09:36:21,20,Robotic Arm,0.43,44.96,6.38,18.9,149.8,idle,21.53,15.2,0
2024-01-05 09:52:21,20,Robotic Arm,1.86,64.0,9.37,57.1,484.6,peak,21.8,14.9,0
2024-01-05 10:15:21,20,Robotic Arm,0.47,44.18,2.49,17.7,142.3,idle,22.18,14.5,0
2024-01-05 10:19:21,20,Robotic Arm,0.47,44.19,2.52,16.0,151.0,idle,22.25,11.1,0
2024-01-05 10:32:21,20,Robotic Arm,1.23,52.76,6.04,39.8,325.6,normal,22.47,13.2,0
2024-01-05 10:49:21,20,Robotic Arm,0.98,48.65,5.89,48.0,335.8,normal,22.75,15.3,0
2024-01-05 11:07:21,20,Robotic Arm,1.78,61.22,9.47,61.6,464.3,peak,23.05,8.2,0
2024-01-05 11:36:21,20,Robotic Arm,1.39,48.76,6.69,45.3,349.3,normal,23.53,15.1,0
2024-01-05 11:46:21,20,Robotic Arm,1.94,59.44,6.38,46.0,472.1,peak,23.7,14.9,0
2024-01-05 11:52:21,20,Robotic Arm,1.36,49.31,6.41,38.5,334.0,normal,23.8,11.4,0
2024-01-05 12:22:21,20,Robotic Arm,1.33,55.66,6.29,38.9,340.0,normal,24.3,15.4,0
2024-01-05 12:40:21,20,Robotic Arm,1.7,57.77,9.51,59.4,491.6,peak,24.6,16.3,0
2024-01-05 13:05:21,20,Robotic Arm,0.48,43.87,2.57,16.6,138.8,idle,25.02,10.8,0
2024-01-05 13:10:21,20,Robotic Arm,0.47,41.83,2.97,16.3,137.3,idle,25.1,12.9,0
2024-01-05 13:38:21,20,Robotic Arm,0.48,43.89,2.85,19.2,137.5,idle,25.57,9.1,0
2024-01-05 13:44:21,20,Robotic Arm,0.96,50.34,6.22,43.2,347.5,normal,25.67,8.8,0
2024-01-05 13:54:21,20,Robotic Arm,1.28,59.79,6.19,46.9,340.3,normal,25.83,12.1,0
2024-01-05 14:03:21,20,Robotic Arm,1.53,60.09,6.8,38.7,339.0,normal,25.98,13.0,0
2024-01-05 14:10:21,20,Robotic Arm,1.14,52.18,6.44,46.7,322.4,normal,26.1,11.7,0
2024-01-05 14:29:21,20,Robotic Arm,1.52,60.2,6.29,41.4,321.0,normal,26.42,17.9,0
2024-01-05 14:49:21,20,Robotic Arm,0.47,43.49,2.7,16.4,141.8,idle,26.75,15.4,0
2024-01-05 15:15:21,20,Robotic Arm,1.45,56.04,6.11,44.0,327.3,normal,27.18,14.0,0
2024-01-05 15:27:21,20,Robotic Arm,0.43,44.2,2.62,15.5,148.2,idle,27.38,17.3,0
2024-01-05 15:56:21,20,Robotic Arm,1.5,62.39,6.13,47.0,328.1,normal,27.87,16.7,0
2024-01-05 16:22:21,20,Robotic Arm,1.37,58.48,6.28,39.7,323.5,normal,28.3,16.2,0
2024-01-05 16:35:21,20,Robotic Arm,1.13,55.38,6.55,41.6,333.8,normal,28.52,13.2,0
2024-01-05 16:46:21,20,Robotic Arm,1.07,62.83,6.92,38.5,330.0,normal,28.7,17.6,0
2024-01-05 17:16:21,20,Robotic Arm,0.49,46.55,2.81,20.0,145.6,idle,29.2,9.5,0
2024-01-05 17:38:21,20,Robotic Arm,1.14,58.69,6.93,46.0,318.3,normal,29.57,17.3,0
2024-01-05 17:57:21,20,Robotic Arm,1.18,63.04,6.63,44.0,317.0,normal,29.88,8.9,0
2024-01-05 18:00:21,20,Robotic Arm,0.42,50.1,6.38,14.7,146.1,idle,29.93,14.0,0
2024-01-05 18:15:21,20,Robotic Arm,1.3,55.04,6.34,39.7,327.2,normal,30.18,14.9,0
2024-01-05 18:35:21,20,Robotic Arm,0.5,47.61,2.94,14.9,135.3,idle,30.52,15.3,0
2024-01-05 19:05:21,20,Robotic Arm,0.45,46.55,2.73,15.6,135.0,idle,31.02,12.3,0
2024-01-05 19:13:21,20,Robotic Arm,1.48,59.55,6.64,41.3,314.5,normal,31.15,11.2,0
2024-01-05 19:18:21,20,Robotic Arm,1.53,62.46,6.94,39.7,854.3,normal,31.23,15.7,1
2024-01-05 19:35:21,20,Robotic Arm,1.03,59.73,6.87,48.0,328.6,normal,31.52,14.3,1
2024-01-05 19:58:21,20,Robotic Arm,1.19,61.88,6.9,38.2,317.1,normal,31.9,16.0,1
2024-01-05 20:19:21,20,Robotic Arm,1.42,54.37,7.06,47.1,318.9,normal,32.25,14.1,1
2024-01-05 20:45:21,20,Robotic Arm,1.31,57.71,6.82,44.2,313.2,normal,32.68,8.5,1
2024-01-05 21:01:21,20,Robotic Arm,0.51,49.39,2.77,14.2,147.0,idle,32.95,11.3,1
2024-01-05 21:14:21,20,Robotic Arm,1.48,59.9,7.17,42.6,331.3,normal,33.17,16.9,1
2024-01-05 21:20:21,20,Robotic Arm,2.08,70.22,9.42,64.3,441.6,peak,33.27,9.9,1
2024-01-05 21:37:21,20,Robotic Arm,1.58,66.76,6.43,38.6,335.0,normal,33.55,16.9,1
2024-01-05 22:02:21,20,Robotic Arm,0.41,53.18,2.86,14.1,141.7,idle,33.97,11.4,1
2024-01-05 22:29:21,20,Robotic Arm,0.44,48.94,2.97,14.2,138.0,idle,34.42,16.3,1
2024-01-05 22:49:21,20,Robotic Arm,0.48,53.2,2.96,14.4,143.0,idle,34.75,14.0,1
2024-01-05 23:17:21,20,Robotic Arm,0.46,50.21,2.85,18.0,135.0,idle,35.22,11.1,1
2024-01-05 23:30:21,20,Robotic Arm,1.1,52.97,3.04,46.0,139.1,idle,35.43,16.5,1
2024-01-05 23:44:21,20,Robotic Arm,0.51,51.16,3.16,19.2,139.1,idle,35.67,16.4,1
2024-01-06 00:09:21,20,Robotic Arm,0.41,55.55,2.8,17.2,141.1,idle,36.08,15.3,1
2024-01-06 00:18:21,20,Robotic Arm,0.43,50.21,3.04,18.0,133.9,idle,36.23,16.5,1
2024-01-06 00:36:21,20,Robotic Arm,0.45,51.54,2.81,17.4,132.7,idle,36.53,8.3,1
2024-01-06 00:38:21,20,Robotic Arm,0.45,54.78,2.85,15.2,133.6,idle,36.57,9.6,1
2024-01-06 00:55:21,20,Robotic Arm,1.41,62.55,6.71,40.0,335.4,normal,36.85,12.2,1
2024-01-06 01:14:21,20,Robotic Arm,0.43,55.09,3.21,16.7,137.9,idle,37.17,17.2,1
2024-01-06 01:39:21,20,Robotic Arm,0.52,50.29,2.86,18.3,138.2,idle,37.58,17.4,1
2024-01-06 01:42:21,20,Robotic Arm,0.54,51.7,3.2,20.0,131.2,idle,37.63,17.8,1
2024-01-06 01:44:21,20,Robotic Arm,0.45,57.12,3.21,14.6,134.7,idle,37.67,9.6,1
2024-01-06 02:05:21,20,Robotic Arm,0.49,52.23,2.97,15.5,135.1,idle,38.02,13.0,1
2024-01-06 02:16:21,20,Robotic Arm,0.45,50.21,3.16,17.3,134.3,idle,38.2,13.3,1
2024-01-06 02:21:21,20,Robotic Arm,0.5,56.53,3.1,18.8,137.0,idle,38.28,14.3,1
2024-01-06 02:29:21,20,Robotic Arm,1.25,55.1,3.13,14.7,139.4,idle,38.42,17.9,1
2024-01-06 02:33:21,20,Robotic Arm,0.42,51.99,3.13,18.1,137.5,idle,38.48,16.8,1
2024-01-06 02:36:21,20,Robotic Arm,0.5,56.62,3.19,19.3,142.8,idle,38.53,14.3,1
2024-01-06 03:04:21,20,Robotic Arm,0.49,50.21,2.78,19.6,133.2,idle,39.0,14.3,1
2024-01-06 03:34:21,20,Robotic Arm,0.52,53.35,2.96,15.2,140.8,idle,39.5,14.5,1
2024-01-06 04:02:21,20,Robotic Arm,0.47,58.66,3.21,17.4,140.7,idle,39.97,10.8,1
2024-01-06 04:13:21,20,Robotic Arm,0.52,58.48,6.38,18.8,132.5,idle,40.15,8.6,1
2024-01-06 04:27:21,20,Robotic Arm,1.63,61.67,6.82,42.9,327.7,normal,40.38,17.6,1
2024-01-06 04:47:21,20,Robotic Arm,0.44,52.89,3.21,19.0,135.9,idle,40.72,17.0,1
2024-01-06 05:05:21,20,Robotic Arm,0.5,53.6,3.13,14.1,133.7,idle,41.02,10.1,1
2024-01-06 05:27:21,20,Robotic Arm,0.42,54.86,2.84,19.6,141.3,idle,41.38,17.3,1
2024-01-06 05:50:21,20,Robotic Arm,0.45,59.66,3.3,15.3,138.3,idle,41.77,8.6,1
2024-01-06 05:56:21,20,Robotic Arm,0.45,58.08,2.88,19.2,140.3,idle,41.87,10.7,1
2024-01-06 06:18:21,20,Robotic Arm,1.15,66.3,6.98,39.2,303.1,normal,42.23,17.4,1
2024-01-06 06:46:21,20,Robotic Arm,1.25,73.12,7.66,42.3,309.9,normal,42.7,15.1,1
2024-01-06 06:59:21,20,Robotic Arm,1.25,70.26,7.02,46.3,311.6,normal,42.92,15.5,1
2024-01-06 07:19:21,20,Robotic Arm,1.09,62.9,7.57,45.7,312.2,normal,43.25,9.0,1
2024-01-06 07:25:21,20,Robotic Arm,1.72,64.24,6.38,43.3,316.3,normal,43.35,16.7,1
2024-01-06 07:41:21,20,Robotic Arm,1.33,69.08,7.71,42.6,327.7,normal,43.62,12.1,1
2024-01-06 08:02:21,20,Robotic Arm,1.69,71.01,7.53,45.2,323.8,normal,43.97,8.6,1
2024-01-06 08:32:21,20,Robotic Arm,0.53,60.25,3.32,16.6,134.7,idle,44.47,10.8,1
2024-01-06 08:36:21,20,Robotic Arm,1.65,50.21,6.38,44.7,304.2,normal,44.53,9.2,1
2024-01-06 09:00:21,20,Robotic Arm,1.34,72.02,7.6,44.9,304.0,normal,44.93,17.4,1
2024-01-06 09:05:21,20,Robotic Arm,0.53,56.53,3.41,14.9,135.7,idle,45.02,15.9,1
2024-01-06 09:32:21,20,Robotic Arm,1.59,63.04,7.63,40.2,304.1,normal,45.47,11.4,1
2024-01-06 09:58:21,20,Robotic Arm,0.45,57.59,3.23,20.0,134.9,idle,45.9,16.6,1
2024-01-06 10:26:21,20,Robotic Arm,1.47,68.65,6.94,45.3,300.4,normal,46.37,14.0,1
2024-01-06 10:41:21,20,Robotic Arm,1.56,74.63,7.15,45.8,322.1,normal,46.62,13.9,1
2024-01-06 10:58:21,20,Robotic Arm,1.45,69.53,7.51,46.0,314.0,normal,46.9,14.2,1
2024-01-06 11:11:21,20,Robotic Arm,1.45,69.41,6.96,39.5,311.0,normal,47.12,8.9,1
2024-01-06 11:33:21,20,Robotic Arm,0.51,58.66,3.3,17.1,135.5,idle,47.48,13.4,1
2024-01-06 11:51:21,20,Robotic Arm,2.08,77.19,10.45,56.7,422.1,peak,47.78,12.3,1
2024-01-06 12:12:21,20,Robotic Arm,1.66,71.94,8.04,46.4,299.5,normal,48.13,9.4,1
2024-01-06 12:35:21,20,Robotic Arm,0.55,63.59,3.5,19.3,130.9,idle,48.52,16.7,1
2024-01-06 13:01:21,20,Robotic Arm,1.51,73.77,8.02,39.7,307.1,normal,48.95,11.1,1
2024-01-06 13:26:21,20,Robotic Arm,1.48,65.86,7.19,44.5,307.4,normal,49.37,14.1,1
2024-01-06 13:32:21,20,Robotic Arm,1.25,68.31,7.85,43.0,302.5,normal,49.47,12.1,1
2024-01-06 13:58:21,20,Robotic Arm,1.32,76.08,7.46,41.9,308.0,normal,49.9,12.3,1
2024-01-06 14:03:21,20,Robotic Arm,1.12,75.6,7.15,46.9,308.6,normal,49.98,15.8,1
2024-01-06 14:14:21,20,Robotic Arm,1.74,71.59,8.14,44.1,297.5,normal,50.17,15.4,1
2024-01-06 14:18:21,20,Robotic Arm,1.47,50.21,6.38,44.7,854.3,normal,50.23,16.4,1
2024-01-06 14:27:21,20,Robotic Arm,1.19,76.43,7.37,46.5,310.0,normal,50.38,15.1,1
2024-01-06 14:39:21,20,Robotic Arm,1.46,71.8,8.13,44.2,295.9,normal,50.58,10.5,1
2024-01-06 14:52:21,20,Robotic Arm,1.36,68.43,7.9,40.5,294.0,normal,50.8,9.4,1
2024-01-06 15:09:21,20,Robotic Arm,1.78,73.17,7.14,42.5,300.4,normal,51.08,14.2,1
2024-01-06 15:26:21,20,Robotic Arm,1.6,67.34,6.38,41.5,303.3,normal,51.37,8.8,1
2024-01-06 15:37:21,20,Robotic Arm,0.51,62.84,3.23,16.9,136.9,idle,51.55,11.8,1
2024-01-06 16:05:21,20,Robotic Arm,0.51,63.72,3.05,14.9,134.4,idle,52.02,12.9,1
2024-01-06 16:11:21,20,Robotic Arm,1.77,72.78,8.21,41.3,316.8,normal,52.12,16.9,1
2024-01-06 16:19:21,20,Robotic Arm,1.53,68.25,7.24,46.0,300.0,normal,52.25,15.6,1
2024-01-06 16:44:21,20,Robotic Arm,1.1,69.21,7.75,40.3,311.0,normal,52.67,14.3,1
2024-01-06 17:11:21,20,Robotic Arm,1.72,73.22,7.97,45.2,303.3,normal,53.12,10.7,1
2024-01-06 17:41:21,20,Robotic Arm,0.49,67.18,6.38,14.5,125.5,idle,53.62,15.7,1
2024-01-06 18:06:21,20,Robotic Arm,1.32,73.06,7.58,39.0,301.0,normal,54.03,13.8,1
2024-01-06 18:31:21,20,Robotic Arm,1.45,80.96,8.28,41.3,314.3,normal,54.45,15.3,1
2024-01-06 18:35:21,20,Robotic Arm,1.44,80.47,7.27,38.8,300.5,normal,54.52,8.8,1
2024-01-06 18:59:21,20,Robotic Arm,1.39,75.84,7.56,43.8,308.1,normal,54.92,16.6,1
2024-01-06 23:55:09,20,Robotic Arm,0.38,37.15,3.51,19.3,146.0,idle,0.0,14.9,1
2024-01-07 00:17:09,20,Robotic Arm,0.45,34.55,3.97,18.4,134.7,idle,0.37,17.6,1
2024-01-07 00:23:09,20,Robotic Arm,0.44,37.73,3.76,17.2,134.2,idle,0.47,16.3,1
2024-01-07 00:43:09,20,Robotic Arm,1.03,52.58,9.0,43.7,328.3,normal,0.8,10.2,1
2024-01-07 00:50:09,20,Robotic Arm,0.41,35.74,3.48,19.6,142.1,idle,0.92,11.1,1
2024-01-07 01:12:09,20,Robotic Arm,0.41,38.53,3.95,18.2,136.8,idle,1.28,16.7,1
2024-01-07 01:21:09,20,Robotic Arm,0.4,34.31,3.67,19.6,135.6,idle,1.43,17.0,1
2024-01-07 01:38:09,20,Robotic Arm,0.43,49.01,3.96,17.7,137.2,idle,1.72,10.8,1
2024-01-07 01:58:09,20,Robotic Arm,0.39,38.07,3.78,19.9,139.1,idle,2.05,15.1,1
2024-01-07 02:04:09,20,Robotic Arm,0.4,39.61,6.38,14.6,144.0,idle,2.15,10.0,1
2024-01-07 02:21:09,20,Robotic Arm,0.41,37.5,3.84,19.4,134.7,idle,2.43,15.8,1
2024-01-07 02:43:09,20,Robotic Arm,0.38,37.97,3.87,19.8,133.8,idle,2.8,12.4,1
2024-01-07 02:54:09,20,Robotic Arm,0.42,38.8,3.83,19.7,133.6,idle,2.98,10.4,1
2024-01-07 02:59:09,20,Robotic Arm,0.39,38.13,3.88,16.8,142.4,idle,3.07,17.1,1
2024-01-07 03:22:09,20,Robotic Arm,0.41,35.82,3.62,17.6,143.2,idle,3.45,11.9,1
2024-01-07 03:34:09,20,Robotic Arm,0.38,35.05,4.05,14.1,132.7,idle,3.65,17.5,1
2024-01-07 03:47:09,20,Robotic Arm,0.43,50.21,4.01,17.9,134.6,idle,3.87,13.0,1
2024-01-07 04:07:09,20,Robotic Arm,0.41,34.63,3.59,19.9,132.4,idle,4.2,17.0,1
2024-01-07 04:25:09,20,Robotic Arm,0.4,36.85,3.92,19.7,137.1,idle,4.5,17.1,1
2024-01-07 04:35:09,20,Robotic Arm,0.4,37.53,4.04,15.6,134.0,idle,4.67,14.8,1
2024-01-07 04:45:09,20,Robotic Arm,0.45,37.77,3.98,16.2,142.8,idle,4.83,13.8,1
2024-01-07 05:14:09,20,Robotic Arm,1.16,49.75,8.93,43.7,323.7,normal,5.32,11.3,1
2024-01-07 05:35:09,20,Robotic Arm,0.46,34.96,3.73,15.8,138.3,idle,5.67,16.2,1
2024-01-07 06:01:09,20,Robotic Arm,0.47,39.93,4.15,16.1,135.8,idle,6.1,16.4,1
2024-01-07 06:31:09,20,Robotic Arm,1.33,52.58,9.8,41.6,324.3,normal,6.6,13.3,1
2024-01-07 06:37:09,20,Robotic Arm,0.45,40.76,4.09,16.6,141.4,idle,6.7,17.2,1
2024-01-07 06:44:09,20,Robotic Arm,1.19,50.21,9.04,38.7,854.3,normal,6.82,16.4,1
2024-01-07 06:49:09,20,Robotic Arm,0.41,50.21,3.67,19.9,141.7,idle,6.9,17.1,1
2024-01-07 07:11:09,20,Robotic Arm,0.45,39.03,3.74,14.9,131.8,idle,7.27,12.2,1
2024-01-07 07:15:09,20,Robotic Arm,0.47,39.54,4.22,17.9,136.1,idle,7.33,13.7,1
2024-01-07 07:43:09,20,Robotic Arm,1.25,38.94,3.69,19.4,142.4,idle,7.8,14.4,1
2024-01-07 08:10:09,20,Robotic Arm,1.38,53.76,9.22,46.4,331.0,normal,8.25,14.0,1
2024-01-07 08:38:09,20,Robotic Arm,1.4,50.21,9.21,41.4,329.7,normal,8.72,17.8,1
2024-01-07 08:53:09,20,Robotic Arm,1.03,42.37,9.6,41.4,324.9,normal,8.97,16.1,1
2024-01-07 09:11:09,20,Robotic Arm,1.52,44.69,9.21,44.0,322.9,normal,9.27,17.9,1
2024-01-07 09:27:09,20,Robotic Arm,1.52,48.35,9.1,46.8,323.8,normal,9.53,16.5,1
2024-01-07 09:48:09,20,Robotic Arm,1.29,53.21,8.93,42.5,328.3,normal,9.88,14.6,1
2024-01-07 10:05:09,20,Robotic Arm,0.98,49.47,9.27,43.7,306.8,normal,10.17,8.1,1
2024-01-07 10:23:09,20,Robotic Arm,1.25,48.72,8.96,40.3,307.6,normal,10.47,10.7,1
2024-01-07 10:52:09,20,Robotic Arm,1.79,52.84,13.75,60.6,428.8,peak,10.95,13.6,1
2024-01-07 10:55:09,20,Robotic Arm,1.45,44.08,10.07,43.4,309.6,normal,11.0,11.8,1
2024-01-07 11:07:09,20,Robotic Arm,1.4,50.58,9.83,41.1,314.1,normal,11.2,14.6,1
2024-01-07 11:36:09,20,Robotic Arm,1.24,47.08,9.48,46.4,328.7,normal,11.68,10.5,1
2024-01-07 11:42:09,20,Robotic Arm,1.21,53.53,6.38,42.9,320.5,normal,11.78,16.8,1
2024-01-07 11:51:09,20,Robotic Arm,1.66,57.67,13.4,46.0,451.1,peak,11.93,17.8,1
2024-01-07 12:01:09,20,Robotic Arm,1.25,54.66,4.33,16.5,139.5,idle,12.1,13.7,1
2024-01-07 12:21:09,20,Robotic Arm,0.48,42.0,4.0,17.3,139.5,idle,12.43,12.3,1
2024-01-07 12:45:09,20,Robotic Arm,1.96,50.62,14.44,59.5,456.2,peak,12.83,13.6,1
2024-01-07 12:51:09,20,Robotic Arm,1.38,48.34,10.38,41.7,312.4,normal,12.93,11.0,1
2024-01-07 13:09:09,20,Robotic Arm,1.39,45.97,10.2,46.0,320.9,normal,13.23,12.7,1
2024-01-07 13:15:09,20,Robotic Arm,1.16,48.65,9.9,39.3,311.4,normal,13.33,14.0,1
2024-01-07 13:22:09,20,Robotic Arm,0.4,37.5,4.5,14.3,135.9,idle,13.45,14.2,1
2024-01-07 13:51:09,20,Robotic Arm,1.19,51.34,10.53,42.6,314.4,normal,13.93,12.8,1
2024-01-07 14:12:09,20,Robotic Arm,1.01,54.55,9.75,38.4,314.8,normal,14.28,9.9,1
2024-01-07 14:18:09,20,Robotic Arm,1.44,50.4,6.38,38.2,326.4,normal,14.38,14.1,1
2024-01-07 14:33:09,20,Robotic Arm,1.17,44.6,9.43,44.7,311.9,normal,14.63,17.8,1
2024-01-07 14:39:09,20,Robotic Arm,0.97,43.9,9.85,46.0,304.1,normal,14.73,8.3,1
2024-01-07 14:43:09,20,Robotic Arm,1.0,48.92,10.0,43.1,313.6,normal,14.8,8.4,1
2024-01-07 15:02:09,20,Robotic Arm,1.47,47.94,9.33,38.1,310.7,normal,15.12,12.8,1
2024-01-07 15:20:09,20,Robotic Arm,1.47,52.14,10.13,45.0,304.2,normal,15.42,9.3,1
2024-01-07 15:26:09,20,Robotic Arm,0.42,41.45,3.94,15.8,140.4,idle,15.52,13.1,1
2024-01-07 15:47:09,20,Robotic Arm,1.31,52.48,9.92,39.0,317.4,normal,15.87,8.6,1
2024-01-08 02:51:56,20,Robotic Arm,1.08,36.87,5.92,40.5,350.4,normal,0.0,10.1,0
2024-01-08 02:54:56,20,Robotic Arm,0.97,40.1,5.69,40.1,350.8,normal,0.05,10.3,0
2024-01-08 03:08:56,20,Robotic Arm,0.86,37.07,5.93,44.4,355.1,normal,0.28,17.9,0
2024-01-08 03:22:56,20,Robotic Arm,0.4,32.49,2.28,14.2,151.2,idle,0.52,17.1,0
2024-01-08 03:45:56,20,Robotic Arm,0.44,31.57,2.55,14.8,149.1,idle,0.9,12.8,0
2024-01-08 04:07:56,20,Robotic Arm,0.41,28.16,2.26,14.7,152.8,idle,1.27,12.4,0
2024-01-08 04:35:56,20,Robotic Arm,0.44,28.02,2.22,18.0,150.5,idle,1.73,12.8,0
2024-01-08 04:41:56,20,Robotic Arm,0.44,31.77,2.22,14.0,151.6,idle,1.83,8.4,0
2024-01-08 04:56:56,20,Robotic Arm,0.39,31.37,2.37,17.6,854.3,idle,2.08,9.2,0
2024-01-08 05:16:56,20,Robotic Arm,1.27,41.88,5.62,47.8,368.2,normal,2.42,13.8,0
2024-01-08 05:39:56,20,Robotic Arm,0.37,32.45,2.32,15.2,159.1,idle,2.8,11.7,0
2024-01-08 05:42:56,20,Robotic Arm,0.36,28.19,2.39,17.2,146.6,idle,2.85,9.9,0
2024-01-08 05:54:56,20,Robotic Arm,0.44,28.65,2.49,16.2,148.9,idle,3.05,9.5,0
2024-01-08 06:01:56,20,Robotic Arm,0.97,37.29,5.62,38.5,363.1,normal,3.17,14.2,0
2024-01-08 06:31:56,20,Robotic Arm,0.98,40.64,5.26,42.7,358.8,normal,3.67,12.6,0
2024-01-08 06:34:56,20,Robotic Arm,1.25,53.29,7.8,58.4,486.6,peak,3.72,10.2,0
2024-01-08 06:37:56,20,Robotic Arm,1.34,39.49,5.44,45.2,349.5,normal,3.77,11.8,0
2024-01-08 06:58:56,20,Robotic Arm,1.1,48.0,5.59,42.6,363.9,normal,4.12,10.3,0
2024-01-08 07:09:56,20,Robotic Arm,1.25,50.21,5.76,46.0,359.5,normal,4.3,10.7,0
2024-01-08 07:38:56,20,Robotic Arm,1.14,41.0,5.58,42.7,368.2,normal,4.78,12.9,0
2024-01-08 08:00:56,20,Robotic Arm,1.3,39.22,5.25,44.8,361.9,normal,5.15,13.7,0
2024-01-08 08:20:56,20,Robotic Arm,1.25,50.21,6.38,44.4,343.3,normal,5.48,13.0,0
2024-01-08 08:29:56,20,Robotic Arm,1.28,42.7,5.6,38.4,353.8,normal,5.63,15.6,0
2024-01-08 08:31:56,20,Robotic Arm,1.32,39.84,5.98,45.9,364.7,normal,5.67,16.2,0
2024-01-08 08:49:56,20,Robotic Arm,1.68,45.65,7.9,61.2,515.4,peak,5.97,15.5,0
2024-01-08 09:09:56,20,Robotic Arm,0.42,50.21,2.3,17.8,146.2,idle,6.3,9.7,0
2024-01-08 09:25:56,20,Robotic Arm,1.06,38.26,5.9,44.6,343.6,normal,6.57,10.9,0
2024-01-08 09:50:56,20,Robotic Arm,1.13,45.26,5.29,43.7,362.7,normal,6.98,16.7,0
2024-01-08 10:07:56,20,Robotic Arm,0.37,34.5,2.42,17.8,150.3,idle,7.27,17.5,0
2024-01-08 10:20:56,20,Robotic Arm,1.73,49.78,8.42,59.9,504.3,peak,7.48,16.1,0
2024-01-08 10:48:56,20,Robotic Arm,0.41,32.05,2.49,14.6,154.1,idle,7.95,14.0,0
2024-01-08 10:52:56,20,Robotic Arm,1.08,40.86,5.55,39.1,340.4,normal,8.02,15.6,0
2024-01-08 11:05:56,20,Robotic Arm,0.91,40.66,5.5,39.4,361.7,normal,8.23,17.2,0
2024-01-08 11:07:56,20,Robotic Arm,1.71,53.85,8.35,63.3,512.1,peak,8.27,15.6,0
2024-01-08 11:15:56,20,Robotic Arm,1.33,41.69,5.26,43.7,365.4,normal,8.4,13.8,0
2024-01-08 11:42:56,20,Robotic Arm,0.9,45.66,5.31,38.3,361.1,normal,8.85,10.0,0
2024-01-08 12:07:56,20,Robotic Arm,1.2,46.42,5.73,40.6,367.6,normal,9.27,12.1,0
2024-01-08 12:30:56,20,Robotic Arm,1.35,47.25,5.79,46.7,347.2,normal,9.65,17.6,0
2024-01-08 12:47:56,20,Robotic Arm,1.17,38.48,5.46,46.3,361.3,normal,9.93,10.0,0
2024-01-08 13:16:56,20,Robotic Arm,1.36,45.17,5.43,46.8,342.3,normal,10.42,16.8,0
2024-01-08 13:21:56,20,Robotic Arm,0.36,29.91,2.52,19.6,154.7,idle,10.5,11.4,0
2024-01-08 13:39:56,20,Robotic Arm,0.44,32.2,2.57,16.6,159.6,idle,10.8,14.3,0
2024-01-08 13:47:56,20,Robotic Arm,0.97,38.01,5.4,46.0,355.2,normal,10.93,15.1,0
2024-01-08 14:08:56,20,Robotic Arm,1.15,45.12,5.44,47.1,365.0,normal,11.28,16.2,0
2024-01-08 14:26:56,20,Robotic Arm,0.42,34.87,2.21,19.9,148.5,idle,11.58,12.3,0
2024-01-08 14:36:56,20,Robotic Arm,0.87,40.83,5.75,41.0,353.4,normal,11.75,14.3,0
2024-01-08 14:38:56,20,Robotic Arm,0.98,35.02,5.92,41.6,344.4,normal,11.78,14.8,0
2024-01-08 14:56:56,20,Robotic Arm,1.06,35.18,5.26,43.6,346.8,normal,12.08,10.4,0
2024-01-08 15:02:56,20,Robotic Arm,0.42,31.17,2.23,17.2,154.5,idle,12.18,14.9,0
2024-01-08 15:07:56,20,Robotic Arm,1.67,45.32,7.53,59.2,506.4,peak,12.27,12.4,0
2024-01-08 15:19:56,20,Robotic Arm,0.89,46.92,5.47,41.5,350.0,normal,12.47,17.4,0
2024-01-08 15:22:56,20,Robotic Arm,0.44,34.62,2.56,18.7,148.9,idle,12.52,10.9,0
2024-01-08 15:38:56,20,Robotic Arm,1.72,45.79,7.88,56.4,501.1,peak,12.78,8.7,0
2024-01-08 16:05:56,20,Robotic Arm,1.29,43.82,5.5,44.7,359.0,normal,13.23,8.1,0
2024-01-08 16:28:56,20,Robotic Arm,1.15,38.48,5.22,38.4,368.6,normal,13.62,14.2,0
2024-01-08 16:52:56,20,Robotic Arm,1.33,38.08,6.38,41.0,357.2,normal,14.02,16.5,0
2024-01-08 17:01:56,20,Robotic Arm,0.86,46.6,5.82,43.3,366.0,normal,14.17,9.2,0
2024-01-08 17:27:56,20,Robotic Arm,1.15,36.15,5.65,42.8,360.8,normal,14.6,13.6,0
2024-01-08 17:43:56,20,Robotic Arm,1.6,46.68,8.44,64.2,516.0,peak,14.87,15.8,0
2024-01-08 17:59:56,20,Robotic Arm,1.08,44.74,5.95,47.7,347.3,normal,15.13,16.0,0
2024-01-08 18:18:56,20,Robotic Arm,0.37,31.49,2.55,17.2,156.9,idle,15.45,15.4,0
2024-01-08 18:37:56,20,Robotic Arm,1.64,51.77,7.77,63.2,511.9,peak,15.77,11.0,0
2024-01-08 19:05:56,20,Robotic Arm,0.97,46.34,5.29,45.7,365.5,normal,16.23,17.0,0
2024-01-08 19:30:56,20,Robotic Arm,1.31,38.17,5.26,38.3,340.7,normal,16.65,14.9,0
2024-01-08 19:35:56,20,Robotic Arm,1.13,37.6,5.9,39.6,360.1,normal,16.73,12.6,0
2024-01-08 19:56:56,20,Robotic Arm,1.35,47.54,5.89,40.0,355.9,normal,17.08,9.2,0
2024-01-08 20:11:56,20,Robotic Arm,0.95,42.77,5.39,46.0,356.6,normal,17.33,16.7,0
2024-01-08 20:29:56,20,Robotic Arm,0.36,30.48,2.34,17.5,153.6,idle,17.63,13.5,0
2024-01-08 20:35:56,20,Robotic Arm,1.25,46.25,5.71,46.0,357.1,normal,17.73,14.0,0
2024-01-08 20:50:56,20,Robotic Arm,0.39,30.66,2.28,19.0,157.6,idle,17.98,12.8,0
2024-01-08 21:01:56,20,Robotic Arm,0.91,45.81,5.86,44.0,362.4,normal,18.17,10.8,0
2024-01-08 21:23:56,20,Robotic Arm,1.36,41.31,5.82,47.6,351.4,normal,18.53,17.3,0
2024-01-08 21:50:56,20,Robotic Arm,1.1,43.51,5.6,40.6,358.3,normal,18.98,16.5,0
2024-01-08 21:59:56,20,Robotic Arm,1.27,35.07,5.36,47.9,365.8,normal,19.13,10.1,0
2024-01-08 22:27:56,20,Robotic Arm,1.4,43.32,5.6,38.3,350.3,normal,19.6,10.4,0
2024-01-08 22:41:56,20,Robotic Arm,0.39,28.93,6.38,15.3,151.6,idle,19.83,13.8,0
2024-01-08 22:44:56,20,Robotic Arm,0.41,32.67,2.42,14.2,158.8,idle,19.88,9.4,0
2024-01-08 23:12:56,20,Robotic Arm,0.43,32.22,2.54,19.2,148.4,idle,20.35,14.4,0
2024-01-08 23:41:56,20,Robotic Arm,0.38,28.49,2.42,18.3,146.7,idle,20.83,14.6,0
2024-01-09 00:04:56,20,Robotic Arm,0.4,33.7,2.47,17.4,152.9,idle,21.22,15.3,0
2024-01-09 00:17:56,20,Robotic Arm,1.05,40.68,5.43,44.7,359.3,normal,21.43,10.0,0
2024-01-09 00:34:56,20,Robotic Arm,0.37,29.88,2.59,14.6,155.4,idle,21.72,11.7,0
2024-01-09 00:55:56,20,Robotic Arm,0.4,28.55,2.22,18.8,154.3,idle,22.07,8.1,0
2024-01-09 01:08:56,20,Robotic Arm,0.35,30.02,2.3,17.4,148.6,idle,22.28,9.7,0
2024-01-09 01:10:56,20,Robotic Arm,1.29,38.1,5.56,46.0,342.1,normal,22.32,17.1,0
2024-01-09 01:32:56,20,Robotic Arm,1.06,40.31,5.32,46.9,351.2,normal,22.68,8.3,0
2024-01-09 01:51:56,20,Robotic Arm,0.43,32.08,2.2,18.1,151.1,idle,23.0,14.8,0
2024-01-09 02:19:56,20,Robotic Arm,0.42,32.83,2.5,18.1,145.3,idle,23.47,12.2,0
2024-01-09 02:46:56,20,Robotic Arm,0.45,31.24,2.56,15.0,150.4,idle,23.92,17.4,0
2024-01-09 02:54:56,20,Robotic Arm,1.25,34.13,2.52,15.7,155.6,idle,24.05,13.0,0
2024-01-09 03:20:56,20,Robotic Arm,0.37,32.7,2.59,16.1,152.3,idle,24.48,13.0,0
2024-01-09 03:48:56,20,Robotic Arm,0.39,28.7,2.58,16.3,159.4,idle,24.95,15.9,0
2024-01-09 03:54:56,20,Robotic Arm,0.42,29.55,2.44,14.6,147.9,idle,25.05,10.8,0
2024-01-09 04:19:56,20,Robotic Arm,0.36,28.45,2.45,15.6,156.4,idle,25.47,9.5,0
2024-01-09 04:32:56,20,Robotic Arm,0.38,34.09,2.38,16.1,145.6,idle,25.68,12.9,0
2024-01-09 05:02:56,20,Robotic Arm,0.42,34.83,2.3,17.9,155.1,idle,26.18,14.6,0
2024-01-09 05:31:56,20,Robotic Arm,0.39,30.4,2.22,19.7,152.7,idle,26.67,9.9,0
2024-01-09 05:58:56,20,Robotic Arm,0.38,34.17,2.26,18.2,146.8,idle,27.12,14.8,0
2024-01-09 06:00:56,20,Robotic Arm,0.42,32.22,2.43,17.4,151.6,idle,27.15,8.5,0
2024-01-09 06:24:56,20,Robotic Arm,1.34,35.48,5.9,42.2,349.9,normal,27.55,9.8,0
2024-01-09 06:50:56,20,Robotic Arm,0.41,29.52,2.38,17.8,150.6,idle,27.98,12.0,0
2024-01-09 07:20:56,20,Robotic Arm,0.38,32.13,2.45,15.9,154.7,idle,28.48,17.9,0
2024-01-09 07:31:56,20,Robotic Arm,1.75,43.47,8.44,55.7,501.0,peak,28.67,16.6,0
2024-01-09 07:56:56,20,Robotic Arm,1.35,38.32,5.76,38.4,354.4,normal,29.08,10.1,0
2024-01-09 07:59:56,20,Robotic Arm,1.69,50.21,7.68,46.0,497.9,peak,29.13,16.1,0
2024-01-09 08:26:56,20,Robotic Arm,0.95,50.21,5.87,43.5,342.4,normal,29.58,9.6,0
2024-01-09 08:54:56,20,Robotic Arm,1.24,40.85,5.23,45.2,366.6,normal,30.05,12.7,0
2024-01-09 09:11:56,20,Robotic Arm,1.26,47.72,5.33,43.6,342.8,normal,30.33,9.0,0
2024-01-09 09:39:56,20,Robotic Arm,0.45,29.51,2.58,16.8,156.9,idle,30.8,13.1,0
2024-01-09 09:48:56,20,Robotic Arm,1.38,38.03,5.85,46.9,356.6,normal,30.95,10.2,0
2024-01-09 10:01:56,20,Robotic Arm,1.22,40.76,5.54,39.6,360.7,normal,31.17,14.6,0
2024-01-09 10:27:56,20,Robotic Arm,0.37,29.27,2.4,16.8,154.7,idle,31.6,14.7,0
2024-01-09 10:31:56,20,Robotic Arm,0.4,30.21,2.22,17.5,152.3,idle,31.67,14.8,0
2024-01-09 10:49:56,20,Robotic Arm,0.89,44.09,5.4,38.3,340.3,normal,31.97,11.9,0
2024-01-09 11:16:56,20,Robotic Arm,1.25,47.07,5.88,39.0,349.6,normal,32.42,10.7,0
2024-01-09 11:23:56,20,Robotic Arm,1.02,46.08,5.84,47.7,355.6,normal,32.53,11.6,0
2024-01-09 11:38:56,20,Robotic Arm,0.86,46.73,5.23,46.3,355.6,normal,32.78,16.3,0
2024-01-09 11:55:56,20,Robotic Arm,1.38,38.16,5.61,38.1,358.0,normal,33.07,8.7,0
2024-01-09 12:05:56,20,Robotic Arm,0.36,28.46,2.49,15.1,159.7,idle,33.23,12.1,0
2024-01-09 12:34:56,20,Robotic Arm,1.07,41.28,5.45,40.8,366.2,normal,33.72,14.8,0
2024-01-09 12:38:56,20,Robotic Arm,1.34,37.71,5.23,40.8,364.7,normal,33.78,8.8,0
2024-01-09 12:40:56,20,Robotic Arm,1.12,45.25,5.87,46.2,357.5,normal,33.82,9.2,0
2024-01-09 13:09:56,20,Robotic Arm,0.94,43.21,5.44,45.6,346.1,normal,34.3,8.7,0
2024-01-09 13:12:56,20,Robotic Arm,0.41,28.6,2.52,15.9,159.6,idle,34.35,11.9,0
2024-01-09 13:23:56,20,Robotic Arm,1.1,38.34,5.3,47.9,352.0,normal,34.53,17.5,0
2024-01-09 13:30:56,20,Robotic Arm,1.22,39.17,5.38,43.7,351.9,normal,34.65,14.8,0
2024-01-09 13:40:56,20,Robotic Arm,0.4,32.94,2.31,14.9,153.1,idle,34.82,14.9,0
2024-01-09 14:07:56,20,Robotic Arm,0.91,50.21,5.67,40.3,348.1,normal,35.27,11.6,0
2024-01-09 14:21:56,20,Robotic Arm,0.95,46.59,5.45,47.1,340.7,normal,35.5,14.0,0
2024-01-09 14:49:56,20,Robotic Arm,1.07,46.76,5.77,38.6,854.3,normal,35.97,10.5,0
2024-01-09 15:05:56,20,Robotic Arm,0.92,36.84,5.56,46.8,350.9,normal,36.23,9.5,0
2024-01-09 15:30:56,20,Robotic Arm,1.23,37.95,5.52,39.1,344.0,normal,36.65,12.7,0
2024-01-09 15:57:56,20,Robotic Arm,1.25,35.15,5.77,46.6,347.6,normal,37.1,10.3,0
2024-01-09 16:04:56,20,Robotic Arm,1.33,44.52,5.86,45.9,340.1,normal,37.22,9.7,0
2024-01-09 16:29:56,20,Robotic Arm,0.42,31.15,6.38,17.5,154.1,idle,37.63,15.1,0
2024-01-09 16:45:56,20,Robotic Arm,1.4,38.48,5.82,38.5,354.8,normal,37.9,8.2,0
2024-01-09 17:04:56,20,Robotic Arm,1.2,37.69,5.58,42.6,348.4,normal,38.22,11.7,0
2024-01-09 17:33:56,20,Robotic Arm,1.18,43.8,5.27,39.5,368.7,normal,38.7,9.5,0
2024-01-09 17:57:56,20,Robotic Arm,0.35,28.76,2.53,18.9,159.3,idle,39.1,13.0,0
2024-01-09 18:02:56,20,Robotic Arm,1.33,37.81,6.38,40.0,364.7,normal,39.18,15.1,0
2024-01-09 18:20:56,20,Robotic Arm,1.25,41.03,5.6,38.2,361.5,normal,39.48,8.9,0
2024-01-09 18:27:56,20,Robotic Arm,0.94,36.78,5.44,42.9,355.3,normal,39.6,11.7,0
2024-01-09 18:53:56,20,Robotic Arm,1.7,42.85,7.84,57.5,496.1,peak,40.03,18.0,0
2024-01-09 19:03:56,20,Robotic Arm,1.13,46.04,6.38,46.0,363.6,normal,40.2,14.2,0
2024-01-09 19:32:56,20,Robotic Arm,1.07,47.84,5.3,39.4,348.8,normal,40.68,15.5,0
2024-01-09 19:49:56,20,Robotic Arm,0.91,35.07,5.46,38.5,357.5,normal,40.97,8.1,0
2024-01-09 19:54:56,20,Robotic Arm,1.31,37.37,5.68,40.4,355.9,normal,41.05,16.7,0
2024-01-09 20:12:56,20,Robotic Arm,1.66,50.21,8.43,56.8,503.0,peak,41.35,11.1,0
2024-01-09 20:38:56,20,Robotic Arm,0.4,33.63,2.35,18.4,156.6,idle,41.78,9.0,0
2024-01-09 20:45:56,20,Robotic Arm,0.37,32.71,2.37,19.7,159.8,idle,41.9,8.7,0
2024-01-09 20:51:56,20,Robotic Arm,1.24,42.33,5.45,40.6,354.4,normal,42.0,8.5,0
2024-01-09 21:14:56,20,Robotic Arm,0.4,31.82,2.52,19.1,150.3,idle,42.38,8.0,0
2024-01-09 21:38:56,20,Robotic Arm,1.13,44.85,5.9,39.5,362.4,normal,42.78,15.1,0
2024-01-09 21:44:56,20,Robotic Arm,0.44,29.76,2.4,14.0,157.3,idle,42.88,15.8,0
2024-01-09 21:58:56,20,Robotic Arm,3.48,46.88,5.78,41.4,345.4,normal,43.12,17.4,0
2024-01-09 22:27:56,20,Robotic Arm,0.38,29.59,2.24,16.8,148.1,idle,43.6,12.7,0
2024-01-09 22:45:56,20,Robotic Arm,0.36,31.89,2.43,17.1,147.6,idle,43.9,10.8,0
2024-01-09 23:12:56,20,Robotic Arm,0.39,32.92,2.49,17.6,157.5,idle,44.35,12.4,0
2024-01-09 23:21:56,20,Robotic Arm,0.41,28.41,2.51,16.3,148.3,idle,44.5,17.8,0
2024-01-09 23:45:56,20,Robotic Arm,0.35,30.27,2.44,19.1,149.7,idle,44.9,13.4,0
2024-01-09 23:58:56,20,Robotic Arm,0.4,29.1,2.38,15.7,147.2,idle,45.12,11.1,0
2024-01-10 00:00:56,20,Robotic Arm,0.4,34.66,2.44,18.3,148.3,idle,45.15,12.4,0
2024-01-10 00:30:56,20,Robotic Arm,0.39,34.11,2.37,15.8,147.4,idle,45.65,12.9,0
2024-01-10 00:35:56,20,Robotic Arm,0.41,28.5,2.28,15.2,145.6,idle,45.73,12.1,0
2024-01-10 00:53:56,20,Robotic Arm,0.36,30.97,2.2,16.8,159.5,idle,46.03,11.8,0
2024-01-10 01:02:56,20,Robotic Arm,0.4,33.68,2.2,46.0,151.9,idle,46.18,15.1,0
2024-01-10 01:28:56,20,Robotic Arm,0.38,28.03,2.43,18.7,147.6,idle,46.62,11.9,0
2024-01-10 01:33:56,20,Robotic Arm,0.43,34.09,2.5,18.9,155.0,idle,46.7,17.4,0
2024-01-10 01:38:56,20,Robotic Arm,0.43,34.07,2.41,19.0,156.8,idle,46.78,13.3,0
2024-01-10 01:59:56,20,Robotic Arm,0.37,30.01,2.55,16.4,160.0,idle,47.13,13.9,0
2024-01-10 02:07:56,20,Robotic Arm,0.42,28.33,2.35,18.8,150.5,idle,47.27,14.5,0
2024-01-10 02:14:56,20,Robotic Arm,0.39,30.41,2.33,15.2,147.8,idle,47.38,10.5,0
2024-01-10 02:17:56,20,Robotic Arm,0.43,32.31,2.31,18.7,153.9,idle,47.43,12.3,0
2024-01-10 02:19:56,20,Robotic Arm,0.4,32.33,2.32,18.4,148.5,idle,47.47,13.1,0
2024-01-10 02:29:56,20,Robotic Arm,0.41,33.91,2.41,17.0,154.7,idle,47.63,16.1,0
2024-01-10 02:42:56,20,Robotic Arm,0.38,34.92,2.48,16.0,154.5,idle,47.85,12.5,0
2024-01-10 02:50:56,20,Robotic Arm,0.44,33.9,2.58,14.9,149.8,idle,47.98,8.5,0
2024-01-10 03:13:56,20,Robotic Arm,0.44,32.56,6.38,15.5,156.1,idle,48.37,14.1,0
2024-01-10 03:29:56,20,Robotic Arm,1.25,32.56,2.43,18.4,148.1,idle,48.63,10.1,0
2024-01-10 03:51:56,20,Robotic Arm,0.45,31.57,2.53,14.1,147.3,idle,49.0,15.9,0
2024-01-10 03:56:56,20,Robotic Arm,1.25,32.97,2.32,18.7,147.0,idle,49.08,9.6,0
2024-01-10 04:15:56,20,Robotic Arm,1.09,39.15,5.28,45.2,366.3,normal,49.4,17.9,0
2024-01-10 04:35:56,20,Robotic Arm,0.44,29.86,2.59,18.8,148.6,idle,49.73,17.2,0
2024-01-10 04:59:56,20,Robotic Arm,0.44,29.34,2.26,19.3,158.9,idle,50.13,15.7,0
2024-01-10 05:29:56,20,Robotic Arm,0.4,32.57,2.33,18.6,157.6,idle,50.63,14.1,0
2024-01-10 05:37:56,20,Robotic Arm,0.37,32.85,2.55,18.6,156.9,idle,50.77,11.9,0
2024-01-10 05:53:56,20,Robotic Arm,0.37,33.78,2.4,14.1,155.0,idle,51.03,16.4,0
2024-01-10 05:58:56,20,Robotic Arm,1.28,45.16,5.95,38.9,345.6,normal,51.12,15.7,0
2024-01-10 06:16:56,20,Robotic Arm,1.36,44.76,5.53,39.4,365.1,normal,51.42,16.7,0
2024-01-10 06:26:56,20,Robotic Arm,1.02,45.84,5.65,43.4,358.1,normal,51.58,10.4,0
2024-01-10 06:55:56,20,Robotic Arm,1.08,36.43,5.67,42.2,353.8,normal,52.07,8.8,0
2024-01-10 06:57:56,20,Robotic Arm,1.68,43.85,7.74,57.9,495.1,peak,52.1,15.9,0
2024-01-10 07:16:56,20,Robotic Arm,0.9,37.03,5.4,45.0,360.1,normal,52.42,12.5,0
2024-01-10 07:24:56,20,Robotic Arm,0.86,35.92,5.6,42.2,348.8,normal,52.55,14.2,0
2024-01-10 07:50:56,20,Robotic Arm,1.65,44.6,7.64,55.7,482.9,peak,52.98,13.2,0
2024-01-10 08:14:56,20,Robotic Arm,0.96,45.28,5.84,47.1,359.8,normal,53.38,12.6,0
2024-01-10 08:37:56,20,Robotic Arm,1.06,36.67,5.38,42.4,347.5,normal,53.77,13.9,0
2024-01-10 08:40:56,20,Robotic Arm,1.02,47.27,5.51,39.5,350.4,normal,53.82,11.3,0
2024-01-10 09:04:56,20,Robotic Arm,0.35,32.32,2.49,16.4,153.3,idle,54.22,17.2,0
2024-01-10 09:34:56,20,Robotic Arm,0.44,29.44,2.27,15.6,148.3,idle,54.72,17.5,0
2024-01-10 09:56:56,20,Robotic Arm,1.33,35.59,5.27,47.4,351.8,normal,55.08,14.2,0
2024-01-10 10:21:56,20,Robotic Arm,0.4,32.06,2.51,18.3,150.6,idle,55.5,11.7,0
2024-01-10 10:37:56,20,Robotic Arm,0.43,33.23,2.55,15.5,146.4,idle,55.77,16.1,0
2024-01-10 10:44:56,20,Robotic Arm,0.91,42.08,5.41,38.5,365.1,normal,55.88,16.6,0
2024-01-10 10:47:56,20,Robotic Arm,0.44,30.57,2.25,15.5,155.2,idle,55.93,14.9,0
2024-01-10 11:02:56,20,Robotic Arm,0.42,32.91,2.54,19.3,159.8,idle,56.18,16.1,0
2024-01-10 11:27:56,20,Robotic Arm,0.39,34.39,2.46,14.7,153.9,idle,56.6,8.5,0
2024-01-10 11:47:56,20,Robotic Arm,1.06,35.96,5.4,45.1,350.4,normal,56.93,10.2,0
2024-01-10 12:11:56,20,Robotic Arm,0.41,34.36,2.44,19.7,150.2,idle,57.33,10.5,0
2024-01-10 12:30:56,20,Robotic Arm,1.33,47.52,5.61,41.6,350.5,normal,57.65,9.0,0
2024-01-10 12:47:56,20,Robotic Arm,1.08,43.59,5.55,45.6,360.7,normal,57.93,12.5,0
2024-01-10 12:51:56,20,Robotic Arm,1.03,45.48,5.81,44.2,345.6,normal,58.0,15.9,0
2024-01-10 13:01:56,20,Robotic Arm,1.65,47.89,7.52,46.0,508.3,peak,58.17,17.8,0
2024-01-10 13:26:56,20,Robotic Arm,1.05,42.5,5.91,38.4,347.8,normal,58.58,8.7,0
2024-01-10 13:35:56,20,Robotic Arm,1.37,35.2,5.66,43.4,369.4,normal,58.73,17.7,0
2024-01-10 13:40:56,20,Robotic Arm,1.09,47.69,5.21,41.4,348.1,normal,58.82,12.9,0
2024-01-10 13:43:56,20,Robotic Arm,0.36,34.97,2.59,14.9,152.8,idle,58.87,9.9,0
2024-01-10 13:57:56,20,Robotic Arm,0.9,36.61,5.77,46.7,358.1,normal,59.1,8.5,0
2024-01-10 14:12:56,20,Robotic Arm,0.91,45.74,5.89,43.6,352.5,normal,59.35,15.7,0
2024-01-10 14:18:56,20,Robotic Arm,1.07,43.59,6.38,47.1,363.6,normal,59.45,10.6,0
2024-01-10 14:48:56,20,Robotic Arm,1.04,40.24,5.78,44.9,367.6,normal,59.95,17.3,0
2024-01-10 15:16:56,20,Robotic Arm,1.29,47.72,5.38,46.0,369.2,normal,60.42,17.5,0
2024-01-10 15:31:56,20,Robotic Arm,1.35,36.84,5.95,45.6,854.3,normal,60.67,11.6,0
2024-01-10 15:47:56,20,Robotic Arm,1.1,35.84,5.53,40.5,361.6,normal,60.93,9.5,0
2024-01-10 16:07:56,20,Robotic Arm,1.16,47.14,5.7,45.8,364.4,normal,61.27,16.9,0
2024-01-10 16:13:56,20,Robotic Arm,0.89,45.67,5.33,40.2,355.1,normal,61.37,11.5,0
2024-01-10 16:40:56,20,Robotic Arm,1.25,47.4,5.56,46.0,364.6,normal,61.82,14.9,0
2024-01-10 16:56:56,20,Robotic Arm,1.59,52.39,7.75,59.0,516.5,peak,62.08,17.3,0
2024-01-10 17:11:56,20,Robotic Arm,0.4,34.52,2.35,14.5,156.4,idle,62.33,13.1,0
2024-01-10 17:16:56,20,Robotic Arm,0.99,44.73,5.66,47.8,352.8,normal,62.42,16.5,0
2024-01-10 17:18:56,20,Robotic Arm,1.34,44.41,5.32,45.1,359.1,normal,62.45,11.6,0
2024-01-10 17:46:56,20,Robotic Arm,1.39,40.94,5.64,45.1,358.2,normal,62.92,11.2,0
2024-01-10 17:55:56,20,Robotic Arm,1.19,40.87,5.82,38.1,344.7,normal,63.07,14.6,0
2024-01-10 17:57:56,20,Robotic Arm,1.32,47.1,5.79,39.6,357.4,normal,63.1,15.2,0
2024-01-10 18:05:56,20,Robotic Arm,1.0,42.3,5.36,39.4,345.8,normal,63.23,14.0,0
2024-01-10 18:23:56,20,Robotic Arm,1.34,35.75,5.23,39.9,357.0,normal,63.53,16.9,0
2024-01-10 18:39:56,20,Robotic Arm,0.36,31.64,2.49,17.2,156.5,idle,63.8,12.8,0
2024-01-10 19:09:56,20,Robotic Arm,1.14,36.18,5.74,41.3,355.6,normal,64.3,15.2,0
2024-01-10 19:18:56,20,Robotic Arm,1.4,38.57,5.86,43.6,367.5,normal,64.45,14.5,0
2024-01-10 19:25:56,20,Robotic Arm,1.35,44.29,5.44,47.5,365.1,normal,64.57,9.9,0
2024-01-10 19:36:56,20,Robotic Arm,1.38,47.61,5.55,39.0,355.2,normal,64.75,17.0,0
2024-01-10 19:42:56,20,Robotic Arm,0.92,41.38,5.64,43.8,340.3,normal,64.85,9.5,0
2024-01-10 20:02:56,20,Robotic Arm,1.32,40.96,5.77,39.1,362.4,normal,65.18,15.4,0
2024-01-10 20:06:56,20,Robotic Arm,1.09,44.63,5.94,45.3,358.4,normal,65.25,10.0,0
2024-01-10 20:24:56,20,Robotic Arm,1.71,51.62,8.0,63.4,502.2,peak,65.55,14.9,0
2024-01-10 20:29:56,20,Robotic Arm,1.2,40.51,5.96,43.1,346.4,normal,65.63,13.2,0
2024-01-10 20:49:56,20,Robotic Arm,0.38,29.03,2.25,19.6,155.0,idle,65.97,13.4,0
2024-01-10 21:09:56,20,Robotic Arm,0.35,33.69,2.41,14.7,151.8,idle,66.3,16.4,0
2024-01-10 21:34:56,20,Robotic Arm,1.05,39.16,5.57,44.4,356.1,normal,66.72,10.6,0
2024-01-10 21:44:56,20,Robotic Arm,1.01,44.41,5.99,47.7,369.9,normal,66.88,17.4,0
2024-01-10 22:01:56,20,Robotic Arm,0.4,28.3,2.49,18.0,159.5,idle,67.17,8.8,0
2024-01-10 22:29:56,20,Robotic Arm,1.25,34.96,2.23,16.1,156.1,idle,67.63,8.6,0
2024-01-10 22:37:56,20,Robotic Arm,0.41,29.44,2.34,15.0,159.9,idle,67.77,10.6,0
2024-01-10 22:40:56,20,Robotic Arm,1.13,46.27,5.52,40.4,354.6,normal,67.82,13.5,0
2024-01-10 22:58:56,20,Robotic Arm,0.43,34.37,2.28,14.8,147.4,idle,68.12,8.1,0
2024-01-10 23:27:56,20,Robotic Arm,0.38,32.19,2.5,16.2,158.8,idle,68.6,17.6,0
2024-01-10 23:31:56,20,Robotic Arm,0.4,31.42,2.55,14.4,154.1,idle,68.67,16.1,0
2024-01-10 23:50:56,20,Robotic Arm,0.41,30.81,2.37,18.1,153.5,idle,68.98,10.2,0
2024-01-10 23:59:56,20,Robotic Arm,0.42,31.08,2.36,17.1,151.4,idle,69.13,11.3,0
2024-01-11 00:19:56,20,Robotic Arm,1.31,46.34,5.26,38.6,348.7,normal,69.47,8.5,0
2024-01-11 00:34:56,20,Robotic Arm,0.9,42.02,5.22,45.9,359.5,normal,69.72,9.9,0
2024-01-11 00:43:56,20,Robotic Arm,0.37,30.31,2.32,19.5,158.3,idle,69.87,8.3,0
2024-01-11 00:56:56,20,Robotic Arm,1.16,39.73,5.57,43.7,354.8,normal,70.08,15.5,0
2024-01-11 01:16:56,20,Robotic Arm,0.36,31.24,2.57,16.4,155.5,idle,70.42,15.5,0
2024-01-11 01:39:56,20,Robotic Arm,0.45,31.87,2.39,15.6,148.4,idle,70.8,16.7,0
2024-01-11 02:04:56,20,Robotic Arm,0.41,32.73,2.37,14.0,153.4,idle,71.22,10.3,0
2024-01-11 02:12:56,20,Robotic Arm,0.41,28.51,2.24,15.8,154.0,idle,71.35,14.8,0
2024-01-11 02:29:56,20,Robotic Arm,0.37,30.41,2.26,16.0,155.9,idle,71.63,14.6,0
2024-01-11 02:41:56,20,Robotic Arm,0.39,33.72,2.57,15.8,154.3,idle,71.83,8.6,0
2024-01-11 03:09:56,20,Robotic Arm,0.99,42.4,5.3,44.0,345.2,normal,72.3,9.6,0
2024-01-11 03:31:56,20,Robotic Arm,0.39,29.66,2.52,15.1,159.4,idle,72.67,13.9,0
2024-01-11 03:49:56,20,Robotic Arm,0.36,30.9,2.51,14.7,149.7,idle,72.97,11.4,0
2024-01-11 04:14:56,20,Robotic Arm,0.4,33.34,2.51,19.1,149.6,idle,73.38,10.8,0
2024-01-11 04:32:56,20,Robotic Arm,0.35,33.04,2.27,16.3,157.1,idle,73.68,11.2,0
2024-01-11 04:53:56,20,Robotic Arm,0.41,34.11,2.46,16.3,145.5,idle,74.03,11.5,0
2024-01-11 05:08:56,20,Robotic Arm,0.35,29.76,2.46,18.3,150.2,idle,74.28,12.0,0
2024-01-11 05:14:56,20,Robotic Arm,1.25,34.6,2.32,16.1,151.1,idle,74.38,16.8,0
2024-01-11 05:30:56,20,Robotic Arm,0.38,32.53,2.56,16.6,147.7,idle,74.65,8.4,0
2024-01-11 05:39:56,20,Robotic Arm,0.37,33.05,2.49,16.9,156.4,idle,74.8,12.6,0
2024-01-11 05:49:56,20,Robotic Arm,0.4,30.13,2.26,17.1,157.5,idle,74.97,12.8,0
2024-01-11 06:00:56,20,Robotic Arm,0.44,28.42,2.57,15.1,154.1,idle,75.15,13.3,0
2024-01-11 06:22:56,20,Robotic Arm,1.25,44.11,5.62,41.9,342.1,normal,75.52,10.7,0
2024-01-11 06:45:56,20,Robotic Arm,0.86,38.09,5.8,44.2,352.5,normal,75.9,17.7,0
2024-01-11 06:50:56,20,Robotic Arm,1.14,42.68,5.26,41.2,366.4,normal,75.98,14.2,0
2024-01-11 07:20:56,20,Robotic Arm,1.25,36.12,5.42,40.0,351.5,normal,76.48,12.4,0
2024-01-11 07:28:56,20,Robotic Arm,1.39,42.5,5.33,45.9,357.6,normal,76.62,14.6,0
2024-01-11 07:45:56,20,Robotic Arm,0.44,31.4,2.56,19.1,145.9,idle,76.9,13.7,0
2024-01-11 07:54:56,20,Robotic Arm,1.3,36.53,5.29,39.6,367.6,normal,77.05,17.3,0
2024-01-11 08:20:56,20,Robotic Arm,1.12,39.18,5.24,39.2,345.7,normal,77.48,8.4,0
2024-01-11 08:29:56,20,Robotic Arm,0.37,28.56,2.23,15.8,153.2,idle,77.63,10.0,0
2024-01-11 08:45:56,20,Robotic Arm,1.17,38.75,5.26,44.1,359.7,normal,77.9,8.1,0
2024-01-11 08:55:56,20,Robotic Arm,1.23,47.06,5.23,40.1,357.2,normal,78.07,13.9,0
2024-01-11 09:00:56,20,Robotic Arm,0.35,28.35,2.36,17.4,155.2,idle,78.15,13.9,0
2024-01-11 09:16:56,20,Robotic Arm,0.99,43.07,5.5,43.6,360.1,normal,78.42,11.3,0
2024-01-11 09:36:56,20,Robotic Arm,0.38,30.51,2.42,15.4,159.1,idle,78.75,14.7,0
2024-01-11 09:44:56,20,Robotic Arm,1.25,43.17,5.78,40.3,340.2,normal,78.88,13.0,0
2024-01-11 10:09:56,20,Robotic Arm,1.21,47.54,5.73,39.7,365.8,normal,79.3,15.4,0
2024-01-11 10:18:56,20,Robotic Arm,1.67,50.03,8.01,62.3,518.4,peak,79.45,9.7,0
2024-01-11 10:47:56,20,Robotic Arm,1.06,42.55,5.88,46.8,364.7,normal,79.93,11.2,0
2024-01-11 11:04:56,20,Robotic Arm,1.16,47.17,5.34,40.0,346.5,normal,80.22,8.7,0
2024-01-11 11:24:56,20,Robotic Arm,1.07,43.67,5.54,47.5,347.2,normal,80.55,9.5,0
2024-01-11 11:30:56,20,Robotic Arm,1.3,45.17,5.46,42.7,362.9,normal,80.65,10.2,0
2024-01-11 11:54:56,20,Robotic Arm,1.32,43.87,5.94,44.2,352.2,normal,81.05,12.3,0
2024-01-11 12:16:56,20,Robotic Arm,1.69,49.96,8.05,58.1,506.7,peak,81.42,8.7,0
2024-01-11 12:30:56,20,Robotic Arm,1.29,47.46,5.6,45.5,364.1,normal,81.65,8.3,0
2024-01-11 12:47:56,20,Robotic Arm,1.22,39.93,5.77,47.8,358.2,normal,81.93,15.9,0
2024-01-11 12:51:56,20,Robotic Arm,0.42,29.66,2.46,14.2,157.5,idle,82.0,13.8,0
2024-01-11 13:08:56,20,Robotic Arm,0.97,35.85,5.34,42.7,341.3,normal,82.28,10.5,0
2024-01-11 13:23:56,20,Robotic Arm,0.87,41.63,5.65,41.2,340.5,normal,82.53,15.4,0
2024-01-11 13:46:56,20,Robotic Arm,1.1,46.94,5.59,42.5,356.8,normal,82.92,11.5,0
2024-01-11 14:13:56,20,Robotic Arm,0.94,50.21,5.23,38.6,341.7,normal,83.37,11.9,0
2024-01-11 14:31:56,20,Robotic Arm,1.74,46.79,8.14,55.8,510.5,peak,83.67,8.7,0
2024-01-11 14:34:56,20,Robotic Arm,1.6,44.8,8.21,55.6,499.4,peak,83.72,11.5,0
2024-01-11 14:59:56,20,Robotic Arm,0.39,33.19,2.46,19.4,155.9,idle,84.13,8.1,0
2024-01-11 15:08:56,20,Robotic Arm,1.08,37.41,5.56,39.7,343.4,normal,84.28,16.4,0
2024-01-11 15:28:56,20,Robotic Arm,0.88,42.05,5.65,44.5,366.6,normal,84.62,16.2,0
2024-01-11 15:56:56,20,Robotic Arm,0.44,30.39,2.45,16.8,156.3,idle,85.08,10.1,0
2024-01-11 16:19:56,20,Robotic Arm,1.24,37.54,5.34,39.1,343.7,normal,85.47,15.7,0
2024-01-11 16:36:56,20,Robotic Arm,0.37,30.45,2.45,18.5,147.1,idle,85.75,13.8,0
2024-01-11 17:03:56,20,Robotic Arm,0.38,32.14,2.5,18.9,150.8,idle,86.2,10.7,0
2024-01-11 17:17:56,20,Robotic Arm,1.1,43.81,5.42,38.8,353.3,normal,86.43,16.7,0
2024-01-11 17:37:56,20,Robotic Arm,0.45,30.61,2.32,18.9,158.8,idle,86.77,16.4,0
2024-01-11 18:00:56,20,Robotic Arm,1.28,41.81,5.91,43.9,348.9,normal,87.15,12.5,0
2024-01-11 18:11:56,20,Robotic Arm,0.44,32.6,2.25,16.0,154.9,idle,87.33,16.4,0
2024-01-11 18:40:56,20,Robotic Arm,1.31,47.85,5.36,46.0,343.6,normal,87.82,10.3,0
2024-01-11 18:54:56,20,Robotic Arm,1.22,36.39,5.65,43.2,366.8,normal,88.05,15.3,0
2024-01-11 19:14:56,20,Robotic Arm,1.15,44.31,5.89,39.4,343.5,normal,88.38,12.4,0
2024-01-11 19:33:56,20,Robotic Arm,0.36,30.27,2.36,14.2,148.7,idle,88.7,14.5,0
2024-01-11 20:03:56,20,Robotic Arm,0.85,37.48,5.51,45.5,369.9,normal,89.2,9.0,0
2024-01-11 20:10:56,20,Robotic Arm,0.37,32.91,2.34,19.1,150.0,idle,89.32,12.5,0
2024-01-11 20:27:56,20,Robotic Arm,0.38,31.75,2.6,16.1,148.0,idle,89.6,15.0,0
2024-01-11 20:52:56,20,Robotic Arm,1.23,46.62,5.86,46.8,341.0,normal,90.02,12.1,0
2024-01-11 21:22:56,20,Robotic Arm,0.36,33.55,2.37,16.7,151.0,idle,90.52,13.3,0
2024-01-11 21:37:56,20,Robotic Arm,0.94,47.21,5.78,41.2,357.8,normal,90.77,18.0,0
2024-01-11 21:42:56,20,Robotic Arm,1.14,41.2,5.97,42.5,358.4,normal,90.85,8.6,0
2024-01-11 22:08:56,20,Robotic Arm,0.99,39.76,5.66,47.3,369.2,normal,91.28,16.3,0
2024-01-11 22:20:56,20,Robotic Arm,0.43,33.75,2.25,19.4,159.2,idle,91.48,15.9,0
2024-01-11 22:38:56,20,Robotic Arm,0.37,31.55,2.36,18.5,147.3,idle,91.78,15.8,0
2024-01-11 22:44:56,20,Robotic Arm,0.42,33.94,2.25,15.4,146.9,idle,91.88,17.8,0
2024-01-11 22:46:56,20,Robotic Arm,0.43,28.15,2.56,17.2,148.2,idle,91.92,12.5,0
2024-01-11 23:08:56,20,Robotic Arm,0.37,29.08,2.31,14.5,157.0,idle,92.28,11.7,0
2024-01-11 23:15:56,20,Robotic Arm,0.38,28.11,2.52,17.5,145.5,idle,92.4,9.2,0
2024-01-11 23:39:56,20,Robotic Arm,0.97,39.19,5.95,42.3,360.7,normal,92.8,16.8,0
2024-01-12 00:01:56,20,Robotic Arm,0.43,31.66,2.24,19.6,151.8,idle,93.17,11.4,0
2024-01-12 00:22:56,20,Robotic Arm,0.37,33.38,2.55,18.4,151.7,idle,93.52,8.9,0
2024-01-12 00:32:56,20,Robotic Arm,0.45,28.7,2.26,15.7,147.0,idle,93.68,8.6,0
2024-01-12 00:48:56,20,Robotic Arm,0.39,32.17,2.32,14.2,153.4,idle,93.95,12.9,0
2024-01-12 01:07:56,20,Robotic Arm,0.41,34.1,2.24,16.2,148.5,idle,94.27,8.8,0
2024-01-12 01:19:56,20,Robotic Arm,0.36,30.11,2.52,15.4,158.7,idle,94.47,12.9,0
2024-01-12 01:40:56,20,Robotic Arm,0.42,28.67,2.29,14.2,146.7,idle,94.82,8.1,0
2024-01-12 01:56:56,20,Robotic Arm,0.42,29.08,2.32,18.1,154.6,idle,95.08,11.5,0
2024-01-12 01:59:56,20,Robotic Arm,0.44,30.34,2.35,14.6,149.2,idle,95.13,15.6,0
2024-01-12 02:08:56,20,Robotic Arm,0.43,28.97,2.35,19.1,148.3,idle,95.28,14.5,0
2024-01-12 02:37:56,20,Robotic Arm,0.37,28.05,2.57,19.2,147.8,idle,95.77,12.2,0
2024-01-12 03:02:56,20,Robotic Arm,0.43,34.81,2.32,46.0,148.1,idle,96.18,11.5,0
2024-01-12 03:09:56,20,Robotic Arm,0.41,30.29,2.45,18.0,155.8,idle,96.3,8.5,0
2024-01-12 03:15:56,20,Robotic Arm,1.25,28.77,2.31,15.0,151.5,idle,96.4,14.4,0
2024-01-12 03:22:56,20,Robotic Arm,0.39,30.34,2.6,18.6,146.4,idle,96.52,10.8,0
2024-01-12 03:52:56,20,Robotic Arm,1.25,34.03,2.27,16.8,156.6,idle,97.02,10.6,0
2024-01-12 04:10:56,20,Robotic Arm,0.9,45.63,5.29,42.6,368.7,normal,97.32,17.9,0
2024-01-12 04:28:56,20,Robotic Arm,1.13,46.71,5.93,46.0,368.0,normal,97.62,8.5,0
2024-01-12 04:32:56,20,Robotic Arm,0.36,30.43,2.55,17.2,155.7,idle,97.68,12.8,0
2024-01-12 04:43:56,20,Robotic Arm,0.35,32.66,2.54,18.1,159.3,idle,97.87,13.6,0
2024-01-12 04:52:56,20,Robotic Arm,0.42,30.21,2.3,17.8,146.4,idle,98.02,8.5,0
2024-01-12 04:54:56,20,Robotic Arm,0.39,31.05,2.44,15.4,158.9,idle,98.05,16.9,0
2024-01-12 05:18:56,20,Robotic Arm,0.44,32.18,2.47,15.8,148.8,idle,98.45,16.2,0
2024-01-12 05:34:56,20,Robotic Arm,0.38,30.84,2.57,15.8,149.3,idle,98.72,8.6,0
2024-01-12 05:54:56,20,Robotic Arm,0.38,29.64,2.49,16.4,854.3,idle,99.05,11.8,0
2024-01-12 06:05:56,20,Robotic Arm,1.24,43.45,5.52,38.2,366.8,normal,99.23,11.8,0
2024-01-12 06:14:56,20,Robotic Arm,0.91,45.95,5.8,46.3,366.8,normal,99.38,9.3,0
2024-01-12 06:19:56,20,Robotic Arm,0.35,31.06,2.22,15.9,147.1,idle,99.47,17.3,0
2024-01-12 06:21:56,20,Robotic Arm,1.17,43.01,5.65,40.2,347.4,normal,99.5,12.4,0
2024-01-12 06:33:56,20,Robotic Arm,1.59,44.02,7.93,62.0,512.1,peak,99.7,10.1,0
2024-01-12 06:46:56,20,Robotic Arm,0.86,35.59,5.7,42.6,350.3,normal,99.92,14.4,0
2024-01-12 07:16:56,20,Robotic Arm,1.28,41.39,5.67,41.4,348.9,normal,100.42,13.2,0
2024-01-12 07:31:56,20,Robotic Arm,1.37,44.08,5.46,48.0,341.6,normal,100.67,13.2,0
2024-01-12 07:52:56,20,Robotic Arm,1.09,47.75,5.92,42.5,361.4,normal,101.02,13.8,0
2024-01-12 08:09:56,20,Robotic Arm,1.05,41.23,5.72,41.7,363.2,normal,101.3,10.5,0
2024-01-12 08:17:56,20,Robotic Arm,1.04,37.67,5.4,47.0,362.6,normal,101.43,10.5,0
2024-01-12 08:19:56,20,Robotic Arm,1.34,47.09,5.21,39.9,351.8,normal,101.47,9.4,0
2024-01-12 08:37:56,20,Robotic Arm,0.96,35.71,5.94,46.9,345.7,normal,101.77,9.2,0
2024-01-12 08:50:56,20,Robotic Arm,1.12,47.71,5.67,43.4,352.7,normal,101.98,12.7,0
2024-01-12 09:03:56,20,Robotic Arm,2.5,36.49,5.9,40.4,348.1,normal,102.2,16.5,0
2024-01-12 09:06:56,20,Robotic Arm,0.92,40.1,5.7,43.4,854.3,normal,102.25,8.8,0
2024-01-12 09:21:56,20,Robotic Arm,0.4,30.93,2.3,17.9,159.1,idle,102.5,16.1,0
2024-01-12 09:50:56,20,Robotic Arm,0.42,29.26,2.46,14.9,153.2,idle,102.98,9.2,0
2024-01-12 10:06:56,20,Robotic Arm,1.38,47.63,5.91,41.7,361.1,normal,103.25,12.3,0
2024-01-12 10:31:56,20,Robotic Arm,0.94,47.09,5.56,43.7,351.6,normal,103.67,17.9,0
2024-01-12 10:56:56,20,Robotic Arm,1.08,39.87,5.58,46.6,365.4,normal,104.08,8.1,0
2024-01-12 11:03:56,20,Robotic Arm,1.04,36.48,5.56,38.0,362.4,normal,104.2,10.1,0
2024-01-12 11:05:56,20,Robotic Arm,1.5,44.68,7.65,63.7,520.0,peak,104.23,13.3,0
2024-01-12 11:10:56,20,Robotic Arm,0.36,31.98,2.53,16.1,148.8,idle,104.32,12.6,0
2024-01-12 11:13:56,20,Robotic Arm,0.38,30.26,2.3,14.4,158.8,idle,104.37,12.4,0
2024-01-12 11:25:56,20,Robotic Arm,1.77,53.08,8.27,62.5,508.2,peak,104.57,11.3,0
2024-01-12 11:54:56,20,Robotic Arm,1.76,42.71,8.27,63.7,505.9,peak,105.05,17.0,0
2024-01-12 12:13:56,20,Robotic Arm,1.32,38.87,5.49,44.1,344.2,normal,105.37,13.0,0
2024-01-12 12:43:56,20,Robotic Arm,0.96,47.92,5.83,39.1,343.5,normal,105.87,16.0,0
2024-01-12 12:50:56,20,Robotic Arm,1.07,47.97,5.98,42.7,353.3,normal,105.98,16.0,0
2024-01-12 12:58:56,20,Robotic Arm,1.17,43.6,5.41,39.7,364.5,normal,106.12,16.6,0
2024-01-12 13:17:56,20,Robotic Arm,0.39,28.27,2.54,18.4,155.8,idle,106.43,13.2,0
2024-01-12 13:28:56,20,Robotic Arm,1.25,40.38,5.91,41.6,348.0,normal,106.62,13.9,0
2024-01-12 13:43:56,20,Robotic Arm,1.15,41.03,5.23,40.9,351.4,normal,106.87,15.1,0
2024-01-12 13:58:56,20,Robotic Arm,1.29,40.17,6.38,45.4,364.6,normal,107.12,16.1,0
2024-01-12 14:17:56,20,Robotic Arm,1.34,37.54,5.84,39.9,356.5,normal,107.43,16.5,0
2024-01-12 14:28:56,20,Robotic Arm,1.02,41.47,5.37,47.6,360.0,normal,107.62,9.7,0
2024-01-12 14:41:56,20,Robotic Arm,0.38,29.66,2.26,18.7,152.2,idle,107.83,10.3,0
2024-01-12 14:52:56,20,Robotic Arm,0.44,50.21,2.4,16.9,159.7,idle,108.02,17.8,0
2024-01-12 15:22:56,20,Robotic Arm,0.42,31.77,2.43,18.2,158.8,idle,108.52,12.2,0
2024-01-12 15:40:56,20,Robotic Arm,0.89,35.83,5.36,42.4,350.5,normal,108.82,11.5,0
2024-01-12 16:08:56,20,Robotic Arm,0.88,42.78,5.87,38.6,355.7,normal,109.28,9.0,0
2024-01-12 16:34:56,20,Robotic Arm,1.39,35.65,6.38,42.4,345.2,normal,109.72,11.1,0
2024-01-12 16:42:56,20,Robotic Arm,0.41,33.96,2.35,14.1,154.2,idle,109.85,15.9,0
2024-01-12 17:03:56,20,Robotic Arm,1.34,45.31,5.72,45.8,349.7,normal,110.2,17.6,0
2024-01-12 17:30:56,20,Robotic Arm,1.12,40.0,5.23,40.5,354.9,normal,110.65,11.1,0
2024-01-12 17:57:56,20,Robotic Arm,0.41,50.21,6.38,17.6,157.5,idle,111.1,10.3,0
2024-01-12 17:59:56,20,Robotic Arm,0.95,43.16,5.26,42.5,360.9,normal,111.13,11.4,0
2024-01-12 18:09:56,20,Robotic Arm,1.21,38.04,5.29,41.5,358.3,normal,111.3,15.9,0
2024-01-12 18:37:56,20,Robotic Arm,0.9,45.88,5.6,46.6,359.5,normal,111.77,17.0,0
2024-01-12 18:59:56,20,Robotic Arm,0.45,31.44,2.49,16.9,147.5,idle,112.13,16.7,0
2024-01-12 19:08:56,20,Robotic Arm,2.12,38.07,5.66,46.3,344.2,normal,112.28,12.8,0
2024-01-12 19:14:56,20,Robotic Arm,0.44,31.35,2.4,14.2,159.5,idle,112.38,8.0,0
2024-01-12 19:44:56,20,Robotic Arm,0.36,30.03,2.45,17.9,151.4,idle,112.88,9.4,0
2024-01-12 19:51:56,20,Robotic Arm,1.33,39.33,5.32,38.4,344.1,normal,113.0,9.4,0
2024-01-12 20:14:56,20,Robotic Arm,0.45,30.17,2.46,19.8,158.3,idle,113.38,16.9,0
2024-01-12 20:16:56,20,Robotic Arm,0.4,28.59,2.49,14.8,147.2,idle,113.42,9.6,0
2024-01-12 20:44:56,20,Robotic Arm,0.44,32.67,2.57,19.8,151.9,idle,113.88,9.4,0
2024-01-12 21:02:56,20,Robotic Arm,1.7,50.51,7.61,61.2,484.4,peak,114.18,14.1,0
2024-01-12 21:19:56,20,Robotic Arm,0.44,34.5,2.36,46.0,155.5,idle,114.47,14.8,0
2024-01-12 21:42:56,20,Robotic Arm,0.36,29.14,2.55,15.2,156.4,idle,114.85,8.3,0
2024-01-12 22:04:56,20,Robotic Arm,0.41,33.0,2.26,18.8,150.5,idle,115.22,8.6,0
2024-01-12 22:33:56,20,Robotic Arm,0.45,31.03,2.33,14.9,146.1,idle,115.7,8.3,0
2024-01-12 23:01:56,20,Robotic Arm,0.44,28.85,2.55,46.0,154.9,idle,116.17,9.1,0
2024-01-12 23:03:56,20,Robotic Arm,0.43,31.79,2.4,18.7,151.2,idle,116.2,11.9,0
2024-01-12 23:23:56,20,Robotic Arm,0.89,43.2,5.23,44.0,355.3,normal,116.53,14.9,0
2024-01-12 23:40:56,20,Robotic Arm,0.38,30.42,2.38,16.9,151.4,idle,116.82,12.6,0
2024-01-12 23:48:56,20,Robotic Arm,1.07,39.21,5.72,42.1,349.5,normal,116.95,10.4,0
2024-01-13 00:02:56,20,Robotic Arm,0.44,29.27,2.26,18.7,146.7,idle,117.18,14.4,0
2024-01-13 00:19:56,20,Robotic Arm,0.38,30.46,2.31,18.4,148.0,idle,117.47,12.0,0
2024-01-13 00:30:56,20,Robotic Arm,0.42,30.04,2.54,19.3,149.2,idle,117.65,12.4,0
2024-01-13 00:42:56,20,Robotic Arm,0.41,33.68,2.23,17.4,159.7,idle,117.85,16.7,0
2024-01-13 01:05:56,20,Robotic Arm,0.39,33.1,2.52,18.5,159.2,idle,118.23,16.6,0
2024-01-13 01:23:56,20,Robotic Arm,0.43,34.53,2.29,17.6,150.7,idle,118.53,17.4,0
2024-01-13 01:51:56,20,Robotic Arm,0.42,29.06,2.27,14.8,149.0,idle,119.0,15.0,0
2024-01-13 02:00:56,20,Robotic Arm,0.37,33.42,2.43,16.2,148.1,idle,119.15,8.9,0
2024-01-13 02:25:56,20,Robotic Arm,0.43,34.16,2.54,19.6,157.1,idle,119.57,16.3,0
2024-01-13 02:50:56,20,Robotic Arm,0.41,31.01,6.38,14.0,157.5,idle,119.98,17.1,0
2024-01-13 03:16:56,20,Robotic Arm,1.09,46.34,5.46,41.4,340.6,normal,120.42,13.4,0
2024-01-13 03:37:56,20,Robotic Arm,1.25,41.35,5.72,45.5,350.4,normal,120.77,13.8,0
2024-01-13 03:41:56,20,Robotic Arm,0.44,31.19,2.43,17.6,158.2,idle,120.83,13.7,0
2024-01-13 04:00:56,20,Robotic Arm,0.42,30.48,2.48,19.4,157.3,idle,121.15,12.7,0
2024-01-13 04:12:56,20,Robotic Arm,0.35,28.46,2.47,19.9,154.0,idle,121.35,9.3,0
2024-01-13 04:28:56,20,Robotic Arm,0.39,32.07,2.38,15.3,149.2,idle,121.62,14.4,0
2024-01-13 04:45:56,20,Robotic Arm,1.01,42.79,5.87,38.5,355.7,normal,121.9,16.9,0
2024-01-13 04:55:56,20,Robotic Arm,1.14,47.49,5.85,41.9,358.3,normal,122.07,17.2,0
2024-01-13 05:02:56,20,Robotic Arm,1.25,32.69,2.56,17.5,148.3,idle,122.18,10.2,0
2024-01-13 05:16:56,20,Robotic Arm,0.41,29.65,2.25,17.6,149.2,idle,122.42,13.6,0
2024-01-13 05:27:56,20,Robotic Arm,1.2,45.67,5.32,38.6,342.5,normal,122.6,8.7,0
2024-01-13 05:57:56,20,Robotic Arm,0.45,28.62,2.57,19.9,146.1,idle,123.1,12.9,0
2024-01-13 06:19:56,20,Robotic Arm,1.15,44.08,5.23,43.2,352.6,normal,123.47,17.5,0
2024-01-13 06:40:56,20,Robotic Arm,1.13,42.12,5.77,39.2,369.8,normal,123.82,15.2,0
2024-01-13 07:03:56,20,Robotic Arm,1.0,47.74,5.75,44.8,367.7,normal,124.2,15.0,0
2024-01-13 07:18:56,20,Robotic Arm,0.44,29.59,2.48,17.0,152.4,idle,124.45,13.8,0
2024-01-13 07:45:56,20,Robotic Arm,0.86,41.84,5.28,40.7,340.3,normal,124.9,15.1,0
2024-01-13 08:01:56,20,Robotic Arm,1.07,47.03,5.84,38.6,361.4,normal,125.17,13.3,0
2024-01-13 08:22:56,20,Robotic Arm,1.25,45.12,5.73,38.7,359.6,normal,125.52,13.9,0
2024-01-13 08:31:56,20,Robotic Arm,0.97,42.71,5.74,39.1,354.0,normal,125.67,8.3,0
2024-01-13 08:34:56,20,Robotic Arm,1.57,52.5,8.43,60.2,502.2,peak,125.72,13.4,0
2024-01-13 08:47:56,20,Robotic Arm,0.89,40.06,5.32,45.0,368.8,normal,125.93,11.7,0
2024-01-13 09:04:56,20,Robotic Arm,0.43,30.72,2.47,20.0,145.6,idle,126.22,10.9,0
2024-01-13 09:21:56,20,Robotic Arm,0.38,28.55,2.46,19.1,150.4,idle,126.5,16.8,0
2024-01-13 09:51:56,20,Robotic Arm,1.07,38.82,5.65,39.3,345.6,normal,127.0,15.0,0
2024-01-13 10:08:56,20,Robotic Arm,0.89,36.86,5.87,39.8,354.5,normal,127.28,16.2,0
2024-01-13 10:25:56,20,Robotic Arm,1.23,37.45,5.56,40.1,367.4,normal,127.57,16.8,0
2024-01-13 10:27:56,20,Robotic Arm,0.35,32.11,2.55,46.0,148.5,idle,127.6,15.7,0
2024-01-13 10:48:56,20,Robotic Arm,1.15,35.81,5.42,41.9,342.2,normal,127.95,9.4,0
2024-01-13 11:01:56,20,Robotic Arm,0.94,45.96,5.57,47.4,344.7,normal,128.17,16.9,0
2024-01-13 11:10:56,20,Robotic Arm,1.22,44.93,5.82,45.6,345.0,normal,128.32,10.0,0
2024-01-13 11:34:56,20,Robotic Arm,1.1,46.59,5.66,41.7,340.4,normal,128.72,12.4,0
2024-01-13 11:40:56,20,Robotic Arm,1.68,53.63,7.7,65.0,488.4,peak,128.82,16.0,0
2024-01-13 11:43:56,20,Robotic Arm,0.41,31.36,2.51,16.9,150.1,idle,128.87,12.6,0
2024-01-13 11:57:56,20,Robotic Arm,1.79,49.39,7.54,59.4,500.1,peak,129.1,16.2,0
2024-01-13 12:18:56,20,Robotic Arm,0.87,43.88,5.59,39.1,350.1,normal,129.45,16.8,0
2024-01-13 12:42:56,20,Robotic Arm,1.13,46.34,5.57,47.0,362.7,normal,129.85,13.0,0
2024-01-13 12:54:56,20,Robotic Arm,1.21,43.09,6.38,42.4,352.7,normal,130.05,15.0,0
2024-01-13 12:59:56,20,Robotic Arm,1.57,49.26,8.19,57.7,489.2,peak,130.13,12.4,0
2024-01-13 13:12:56,20,Robotic Arm,0.95,35.78,5.93,47.1,344.6,normal,130.35,11.6,0
2024-01-13 13:26:56,20,Robotic Arm,1.3,40.16,5.66,46.0,360.9,normal,130.58,10.6,0
2024-01-13 13:49:56,20,Robotic Arm,1.18,38.37,5.5,41.6,367.9,normal,130.97,10.8,0
2024-01-13 13:55:56,20,Robotic Arm,0.87,45.17,5.56,45.3,349.2,normal,131.07,15.3,0
2024-01-13 14:15:56,20,Robotic Arm,0.9,45.46,5.28,46.1,356.1,normal,131.4,16.3,0
2024-01-13 14:44:56,20,Robotic Arm,1.22,38.46,5.74,46.9,345.4,normal,131.88,10.5,0
2024-01-13 14:58:56,20,Robotic Arm,0.43,32.05,2.29,19.0,148.4,idle,132.12,13.8,0
2024-01-13 15:05:56,20,Robotic Arm,1.33,50.21,5.76,45.3,354.9,normal,132.23,16.8,0
2024-01-13 15:16:56,20,Robotic Arm,1.31,39.81,5.88,43.7,341.3,normal,132.42,13.6,0
2024-01-13 15:18:56,20,Robotic Arm,1.25,45.63,5.41,45.1,353.5,normal,132.45,17.1,0
2024-01-13 15:47:56,20,Robotic Arm,1.02,46.56,5.58,45.5,353.9,normal,132.93,11.1,0
2024-01-13 16:09:56,20,Robotic Arm,0.38,34.44,2.25,17.5,147.9,idle,133.3,17.1,0
2024-01-13 16:30:56,20,Robotic Arm,0.91,36.24,5.81,40.6,357.1,normal,133.65,8.7,0
2024-01-13 16:39:56,20,Robotic Arm,1.12,46.29,5.81,45.0,367.1,normal,133.8,12.9,0
2024-01-13 17:09:56,20,Robotic Arm,1.17,45.56,5.88,46.0,351.3,normal,134.3,11.9,0
2024-01-13 17:26:56,20,Robotic Arm,1.29,41.81,5.47,40.0,854.3,normal,134.58,15.6,0
2024-01-13 17:40:56,20,Robotic Arm,0.38,29.85,2.44,15.5,149.8,idle,134.82,18.0,0
2024-01-13 18:07:56,20,Robotic Arm,1.24,43.75,5.94,46.0,350.2,normal,135.27,11.1,0
2024-01-13 18:31:56,20,Robotic Arm,0.4,31.97,2.36,46.0,145.5,idle,135.67,17.1,0
2024-01-13 18:59:56,20,Robotic Arm,1.21,43.0,5.95,47.0,367.6,normal,136.13,12.6,0
2024-01-13 19:15:56,20,Robotic Arm,1.39,39.26,5.59,39.9,364.4,normal,136.4,12.1,0
2024-01-13 19:28:56,20,Robotic Arm,1.17,50.21,5.25,38.6,342.2,normal,136.62,8.4,0
2024-01-13 19:43:56,20,Robotic Arm,1.24,39.79,5.8,43.2,345.8,normal,136.87,9.3,0
2024-01-13 19:51:56,20,Robotic Arm,0.91,47.05,5.73,44.0,358.4,normal,137.0,16.9,0
2024-01-13 20:14:56,20,Robotic Arm,1.05,36.33,5.9,47.2,354.0,normal,137.38,9.5,0
2024-01-13 20:20:56,20,Robotic Arm,1.08,37.87,5.21,45.0,355.0,normal,137.48,12.5,0
2024-01-13 20:33:56,20,Robotic Arm,1.79,42.57,7.84,64.8,504.8,peak,137.7,13.7,0
2024-01-13 20:47:56,20,Robotic Arm,0.39,29.39,2.23,19.5,151.0,idle,137.93,11.5,0
2024-01-13 20:51:56,20,Robotic Arm,0.44,30.46,2.58,18.9,149.9,idle,138.0,11.0,0
2024-01-13 21:17:56,20,Robotic Arm,1.08,47.26,5.8,46.0,358.8,normal,138.43,10.7,0
2024-01-13 21:46:56,20,Robotic Arm,0.88,46.18,5.82,43.7,360.9,normal,138.92,15.4,0
2024-01-13 22:11:56,20,Robotic Arm,0.37,34.48,2.29,18.0,152.1,idle,139.33,12.0,0
2024-01-13 22:35:56,20,Robotic Arm,0.41,29.44,2.27,16.0,145.4,idle,139.73,12.1,0
2024-01-13 22:44:56,20,Robotic Arm,0.36,30.55,2.44,16.1,146.1,idle,139.88,17.0,0
2024-01-13 22:59:56,20,Robotic Arm,0.43,29.11,2.22,16.1,152.0,idle,140.13,17.6,0
2024-01-13 23:01:56,20,Robotic Arm,0.44,29.74,2.43,15.7,146.8,idle,140.17,17.6,0
2024-01-13 23:22:56,20,Robotic Arm,0.41,33.24,2.42,16.0,159.8,idle,140.52,15.7,0
2024-01-13 23:39:56,20,Robotic Arm,0.35,31.87,2.47,16.5,147.0,idle,140.8,14.4,0
